{
  "basic_batting": {
    "avg": 0.313953488372093,
    "babip": 0.39285714285714285,
    "bb": 3,
    "doubles": 2,
    "h": 27,
    "hr": 5,
    "iso": 0.19767441860465118,
    "k": 25,
    "obp": 0.34444444444444444,
    "ops": 0.8560723514211886,
    "slg": 0.5116279069767442,
    "triples": 0,
    "woba": 0.3741573033707865
  },
  "basic_pitching": null,
  "current_team_id": 111,
  "metrics": {
    "barrel_pct_last_50": 0.08333333333333333,
    "chase_pct_last_50": 0.3626373626373626,
    "contact_pct_last_50": 0.3076923076923077,
    "hard_hit_pct_last_50": 0.5833333333333334,
    "xwoba_last_50": 0.37416
  },
  "name": "Trevor Story",
  "player_id": 596115,
  "player_name": "Trevor Story",
  "recent_unicorns": [],
  "role": "hitter",
  "roles": [
    "hitter"
  ],
  "team_id": 111,
  "team_name": "BOS"
}
