{
  "basic_batting": {
    "avg": 0.3125,
    "babip": 0.38461538461538464,
    "bb": 2,
    "doubles": 2,
    "h": 5,
    "hr": 0,
    "iso": 0.125,
    "k": 3,
    "obp": 0.3888888888888889,
    "ops": 0.8263888888888888,
    "slg": 0.4375,
    "triples": 0,
    "woba": 0.388235294117647
  },
  "basic_pitching": null,
  "current_team_id": 145,
  "metrics": {
    "barrel_pct_last_50": 0.0,
    "chase_pct_last_50": 0.3076923076923077,
    "contact_pct_last_50": 0.48,
    "hard_hit_pct_last_50": 0.25,
    "xwoba_last_50": 0.1856
  },
  "name": "Korey Lee",
  "player_id": 686676,
  "player_name": "Korey Lee",
  "recent_unicorns": [],
  "role": "hitter",
  "roles": [
    "hitter"
  ],
  "team_id": 145,
  "team_name": "CWS"
}
