{
  "basic_batting": {
    "avg": 0.1,
    "babip": 0.16666666666666666,
    "bb": 0,
    "doubles": 1,
    "h": 2,
    "hr": 0,
    "iso": 0.04999999999999999,
    "k": 8,
    "obp": 0.14285714285714285,
    "ops": 0.2928571428571428,
    "slg": 0.15,
    "triples": 0,
    "woba": 0.14523809523809522
  },
  "basic_pitching": null,
  "current_team_id": 115,
  "metrics": {
    "barrel_pct_last_50": 0.0,
    "chase_pct_last_50": 0.32142857142857145,
    "contact_pct_last_50": 0.29545454545454547,
    "hard_hit_pct_last_50": 0.3076923076923077,
    "xwoba_last_50": 0.23726315789473684
  },
  "name": "Adael Amador",
  "player_id": 691182,
  "player_name": "Adael Amador",
  "recent_unicorns": [],
  "role": "hitter",
  "roles": [
    "hitter"
  ],
  "team_id": 115,
  "team_name": "COL"
}
