{
  "basic_batting": null,
  "basic_pitching": null,
  "current_team_id": 142,
  "metrics": {
    "barrel_pct_last_50": 0.043478260869565216,
    "chase_pct_last_50": 0.3898305084745763,
    "contact_pct_last_50": 0.3382352941176471,
    "hard_hit_pct_last_50": 0.43478260869565216,
    "xwoba_last_50": 0.20191666666666666
  },
  "name": "Jose Miranda",
  "player_id": 669304,
  "player_name": "Jose Miranda",
  "recent_unicorns": [],
  "role": "hitter",
  "roles": [
    "hitter"
  ],
  "team_id": 142,
  "team_name": "MIN"
}
