{
  "basic_batting": null,
  "basic_pitching": null,
  "current_team_id": 109,
  "metrics": {
    "barrel_pct_last_50": 0.02631578947368421,
    "chase_pct_last_50": 0.4225352112676056,
    "contact_pct_last_50": 0.40860215053763443,
    "hard_hit_pct_last_50": 0.3684210526315789,
    "xwoba_last_50": 0.3484791666666667
  },
  "name": "Alek Thomas",
  "player_id": 677950,
  "player_name": "Alek Thomas",
  "recent_unicorns": [],
  "role": "hitter",
  "roles": [
    "hitter"
  ],
  "team_id": 109,
  "team_name": "AZ"
}
