{
  "basic_batting": {
    "avg": 0.25,
    "babip": 0.28205128205128205,
    "bb": 7,
    "doubles": 3,
    "h": 13,
    "hr": 2,
    "iso": 0.17307692307692307,
    "k": 11,
    "obp": 0.3389830508474576,
    "ops": 0.7620599739243807,
    "slg": 0.4230769230769231,
    "triples": 0,
    "woba": 0.3516949152542373
  },
  "basic_pitching": null,
  "current_team_id": 113,
  "metrics": {
    "barrel_pct_last_50": 0.0,
    "chase_pct_last_50": 0.3409090909090909,
    "contact_pct_last_50": 0.4444444444444444,
    "hard_hit_pct_last_50": 0.3,
    "xwoba_last_50": 0.27522
  },
  "name": "Jake Fraley",
  "player_id": 641584,
  "player_name": "Jake Fraley",
  "recent_unicorns": [],
  "role": "hitter",
  "roles": [
    "hitter"
  ],
  "team_id": 113,
  "team_name": "CIN"
}
