{
  "basic_batting": {
    "avg": 0.22,
    "babip": 0.2894736842105263,
    "bb": 6,
    "doubles": 4,
    "h": 11,
    "hr": 0,
    "iso": 0.07999999999999999,
    "k": 12,
    "obp": 0.3275862068965517,
    "ops": 0.6275862068965516,
    "slg": 0.3,
    "triples": 0,
    "woba": 0.2964912280701754
  },
  "basic_pitching": null,
  "current_team_id": 142,
  "metrics": {
    "barrel_pct_last_50": 0.05555555555555555,
    "chase_pct_last_50": 0.2708333333333333,
    "contact_pct_last_50": 0.3592233009708738,
    "hard_hit_pct_last_50": 0.4166666666666667,
    "xwoba_last_50": 0.33085714285714285
  },
  "name": "Ryan Jeffers",
  "player_id": 680777,
  "player_name": "Ryan Jeffers",
  "recent_unicorns": [],
  "role": "hitter",
  "roles": [
    "hitter"
  ],
  "team_id": 142,
  "team_name": "MIN"
}
