{
  "basic_batting": {
    "avg": 0.2604166666666667,
    "babip": 0.29411764705882354,
    "bb": 2,
    "doubles": 8,
    "h": 25,
    "hr": 5,
    "iso": 0.2604166666666667,
    "k": 24,
    "obp": 0.2727272727272727,
    "ops": 0.7935606060606061,
    "slg": 0.5208333333333334,
    "triples": 1,
    "woba": 0.35959595959595964
  },
  "basic_pitching": null,
  "current_team_id": 158,
  "metrics": {
    "barrel_pct_last_50": 0.0,
    "chase_pct_last_50": 0.47368421052631576,
    "contact_pct_last_50": 0.4270833333333333,
    "hard_hit_pct_last_50": 0.36585365853658536,
    "xwoba_last_50": 0.26864
  },
  "name": "Jackson Chourio",
  "player_id": 694192,
  "player_name": "Jackson Chourio",
  "recent_unicorns": [],
  "role": "hitter",
  "roles": [
    "hitter"
  ],
  "team_id": 158,
  "team_name": "MIL"
}
