{
  "basic_batting": {
    "avg": 0.21794871794871795,
    "babip": 0.24615384615384617,
    "bb": 4,
    "doubles": 5,
    "h": 17,
    "hr": 1,
    "iso": 0.10256410256410259,
    "k": 13,
    "obp": 0.25301204819277107,
    "ops": 0.5735248687055916,
    "slg": 0.32051282051282054,
    "triples": 0,
    "woba": 0.2632530120481928
  },
  "basic_pitching": null,
  "current_team_id": 108,
  "metrics": {
    "barrel_pct_last_50": 0.024390243902439025,
    "chase_pct_last_50": 0.2987012987012987,
    "contact_pct_last_50": 0.41414141414141414,
    "hard_hit_pct_last_50": 0.1951219512195122,
    "xwoba_last_50": 0.25726
  },
  "name": "Luis Rengifo",
  "player_id": 650859,
  "player_name": "Luis Rengifo",
  "recent_unicorns": [],
  "role": "hitter",
  "roles": [
    "hitter"
  ],
  "team_id": 108,
  "team_name": "LAA"
}
