{
  "basic_batting": null,
  "basic_pitching": null,
  "current_team_id": 137,
  "metrics": {
    "barrel_pct_last_50": 0.02631578947368421,
    "chase_pct_last_50": 0.44594594594594594,
    "contact_pct_last_50": 0.40860215053763443,
    "hard_hit_pct_last_50": 0.34210526315789475,
    "xwoba_last_50": 0.22945833333333332
  },
  "name": "Tyler Fitzgerald",
  "player_id": 666149,
  "player_name": "Tyler Fitzgerald",
  "recent_unicorns": [],
  "role": "hitter",
  "roles": [
    "hitter"
  ],
  "team_id": 137,
  "team_name": "SF"
}
