{
  "basic_batting": {
    "avg": 0.17307692307692307,
    "babip": 0.225,
    "bb": 4,
    "doubles": 4,
    "h": 9,
    "hr": 0,
    "iso": 0.11538461538461536,
    "k": 12,
    "obp": 0.23214285714285715,
    "ops": 0.5206043956043955,
    "slg": 0.28846153846153844,
    "triples": 1,
    "woba": 0.2517857142857143
  },
  "basic_pitching": null,
  "current_team_id": 133,
  "metrics": {
    "barrel_pct_last_50": 0.02564102564102564,
    "chase_pct_last_50": 0.35526315789473684,
    "contact_pct_last_50": 0.41935483870967744,
    "hard_hit_pct_last_50": 0.38461538461538464,
    "xwoba_last_50": 0.2460816326530612
  },
  "name": "Gio Urshela",
  "player_id": 570482,
  "player_name": "Gio Urshela",
  "recent_unicorns": [],
  "role": "hitter",
  "roles": [
    "hitter"
  ],
  "team_id": 133,
  "team_name": "ATH"
}
