{
  "basic_batting": {
    "avg": 0.208955223880597,
    "babip": 0.22413793103448276,
    "bb": 6,
    "doubles": 3,
    "h": 14,
    "hr": 1,
    "iso": 0.08955223880597013,
    "k": 9,
    "obp": 0.2702702702702703,
    "ops": 0.5687777329568374,
    "slg": 0.29850746268656714,
    "triples": 0,
    "woba": 0.2560810810810811
  },
  "basic_pitching": null,
  "current_team_id": 120,
  "metrics": {
    "barrel_pct_last_50": 0.022727272727272728,
    "chase_pct_last_50": 0.3815789473684211,
    "contact_pct_last_50": 0.5569620253164557,
    "hard_hit_pct_last_50": 0.4090909090909091,
    "xwoba_last_50": 0.29112
  },
  "name": "Luis García Jr.",
  "player_id": 671277,
  "player_name": "Luis García Jr.",
  "recent_unicorns": [],
  "role": "hitter",
  "roles": [
    "hitter"
  ],
  "team_id": 120,
  "team_name": "WSH"
}
