{
  "basic_batting": {
    "avg": 0.2692307692307692,
    "babip": 0.3181818181818182,
    "bb": 0,
    "doubles": 1,
    "h": 7,
    "hr": 0,
    "iso": 0.03846153846153849,
    "k": 4,
    "obp": 0.2692307692307692,
    "ops": 0.5769230769230769,
    "slg": 0.3076923076923077,
    "triples": 0,
    "woba": 0.2557692307692308
  },
  "basic_pitching": null,
  "current_team_id": 135,
  "metrics": {
    "barrel_pct_last_50": 0.05555555555555555,
    "chase_pct_last_50": 0.6333333333333333,
    "contact_pct_last_50": 0.32142857142857145,
    "hard_hit_pct_last_50": 0.5555555555555556,
    "xwoba_last_50": 0.3266363636363636
  },
  "name": "Oscar Gonzalez",
  "player_id": 660757,
  "player_name": "Oscar Gonzalez",
  "recent_unicorns": [],
  "role": "hitter",
  "roles": [
    "hitter"
  ],
  "team_id": 135,
  "team_name": "SD"
}
