{
  "basic_batting": {
    "avg": 0.22448979591836735,
    "babip": 0.275,
    "bb": 4,
    "doubles": 2,
    "h": 11,
    "hr": 0,
    "iso": 0.04081632653061226,
    "k": 10,
    "obp": 0.2777777777777778,
    "ops": 0.5430839002267573,
    "slg": 0.2653061224489796,
    "triples": 0,
    "woba": 0.2518518518518518
  },
  "basic_pitching": null,
  "current_team_id": 141,
  "metrics": {
    "barrel_pct_last_50": 0.02702702702702703,
    "chase_pct_last_50": 0.4067796610169492,
    "contact_pct_last_50": 0.5,
    "hard_hit_pct_last_50": 0.1891891891891892,
    "xwoba_last_50": 0.23071111111111112
  },
  "name": "Ernie Clement",
  "player_id": 676391,
  "player_name": "Ernie Clement",
  "recent_unicorns": [],
  "role": "hitter",
  "roles": [
    "hitter"
  ],
  "team_id": 141,
  "team_name": "TOR"
}
