{
  "basic_batting": {
    "avg": 0.1111111111111111,
    "babip": 0.18181818181818182,
    "bb": 4,
    "doubles": 0,
    "h": 2,
    "hr": 0,
    "iso": 0.0,
    "k": 7,
    "obp": 0.2727272727272727,
    "ops": 0.3838383838383838,
    "slg": 0.1111111111111111,
    "triples": 0,
    "woba": 0.20909090909090908
  },
  "basic_pitching": null,
  "current_team_id": 142,
  "metrics": {
    "barrel_pct_last_50": 0.0,
    "chase_pct_last_50": 0.15789473684210525,
    "contact_pct_last_50": 0.3548387096774194,
    "hard_hit_pct_last_50": 0.09090909090909091,
    "xwoba_last_50": 0.08477777777777777
  },
  "name": "Mickey Gasper",
  "player_id": 681508,
  "player_name": "Mickey Gasper",
  "recent_unicorns": [],
  "role": "hitter",
  "roles": [
    "hitter"
  ],
  "team_id": 142,
  "team_name": "MIN"
}
