{
  "basic_batting": {
    "avg": 0.1518987341772152,
    "babip": 0.16071428571428573,
    "bb": 4,
    "doubles": 2,
    "h": 12,
    "hr": 3,
    "iso": 0.13924050632911392,
    "k": 20,
    "obp": 0.1927710843373494,
    "ops": 0.4839103248436785,
    "slg": 0.2911392405063291,
    "triples": 0,
    "woba": 0.22289156626506024
  },
  "basic_pitching": null,
  "current_team_id": 145,
  "metrics": {
    "barrel_pct_last_50": 0.02631578947368421,
    "chase_pct_last_50": 0.40816326530612246,
    "contact_pct_last_50": 0.35514018691588783,
    "hard_hit_pct_last_50": 0.47368421052631576,
    "xwoba_last_50": 0.28194
  },
  "name": "Andrew Vaughn",
  "player_id": 683734,
  "player_name": "Andrew Vaughn",
  "recent_unicorns": [],
  "role": "hitter",
  "roles": [
    "hitter"
  ],
  "team_id": 145,
  "team_name": "CWS"
}
