{
  "basic_batting": {
    "avg": 0.2,
    "babip": 0.2777777777777778,
    "bb": 1,
    "doubles": 1,
    "h": 5,
    "hr": 0,
    "iso": 0.03999999999999998,
    "k": 7,
    "obp": 0.23076923076923078,
    "ops": 0.4707692307692308,
    "slg": 0.24,
    "triples": 0,
    "woba": 0.21346153846153845
  },
  "basic_pitching": null,
  "current_team_id": 121,
  "metrics": {
    "barrel_pct_last_50": 0.05555555555555555,
    "chase_pct_last_50": 0.375,
    "contact_pct_last_50": 0.4090909090909091,
    "hard_hit_pct_last_50": 0.3888888888888889,
    "xwoba_last_50": 0.30604
  },
  "name": "Hayden Senger",
  "player_id": 663584,
  "player_name": "Hayden Senger",
  "recent_unicorns": [],
  "role": "hitter",
  "roles": [
    "hitter"
  ],
  "team_id": 121,
  "team_name": "NYM"
}
