{
  "basic_batting": {
    "avg": 0.22784810126582278,
    "babip": 0.2631578947368421,
    "bb": 12,
    "doubles": 1,
    "h": 18,
    "hr": 3,
    "iso": 0.12658227848101267,
    "k": 19,
    "obp": 0.34408602150537637,
    "ops": 0.6985164012522118,
    "slg": 0.35443037974683544,
    "triples": 0,
    "woba": 0.33206521739130435
  },
  "basic_pitching": null,
  "current_team_id": 117,
  "metrics": {
    "barrel_pct_last_50": 0.0,
    "chase_pct_last_50": 0.30526315789473685,
    "contact_pct_last_50": 0.39361702127659576,
    "hard_hit_pct_last_50": 0.3783783783783784,
    "xwoba_last_50": 0.23722448979591837
  },
  "name": "Isaac Paredes",
  "player_id": 670623,
  "player_name": "Isaac Paredes",
  "recent_unicorns": [],
  "role": "hitter",
  "roles": [
    "hitter"
  ],
  "team_id": 117,
  "team_name": "HOU"
}
