{
  "basic_batting": null,
  "basic_pitching": null,
  "current_team_id": 136,
  "metrics": {
    "barrel_pct_last_50": 0.046511627906976744,
    "chase_pct_last_50": 0.30120481927710846,
    "contact_pct_last_50": 0.4942528735632184,
    "hard_hit_pct_last_50": 0.46511627906976744,
    "xwoba_last_50": 0.394734693877551
  },
  "name": "Jorge Polanco",
  "player_id": 593871,
  "player_name": "Jorge Polanco",
  "recent_unicorns": [],
  "role": "hitter",
  "roles": [
    "hitter"
  ],
  "team_id": 136,
  "team_name": "SEA"
}
