{
  "basic_batting": null,
  "basic_pitching": null,
  "current_team_id": 136,
  "metrics": {
    "barrel_pct_last_50": 0.05405405405405406,
    "chase_pct_last_50": 0.3333333333333333,
    "contact_pct_last_50": 0.34579439252336447,
    "hard_hit_pct_last_50": 0.2972972972972973,
    "xwoba_last_50": 0.2622291666666667
  },
  "name": "J.P. Crawford",
  "player_id": 641487,
  "player_name": "J.P. Crawford",
  "recent_unicorns": [],
  "role": "hitter",
  "roles": [
    "hitter"
  ],
  "team_id": 136,
  "team_name": "SEA"
}
