{
  "basic_batting": null,
  "basic_pitching": null,
  "current_team_id": 136,
  "metrics": {
    "barrel_pct_last_50": 0.045454545454545456,
    "chase_pct_last_50": 0.5272727272727272,
    "contact_pct_last_50": 0.3384615384615385,
    "hard_hit_pct_last_50": 0.22727272727272727,
    "xwoba_last_50": 0.16809677419354838
  },
  "name": "Donovan Solano",
  "player_id": 456781,
  "player_name": "Donovan Solano",
  "recent_unicorns": [],
  "role": "hitter",
  "roles": [
    "hitter"
  ],
  "team_id": 136,
  "team_name": "SEA"
}
