{
  "basic_batting": null,
  "basic_pitching": null,
  "current_team_id": 112,
  "metrics": {
    "barrel_pct_last_50": 0.16666666666666666,
    "chase_pct_last_50": 0.5454545454545454,
    "contact_pct_last_50": 0.35294117647058826,
    "hard_hit_pct_last_50": 0.3333333333333333,
    "xwoba_last_50": 0.3440909090909091
  },
  "name": "Gage Workman",
  "player_id": 669398,
  "player_name": "Gage Workman",
  "recent_unicorns": [],
  "role": "hitter",
  "roles": [
    "hitter"
  ],
  "team_id": 112,
  "team_name": "CHC"
}
