{
  "basic_batting": null,
  "basic_pitching": null,
  "current_team_id": 134,
  "metrics": {
    "barrel_pct_last_50": 0.043478260869565216,
    "chase_pct_last_50": 0.29411764705882354,
    "contact_pct_last_50": 0.3709677419354839,
    "hard_hit_pct_last_50": 0.30434782608695654,
    "xwoba_last_50": 0.22903333333333334
  },
  "name": "Jared Triolo",
  "player_id": 669707,
  "player_name": "Jared Triolo",
  "recent_unicorns": [],
  "role": "hitter",
  "roles": [
    "hitter"
  ],
  "team_id": 134,
  "team_name": "PIT"
}
