{
  "basic_batting": null,
  "basic_pitching": null,
  "current_team_id": 118,
  "metrics": {
    "barrel_pct_last_50": 0.06666666666666667,
    "chase_pct_last_50": 0.38461538461538464,
    "contact_pct_last_50": 0.2909090909090909,
    "hard_hit_pct_last_50": 0.26666666666666666,
    "xwoba_last_50": 0.1828846153846154
  },
  "name": "Drew Waters",
  "player_id": 671221,
  "player_name": "Drew Waters",
  "recent_unicorns": [],
  "role": "hitter",
  "roles": [
    "hitter"
  ],
  "team_id": 118,
  "team_name": "KC"
}
