{
  "basic_batting": null,
  "basic_pitching": null,
  "current_team_id": 108,
  "metrics": {
    "barrel_pct_last_50": 0.03571428571428571,
    "chase_pct_last_50": 0.3614457831325301,
    "contact_pct_last_50": 0.31521739130434784,
    "hard_hit_pct_last_50": 0.6071428571428571,
    "xwoba_last_50": 0.36220833333333335
  },
  "name": "Kyren Paris",
  "player_id": 677347,
  "player_name": "Kyren Paris",
  "recent_unicorns": [],
  "role": "hitter",
  "roles": [
    "hitter"
  ],
  "team_id": 108,
  "team_name": "LAA"
}
