{
  "basic_batting": null,
  "basic_pitching": null,
  "current_team_id": 158,
  "metrics": {
    "barrel_pct_last_50": 0.022727272727272728,
    "chase_pct_last_50": 0.15294117647058825,
    "contact_pct_last_50": 0.5714285714285714,
    "hard_hit_pct_last_50": 0.36363636363636365,
    "xwoba_last_50": 0.31604081632653064
  },
  "name": "Sal Frelick",
  "player_id": 686217,
  "player_name": "Sal Frelick",
  "recent_unicorns": [],
  "role": "hitter",
  "roles": [
    "hitter"
  ],
  "team_id": 158,
  "team_name": "MIL"
}
