{
  "current_team_id": 140,
  "metrics": {
    "barrel_pct_last_50": 0.024390243902439025,
    "chase_pct_last_50": 0.29069767441860467,
    "contact_pct_last_50": 0.37962962962962965,
    "hard_hit_pct_last_50": 0.24390243902439024,
    "xwoba_last_50": 0.20708
  },
  "name": "Marcus Semien",
  "player_id": 543760,
  "player_name": "Marcus Semien",
  "recent_unicorns": [],
  "role": "hitter",
  "roles": [
    "hitter"
  ],
  "team_id": 140,
  "team_name": "TEX"
}
