{
  "current_team_id": 137,
  "metrics": {
    "barrel_pct_last_50": 0.06451612903225806,
    "chase_pct_last_50": 0.30864197530864196,
    "contact_pct_last_50": 0.3595505617977528,
    "hard_hit_pct_last_50": 0.4838709677419355,
    "xwoba_last_50": 0.30976086956521737
  },
  "name": "Mike Yastrzemski",
  "player_id": 573262,
  "player_name": "Mike Yastrzemski",
  "recent_unicorns": [],
  "role": "hitter",
  "roles": [
    "hitter"
  ],
  "team_id": 137,
  "team_name": "SF"
}
