{
  "current_team_id": 143,
  "metrics": {
    "barrel_pct_last_50": 0.05555555555555555,
    "chase_pct_last_50": 0.2619047619047619,
    "contact_pct_last_50": 0.3673469387755102,
    "hard_hit_pct_last_50": 0.4444444444444444,
    "xwoba_last_50": 0.31020408163265306
  },
  "name": "J.T. Realmuto",
  "player_id": 592663,
  "player_name": "J.T. Realmuto",
  "recent_unicorns": [],
  "role": "hitter",
  "roles": [
    "hitter"
  ],
  "team_id": 143,
  "team_name": "PHI"
}
