{
  "current_team_id": 144,
  "metrics": {
    "barrel_pct_last_50": 0.0,
    "chase_pct_last_50": 0.29411764705882354,
    "contact_pct_last_50": 0.3541666666666667,
    "hard_hit_pct_last_50": 0.29411764705882354,
    "xwoba_last_50": 0.17741666666666667
  },
  "name": "Orlando Arcia",
  "player_id": 606115,
  "player_name": "Orlando Arcia",
  "recent_unicorns": [],
  "role": "hitter",
  "roles": [
    "hitter"
  ],
  "team_id": 144,
  "team_name": "ATL"
}
