{
  "current_team_id": 119,
  "metrics": {
    "barrel_pct_last_50": 0.024390243902439025,
    "chase_pct_last_50": 0.2976190476190476,
    "contact_pct_last_50": 0.44086021505376344,
    "hard_hit_pct_last_50": 0.2682926829268293,
    "xwoba_last_50": 0.31904
  },
  "name": "Teoscar Hernández",
  "player_id": 606192,
  "player_name": "Teoscar Hernández",
  "recent_unicorns": [],
  "role": "hitter",
  "roles": [
    "hitter"
  ],
  "team_id": 119,
  "team_name": "LAD"
}
