{
  "current_team_id": 121,
  "metrics": {
    "barrel_pct_last_50": 0.034482758620689655,
    "chase_pct_last_50": 0.27419354838709675,
    "contact_pct_last_50": 0.4084507042253521,
    "hard_hit_pct_last_50": 0.5517241379310345,
    "xwoba_last_50": 0.3841578947368421
  },
  "name": "Luis Torrens",
  "player_id": 620443,
  "player_name": "Luis Torrens",
  "recent_unicorns": [],
  "role": "hitter",
  "roles": [
    "hitter"
  ],
  "team_id": 121,
  "team_name": "NYM"
}
