{
  "current_team_id": 141,
  "metrics": {
    "barrel_pct_last_50": 0.02631578947368421,
    "chase_pct_last_50": 0.4175824175824176,
    "contact_pct_last_50": 0.37623762376237624,
    "hard_hit_pct_last_50": 0.39473684210526316,
    "xwoba_last_50": 0.2521
  },
  "name": "Anthony Santander",
  "player_id": 623993,
  "player_name": "Anthony Santander",
  "recent_unicorns": [],
  "role": "hitter",
  "roles": [
    "hitter"
  ],
  "team_id": 141,
  "team_name": "TOR"
}
