{
  "current_team_id": 136,
  "metrics": {
    "barrel_pct_last_50": 0.029411764705882353,
    "chase_pct_last_50": 0.34951456310679613,
    "contact_pct_last_50": 0.3119266055045872,
    "hard_hit_pct_last_50": 0.29411764705882354,
    "xwoba_last_50": 0.23456521739130434
  },
  "name": "J.P. Crawford",
  "player_id": 641487,
  "player_name": "J.P. Crawford",
  "recent_unicorns": [],
  "role": "hitter",
  "roles": [
    "hitter"
  ],
  "team_id": 136,
  "team_name": "SEA"
}
