{
  "current_team_id": 147,
  "metrics": {
    "barrel_pct_last_50": 0.0,
    "chase_pct_last_50": 0.23809523809523808,
    "contact_pct_last_50": 0.34615384615384615,
    "hard_hit_pct_last_50": 0.4444444444444444,
    "xwoba_last_50": 0.22753846153846155
  },
  "name": "J.C. Escarra",
  "player_id": 641555,
  "player_name": "J.C. Escarra",
  "recent_unicorns": [],
  "role": "hitter",
  "roles": [
    "hitter"
  ],
  "team_id": 147,
  "team_name": "NYY"
}
