{
  "current_team_id": 137,
  "metrics": {
    "barrel_pct_last_50": 0.02702702702702703,
    "chase_pct_last_50": 0.27848101265822783,
    "contact_pct_last_50": 0.4,
    "hard_hit_pct_last_50": 0.3783783783783784,
    "xwoba_last_50": 0.20595918367346938
  },
  "name": "Willy Adames",
  "player_id": 642715,
  "player_name": "Willy Adames",
  "recent_unicorns": [],
  "role": "hitter",
  "roles": [
    "hitter"
  ],
  "team_id": 137,
  "team_name": "SF"
}
