{
  "current_team_id": 158,
  "metrics": {
    "barrel_pct_last_50": 0.02857142857142857,
    "chase_pct_last_50": 0.23255813953488372,
    "contact_pct_last_50": 0.3684210526315789,
    "hard_hit_pct_last_50": 0.45714285714285713,
    "xwoba_last_50": 0.2595
  },
  "name": "Rhys Hoskins",
  "player_id": 656555,
  "player_name": "Rhys Hoskins",
  "recent_unicorns": [],
  "role": "hitter",
  "roles": [
    "hitter"
  ],
  "team_id": 158,
  "team_name": "MIL"
}
