{
  "current_team_id": 108,
  "metrics": {
    "barrel_pct_last_50": 0.0,
    "chase_pct_last_50": 0.2777777777777778,
    "contact_pct_last_50": 0.37142857142857144,
    "hard_hit_pct_last_50": 0.3076923076923077,
    "xwoba_last_50": 0.13766666666666666
  },
  "name": "Yoán Moncada",
  "player_id": 660162,
  "player_name": "Yoán Moncada",
  "recent_unicorns": [],
  "role": "hitter",
  "roles": [
    "hitter"
  ],
  "team_id": 108,
  "team_name": "LAA"
}
