{
  "current_team_id": 112,
  "metrics": {
    "barrel_pct_last_50": 0.02702702702702703,
    "chase_pct_last_50": 0.37894736842105264,
    "contact_pct_last_50": 0.3627450980392157,
    "hard_hit_pct_last_50": 0.2972972972972973,
    "xwoba_last_50": 0.3218
  },
  "name": "Miguel Amaya",
  "player_id": 665804,
  "player_name": "Miguel Amaya",
  "recent_unicorns": [],
  "role": "hitter",
  "roles": [
    "hitter"
  ],
  "team_id": 112,
  "team_name": "CHC"
}
