{
  "current_team_id": 141,
  "metrics": {
    "barrel_pct_last_50": 0.05405405405405406,
    "chase_pct_last_50": 0.40476190476190477,
    "contact_pct_last_50": 0.34579439252336447,
    "hard_hit_pct_last_50": 0.2972972972972973,
    "xwoba_last_50": 0.26938
  },
  "name": "Andrés Giménez",
  "player_id": 665926,
  "player_name": "Andrés Giménez",
  "recent_unicorns": [],
  "role": "hitter",
  "roles": [
    "hitter"
  ],
  "team_id": 141,
  "team_name": "TOR"
}
