{
  "current_team_id": 109,
  "metrics": {
    "barrel_pct_last_50": 0.023255813953488372,
    "chase_pct_last_50": 0.38372093023255816,
    "contact_pct_last_50": 0.4479166666666667,
    "hard_hit_pct_last_50": 0.37209302325581395,
    "xwoba_last_50": 0.26846
  },
  "name": "Lourdes Gurriel Jr.",
  "player_id": 666971,
  "player_name": "Lourdes Gurriel Jr.",
  "recent_unicorns": [],
  "role": "hitter",
  "roles": [
    "hitter"
  ],
  "team_id": 109,
  "team_name": "AZ"
}
