{
  "current_team_id": 113,
  "metrics": {
    "barrel_pct_last_50": 0.058823529411764705,
    "chase_pct_last_50": 0.2028985507246377,
    "contact_pct_last_50": 0.39080459770114945,
    "hard_hit_pct_last_50": 0.20588235294117646,
    "xwoba_last_50": 0.18121739130434783
  },
  "name": "Spencer Steer",
  "player_id": 668715,
  "player_name": "Spencer Steer",
  "recent_unicorns": [],
  "role": "hitter",
  "roles": [
    "hitter"
  ],
  "team_id": 113,
  "team_name": "CIN"
}
