{
  "current_team_id": 144,
  "metrics": {
    "barrel_pct_last_50": 0.0,
    "chase_pct_last_50": 0.31666666666666665,
    "contact_pct_last_50": 0.391304347826087,
    "hard_hit_pct_last_50": 0.37037037037037035,
    "xwoba_last_50": 0.2652162162162162
  },
  "name": "Nick Allen",
  "player_id": 669397,
  "player_name": "Nick Allen",
  "recent_unicorns": [],
  "role": "hitter",
  "roles": [
    "hitter"
  ],
  "team_id": 144,
  "team_name": "ATL"
}
