{
  "current_team_id": 134,
  "metrics": {
    "barrel_pct_last_50": 0.08333333333333333,
    "chase_pct_last_50": 0.37037037037037035,
    "contact_pct_last_50": 0.36363636363636365,
    "hard_hit_pct_last_50": 0.25,
    "xwoba_last_50": 0.22347058823529412
  },
  "name": "Jared Triolo",
  "player_id": 669707,
  "player_name": "Jared Triolo",
  "recent_unicorns": [],
  "role": "hitter",
  "roles": [
    "hitter"
  ],
  "team_id": 134,
  "team_name": "PIT"
}
