{
  "current_team_id": 117,
  "metrics": {
    "barrel_pct_last_50": 0.05263157894736842,
    "chase_pct_last_50": 0.42424242424242425,
    "contact_pct_last_50": 0.3917525773195876,
    "hard_hit_pct_last_50": 0.3157894736842105,
    "xwoba_last_50": 0.2143
  },
  "name": "Yainer Diaz",
  "player_id": 673237,
  "player_name": "Yainer Diaz",
  "recent_unicorns": [],
  "role": "hitter",
  "roles": [
    "hitter"
  ],
  "team_id": 117,
  "team_name": "HOU"
}
