{
  "current_team_id": 145,
  "metrics": {
    "barrel_pct_last_50": 0.06666666666666667,
    "chase_pct_last_50": 0.42696629213483145,
    "contact_pct_last_50": 0.3069306930693069,
    "hard_hit_pct_last_50": 0.4,
    "xwoba_last_50": 0.23585106382978724
  },
  "name": "Luis Robert Jr.",
  "player_id": 673357,
  "player_name": "Luis Robert Jr.",
  "recent_unicorns": [],
  "role": "hitter",
  "roles": [
    "hitter"
  ],
  "team_id": 145,
  "team_name": "CWS"
}
