{
  "current_team_id": 114,
  "metrics": {
    "barrel_pct_last_50": 0.0,
    "chase_pct_last_50": 0.24324324324324326,
    "contact_pct_last_50": 0.5189873417721519,
    "hard_hit_pct_last_50": 0.2682926829268293,
    "xwoba_last_50": 0.3157142857142857
  },
  "name": "Steven Kwan",
  "player_id": 680757,
  "player_name": "Steven Kwan",
  "recent_unicorns": [],
  "role": "hitter",
  "roles": [
    "hitter"
  ],
  "team_id": 114,
  "team_name": "CLE"
}
