{
  "current_team_id": 142,
  "metrics": {
    "barrel_pct_last_50": 0.06896551724137931,
    "chase_pct_last_50": 0.30434782608695654,
    "contact_pct_last_50": 0.38461538461538464,
    "hard_hit_pct_last_50": 0.41379310344827586,
    "xwoba_last_50": 0.37157894736842106
  },
  "name": "Ryan Jeffers",
  "player_id": 680777,
  "player_name": "Ryan Jeffers",
  "recent_unicorns": [],
  "role": "hitter",
  "roles": [
    "hitter"
  ],
  "team_id": 142,
  "team_name": "MIN"
}
