{
  "current_team_id": 138,
  "metrics": {
    "barrel_pct_last_50": 0.0,
    "chase_pct_last_50": 0.21176470588235294,
    "contact_pct_last_50": 0.33766233766233766,
    "hard_hit_pct_last_50": 0.38461538461538464,
    "xwoba_last_50": 0.21207142857142858
  },
  "name": "Masyn Winn",
  "player_id": 691026,
  "player_name": "Masyn Winn",
  "recent_unicorns": [],
  "role": "hitter",
  "roles": [
    "hitter"
  ],
  "team_id": 138,
  "team_name": "STL"
}
