{
  "current_team_id": 147,
  "metrics": {
    "barrel_pct_last_50": 0.029411764705882353,
    "chase_pct_last_50": 0.41935483870967744,
    "contact_pct_last_50": 0.3541666666666667,
    "hard_hit_pct_last_50": 0.4411764705882353,
    "xwoba_last_50": 0.27044
  },
  "name": "Jasson Domínguez",
  "player_id": 691176,
  "player_name": "Jasson Domínguez",
  "recent_unicorns": [],
  "role": "hitter",
  "roles": [
    "hitter"
  ],
  "team_id": 147,
  "team_name": "NYY"
}
