{
  "current_team_id": 141,
  "metrics": {
    "barrel_pct_last_50": 0.0,
    "chase_pct_last_50": 0.3764705882352941,
    "contact_pct_last_50": 0.336734693877551,
    "hard_hit_pct_last_50": 0.36363636363636365,
    "xwoba_last_50": 0.21523255813953487
  },
  "name": "Will Wagner",
  "player_id": 695238,
  "player_name": "Will Wagner",
  "recent_unicorns": [],
  "role": "hitter",
  "roles": [
    "hitter"
  ],
  "team_id": 141,
  "team_name": "TOR"
}
