{
  "current_team_id": 112,
  "metrics": {
    "barrel_pct_last_50": 0.0,
    "chase_pct_last_50": 0.32608695652173914,
    "contact_pct_last_50": 0.3977272727272727,
    "hard_hit_pct_last_50": 0.22857142857142856,
    "xwoba_last_50": 0.20451020408163265
  },
  "name": "Matt Shaw",
  "player_id": 807713,
  "player_name": "Matt Shaw",
  "recent_unicorns": [],
  "role": "hitter",
  "roles": [
    "hitter"
  ],
  "team_id": 112,
  "team_name": "CHC"
}
