{
  "basic_batting": {
    "avg": 0.2876712328767123,
    "babip": 0.3148148148148148,
    "bb": 7,
    "doubles": 2,
    "h": 21,
    "hr": 4,
    "iso": 0.1917808219178082,
    "k": 15,
    "obp": 0.35,
    "ops": 0.8294520547945206,
    "slg": 0.4794520547945205,
    "triples": 0,
    "woba": 0.36202531645569624
  },
  "basic_pitching": null,
  "current_team_id": 140,
  "metrics": {
    "barrel_pct_last_50": 0.07317073170731707,
    "chase_pct_last_50": 0.26666666666666666,
    "contact_pct_last_50": 0.40594059405940597,
    "hard_hit_pct_last_50": 0.5365853658536586,
    "xwoba_last_50": 0.48648
  },
  "name": "Corey Seager",
  "player_id": 608369,
  "player_name": "Corey Seager",
  "recent_unicorns": [],
  "role": "hitter",
  "roles": [
    "hitter"
  ],
  "team_id": 140,
  "team_name": "TEX"
}
