{
  "basic_batting": {
    "avg": 0.2222222222222222,
    "babip": 0.3076923076923077,
    "bb": 2,
    "doubles": 1,
    "h": 4,
    "hr": 0,
    "iso": 0.05555555555555558,
    "k": 5,
    "obp": 0.3,
    "ops": 0.5777777777777777,
    "slg": 0.2777777777777778,
    "triples": 0,
    "woba": 0.26749999999999996
  },
  "basic_pitching": null,
  "current_team_id": 146,
  "metrics": {
    "barrel_pct_last_50": 0.1111111111111111,
    "chase_pct_last_50": 0.375,
    "contact_pct_last_50": 0.3103448275862069,
    "hard_hit_pct_last_50": 0.3333333333333333,
    "xwoba_last_50": 0.2875
  },
  "name": "Jesús Sánchez",
  "player_id": 660821,
  "player_name": "Jesús Sánchez",
  "recent_unicorns": [],
  "role": "hitter",
  "roles": [
    "hitter"
  ],
  "team_id": 146,
  "team_name": "MIA"
}
