{
  "basic_batting": {
    "avg": 0.23076923076923078,
    "babip": 0.3333333333333333,
    "bb": 8,
    "doubles": 5,
    "h": 15,
    "hr": 1,
    "iso": 0.12307692307692308,
    "k": 22,
    "obp": 0.32432432432432434,
    "ops": 0.6781704781704783,
    "slg": 0.35384615384615387,
    "triples": 0,
    "woba": 0.31824324324324327
  },
  "basic_pitching": null,
  "current_team_id": 147,
  "metrics": {
    "barrel_pct_last_50": 0.03125,
    "chase_pct_last_50": 0.35714285714285715,
    "contact_pct_last_50": 0.3404255319148936,
    "hard_hit_pct_last_50": 0.5,
    "xwoba_last_50": 0.26852
  },
  "name": "Jasson Domínguez",
  "player_id": 691176,
  "player_name": "Jasson Domínguez",
  "recent_unicorns": [],
  "role": "hitter",
  "roles": [
    "hitter"
  ],
  "team_id": 147,
  "team_name": "NYY"
}
