{
  "basic_batting": {
    "avg": 0.20253164556962025,
    "babip": 0.17857142857142858,
    "bb": 4,
    "doubles": 0,
    "h": 16,
    "hr": 6,
    "iso": 0.2278481012658228,
    "k": 17,
    "obp": 0.25,
    "ops": 0.6803797468354431,
    "slg": 0.43037974683544306,
    "triples": 0,
    "woba": 0.2916666666666667
  },
  "basic_pitching": null,
  "current_team_id": 137,
  "metrics": {
    "barrel_pct_last_50": 0.02564102564102564,
    "chase_pct_last_50": 0.3058823529411765,
    "contact_pct_last_50": 0.4020618556701031,
    "hard_hit_pct_last_50": 0.23076923076923078,
    "xwoba_last_50": 0.23704
  },
  "name": "Wilmer Flores",
  "player_id": 527038,
  "player_name": "Wilmer Flores",
  "recent_unicorns": [],
  "role": "hitter",
  "roles": [
    "hitter"
  ],
  "team_id": 137,
  "team_name": "SF"
}
