{
  "basic_batting": {
    "avg": 0.2608695652173913,
    "babip": 0.28125,
    "bb": 1,
    "doubles": 2,
    "h": 12,
    "hr": 3,
    "iso": 0.2391304347826087,
    "k": 12,
    "obp": 0.3,
    "ops": 0.8,
    "slg": 0.5,
    "triples": 0,
    "woba": 0.33799999999999997
  },
  "basic_pitching": null,
  "current_team_id": 110,
  "metrics": {
    "barrel_pct_last_50": 0.08571428571428572,
    "chase_pct_last_50": 0.36082474226804123,
    "contact_pct_last_50": 0.35,
    "hard_hit_pct_last_50": 0.5142857142857142,
    "xwoba_last_50": 0.354125
  },
  "name": "Heston Kjerstad",
  "player_id": 677008,
  "player_name": "Heston Kjerstad",
  "recent_unicorns": [],
  "role": "hitter",
  "roles": [
    "hitter"
  ],
  "team_id": 110,
  "team_name": "BAL"
}
