{
  "basic_batting": {
    "avg": 0.3176470588235294,
    "babip": 0.323943661971831,
    "bb": 7,
    "doubles": 2,
    "h": 27,
    "hr": 4,
    "iso": 0.1647058823529412,
    "k": 10,
    "obp": 0.3763440860215054,
    "ops": 0.8586970271979759,
    "slg": 0.4823529411764706,
    "triples": 0,
    "woba": 0.39670329670329674
  },
  "basic_pitching": null,
  "current_team_id": 114,
  "metrics": {
    "barrel_pct_last_50": 0.0,
    "chase_pct_last_50": 0.25274725274725274,
    "contact_pct_last_50": 0.5301204819277109,
    "hard_hit_pct_last_50": 0.25,
    "xwoba_last_50": 0.31768
  },
  "name": "Steven Kwan",
  "player_id": 680757,
  "player_name": "Steven Kwan",
  "recent_unicorns": [],
  "role": "hitter",
  "roles": [
    "hitter"
  ],
  "team_id": 114,
  "team_name": "CLE"
}
