{
  "basic_batting": {
    "avg": 0.3333333333333333,
    "babip": 0.4,
    "bb": 1,
    "doubles": 2,
    "h": 4,
    "hr": 0,
    "iso": 0.16666666666666669,
    "k": 2,
    "obp": 0.38461538461538464,
    "ops": 0.8846153846153846,
    "slg": 0.5,
    "triples": 0,
    "woba": 0.38461538461538464
  },
  "basic_pitching": null,
  "current_team_id": 142,
  "metrics": {
    "barrel_pct_last_50": 0.0,
    "chase_pct_last_50": 0.2727272727272727,
    "contact_pct_last_50": 0.4666666666666667,
    "hard_hit_pct_last_50": 0.2857142857142857,
    "xwoba_last_50": 0.18485714285714286
  },
  "name": "Luke Keaschall",
  "player_id": 807712,
  "player_name": "Luke Keaschall",
  "recent_unicorns": [],
  "role": "hitter",
  "roles": [
    "hitter"
  ],
  "team_id": 142,
  "team_name": "MIN"
}
