{
  "basic_batting": null,
  "basic_pitching": null,
  "current_team_id": 121,
  "metrics": {
    "barrel_pct_last_50": 0.03571428571428571,
    "chase_pct_last_50": 0.22950819672131148,
    "contact_pct_last_50": 0.3888888888888889,
    "hard_hit_pct_last_50": 0.42857142857142855,
    "xwoba_last_50": 0.20057142857142857
  },
  "name": "Jesse Winker",
  "player_id": 608385,
  "player_name": "Jesse Winker",
  "recent_unicorns": [],
  "role": "hitter",
  "roles": [
    "hitter"
  ],
  "team_id": 121,
  "team_name": "NYM"
}
