{
  "basic_batting": {
    "avg": 0.204,
    "babip": 0.3023255813953488,
    "bb": 8,
    "doubles": 6,
    "h": 30,
    "hr": 4,
    "iso": 0.12300000000000003,
    "k": 57,
    "obp": 0.245,
    "ops": 0.572,
    "ops_plus": 58.82369919498127,
    "slg": 0.327,
    "triples": 0,
    "woba": 0.25380645161290327,
    "wrc_plus": 79.86742499812087
  },
  "basic_pitching": null,
  "current_team_id": 135,
  "metrics": {
    "barrel_pct_last_50": 0.1111111111111111,
    "chase_pct_last_50": 0.41025641025641024,
    "contact_pct_last_50": 0.375,
    "hard_hit_pct_last_50": 0.2777777777777778,
    "xwoba_last_50": 0.28685714285714287
  },
  "name": "Martín Maldonado",
  "player_id": 455117,
  "player_name": "Martín Maldonado",
  "recent_unicorns": [],
  "role": "hitter",
  "roles": [
    "hitter"
  ],
  "team_id": 135,
  "team_name": "SD"
}
