{
  "basic_batting": {
    "avg": 0.247,
    "babip": 0.304,
    "bb": 8,
    "doubles": 4,
    "h": 41,
    "hr": 3,
    "iso": 0.09000000000000002,
    "k": 40,
    "obp": 0.291,
    "ops": 0.628,
    "ops_plus": 82.38679312223616,
    "slg": 0.337,
    "triples": 1,
    "woba": 0.27960893854748603,
    "wrc_plus": 90.94345296783459
  },
  "basic_pitching": null,
  "current_team_id": 136,
  "metrics": {
    "barrel_pct_last_50": 0.06666666666666667,
    "chase_pct_last_50": 0.5384615384615384,
    "contact_pct_last_50": 0.3,
    "hard_hit_pct_last_50": 0.26666666666666666,
    "xwoba_last_50": 0.15430434782608696
  },
  "name": "Donovan Solano",
  "player_id": 456781,
  "player_name": "Donovan Solano",
  "recent_unicorns": [],
  "role": "hitter",
  "roles": [
    "hitter"
  ],
  "team_id": 136,
  "team_name": "SEA"
}
