{
  "basic_batting": {
    "avg": 0.222,
    "babip": 0.25925925925925924,
    "bb": 17,
    "doubles": 7,
    "h": 38,
    "hr": 3,
    "iso": 0.094,
    "k": 37,
    "obp": 0.29,
    "ops": 0.606,
    "ops_plus": 76.55071527223424,
    "slg": 0.316,
    "triples": 0,
    "woba": 0.2723316062176166,
    "wrc_plus": 88.57648382188798
  },
  "basic_pitching": null,
  "current_team_id": 112,
  "metrics": {
    "barrel_pct_last_50": 0.0,
    "chase_pct_last_50": 0.28378378378378377,
    "contact_pct_last_50": 0.27906976744186046,
    "hard_hit_pct_last_50": 0.20833333333333334,
    "xwoba_last_50": 0.24142424242424243
  },
  "name": "Justin Turner",
  "player_id": 457759,
  "player_name": "Justin Turner",
  "recent_unicorns": [],
  "role": "hitter",
  "roles": [
    "hitter"
  ],
  "team_id": 112,
  "team_name": "CHC"
}
