{
  "basic_batting": {
    "avg": 0.111,
    "babip": 0.14285714285714285,
    "bb": 4,
    "doubles": 1,
    "h": 4,
    "hr": 0,
    "iso": 0.02800000000000001,
    "k": 8,
    "obp": 0.2,
    "ops": 0.339,
    "ops_plus": 1.0364795174921948,
    "slg": 0.139,
    "triples": 0,
    "woba": 0.16749999999999998,
    "wrc_plus": 54.479761810351654
  },
  "basic_pitching": null,
  "current_team_id": 135,
  "metrics": {
    "barrel_pct_last_50": 0.0,
    "chase_pct_last_50": 0.42,
    "contact_pct_last_50": 0.43478260869565216,
    "hard_hit_pct_last_50": 0.15789473684210525,
    "xwoba_last_50": 0.14016
  },
  "name": "Yuli Gurriel",
  "player_id": 493329,
  "player_name": "Yuli Gurriel",
  "recent_unicorns": [],
  "role": "hitter",
  "roles": [
    "hitter"
  ],
  "team_id": 135,
  "team_name": "SD"
}
