{
  "basic_batting": {
    "avg": 0.16666666666666666,
    "babip": 0.17391304347826086,
    "bb": 0,
    "doubles": 0,
    "h": 4,
    "hr": 0,
    "iso": 0.0,
    "k": 1,
    "obp": 0.16666666666666666,
    "ops": 0.3333333333333333,
    "ops_plus": -3,
    "slg": 0.16666666666666666,
    "triples": 0,
    "woba": 0.14833333333333334,
    "wrc_plus": -63
  },
  "basic_pitching": {
    "babip": 0.36363636363636365,
    "bb": 2,
    "era": 12.6,
    "fip": 12.725587005834022,
    "h": 11,
    "hr": 3,
    "ip": 5.0,
    "whip": 2.6
  },
  "current_team_id": 119,
  "metrics": {
    "barrel_pct_last_50": 0.0,
    "chase_pct_last_50": 0.3333,
    "contact_pct_last_50": 0.451,
    "hard_hit_pct_last_50": 0.3043,
    "xwoba_last_50": 0.3092
  },
  "name": "Miguel Rojas",
  "player_id": 500743,
  "player_name": "Miguel Rojas",
  "recent_unicorns": [],
  "role": "reliever",
  "roles": [
    "reliever"
  ],
  "team_id": 119,
  "team_name": "LAD"
}
