{
  "basic_batting": {
    "avg": 0.1509433962264151,
    "babip": 0.21621621621621623,
    "bb": 8,
    "doubles": 2,
    "h": 8,
    "hr": 0,
    "iso": 0.03773584905660379,
    "k": 17,
    "obp": 0.2698412698412698,
    "ops": 0.4585205151242887,
    "ops_plus": 36,
    "slg": 0.18867924528301888,
    "triples": 0,
    "woba": 0.2241269841269841,
    "wrc_plus": 64
  },
  "basic_pitching": null,
  "current_team_id": 134,
  "metrics": {
    "barrel_pct_last_50": 0.0,
    "chase_pct_last_50": 0.21951219512195122,
    "contact_pct_last_50": 0.37777777777777777,
    "hard_hit_pct_last_50": 0.48484848484848486,
    "xwoba_last_50": 0.1864375
  },
  "name": "Tommy Pham",
  "player_id": 502054,
  "player_name": "Tommy Pham",
  "recent_unicorns": [],
  "role": "hitter",
  "roles": [
    "hitter"
  ],
  "team_id": 134,
  "team_name": "PIT"
}
