{
  "basic_batting": {
    "avg": 0.14705882352941177,
    "babip": 0.20833333333333334,
    "bb": 8,
    "doubles": 3,
    "h": 10,
    "hr": 0,
    "iso": 0.04411764705882351,
    "k": 21,
    "obp": 0.24358974358974358,
    "ops": 0.4347662141779789,
    "ops_plus": 28,
    "slg": 0.19117647058823528,
    "triples": 0,
    "woba": 0.2087179487179487,
    "wrc_plus": 63
  },
  "basic_pitching": null,
  "current_team_id": 134,
  "metrics": {
    "barrel_pct_last_50": 0.0,
    "chase_pct_last_50": 0.21686746987951808,
    "contact_pct_last_50": 0.3655913978494624,
    "hard_hit_pct_last_50": 0.5,
    "xwoba_last_50": 0.211
  },
  "name": "Tommy Pham",
  "player_id": 502054,
  "player_name": "Tommy Pham",
  "recent_unicorns": [],
  "role": "hitter",
  "roles": [
    "hitter"
  ],
  "team_id": 134,
  "team_name": "PIT"
}
