{
  "basic_batting": {
    "avg": 0.245,
    "babip": 0.2935153583617747,
    "bb": 50,
    "doubles": 17,
    "h": 96,
    "hr": 10,
    "iso": 0.125,
    "k": 94,
    "obp": 0.33,
    "ops": 0.7,
    "ops_plus": 103.63658595304166,
    "slg": 0.37,
    "triples": 1,
    "woba": 0.3132962138084633,
    "wrc_plus": 101.90031704101546
  },
  "basic_pitching": null,
  "current_team_id": 134,
  "metrics": {
    "barrel_pct_last_50": 0.0,
    "chase_pct_last_50": 0.21951219512195122,
    "contact_pct_last_50": 0.37777777777777777,
    "hard_hit_pct_last_50": 0.48484848484848486,
    "xwoba_last_50": 0.1864375
  },
  "name": "Tommy Pham",
  "player_id": 502054,
  "player_name": "Tommy Pham",
  "recent_unicorns": [],
  "role": "hitter",
  "roles": [
    "hitter"
  ],
  "team_id": 134,
  "team_name": "PIT"
}
