{
  "basic_batting": {
    "avg": 0.3,
    "babip": 0.33962264150943394,
    "bb": 4,
    "doubles": 1,
    "h": 21,
    "hr": 3,
    "iso": 0.14285714285714285,
    "k": 15,
    "obp": 0.3333333333333333,
    "ops": 0.7761904761904761,
    "ops_plus": 123,
    "slg": 0.44285714285714284,
    "triples": 0,
    "woba": 0.3394666666666667,
    "wrc_plus": 65
  },
  "basic_pitching": null,
  "current_team_id": 117,
  "metrics": {
    "barrel_pct_last_50": 0.0,
    "chase_pct_last_50": 0.4111111111111111,
    "contact_pct_last_50": 0.45555555555555555,
    "hard_hit_pct_last_50": 0.2926829268292683,
    "xwoba_last_50": 0.21864
  },
  "name": "Jose Altuve",
  "player_id": 514888,
  "player_name": "Jose Altuve",
  "recent_unicorns": [],
  "role": "hitter",
  "roles": [
    "hitter"
  ],
  "team_id": 117,
  "team_name": "HOU"
}
