{
  "current_team_id": 117,
  "metrics": {
    "barrel_pct_last_50": 0.0,
    "chase_pct_last_50": 0.37777777777777777,
    "contact_pct_last_50": 0.45348837209302323,
    "hard_hit_pct_last_50": 0.3076923076923077,
    "xwoba_last_50": 0.22640816326530613
  },
  "name": "Jose Altuve",
  "player_id": 514888,
  "player_name": "Jose Altuve",
  "recent_unicorns": [],
  "role": "hitter",
  "roles": [
    "hitter"
  ],
  "team_id": 117,
  "team_name": "HOU"
}
