{
  "basic_batting": {
    "avg": 0.16666666666666666,
    "babip": 0.19047619047619047,
    "bb": 1,
    "doubles": 1,
    "h": 5,
    "hr": 1,
    "iso": 0.13333333333333333,
    "k": 9,
    "obp": 0.2777777777777778,
    "ops": 0.5777777777777777,
    "ops_plus": 67,
    "slg": 0.3,
    "triples": 0,
    "woba": 0.26694444444444443,
    "wrc_plus": 145
  },
  "basic_pitching": null,
  "current_team_id": 121,
  "metrics": {
    "barrel_pct_last_50": 0.0,
    "chase_pct_last_50": 0.3384615384615385,
    "contact_pct_last_50": 0.3235294117647059,
    "hard_hit_pct_last_50": 0.3181818181818182,
    "xwoba_last_50": 0.26545714285714284
  },
  "name": "Starling Marte",
  "player_id": 516782,
  "player_name": "Starling Marte",
  "recent_unicorns": [],
  "role": "hitter",
  "roles": [
    "hitter"
  ],
  "team_id": 121,
  "team_name": "NYM"
}
