{
  "basic_batting": {
    "avg": 0.197,
    "babip": 0.26865671641791045,
    "bb": 13,
    "doubles": 13,
    "h": 42,
    "hr": 6,
    "iso": 0.14600000000000002,
    "k": 74,
    "obp": 0.255,
    "ops": 0.598,
    "ops_plus": 72.34424931260375,
    "slg": 0.343,
    "triples": 0,
    "woba": 0.2659307359307359,
    "wrc_plus": 86.49458597945086
  },
  "basic_pitching": null,
  "current_team_id": 108,
  "metrics": {
    "barrel_pct_last_50": 0.0,
    "chase_pct_last_50": 0.3541666666666667,
    "contact_pct_last_50": 0.32653061224489793,
    "hard_hit_pct_last_50": 0.375,
    "xwoba_last_50": 0.22869565217391305
  },
  "name": "Travis d'Arnaud",
  "player_id": 518595,
  "player_name": "Travis d'Arnaud",
  "recent_unicorns": [],
  "role": "hitter",
  "roles": [
    "hitter"
  ],
  "team_id": 108,
  "team_name": "LAA"
}
