{
  "current_team_id": 135,
  "metrics": {
    "barrel_pct_last_50": 0.030303030303030304,
    "chase_pct_last_50": 0.3548387096774194,
    "contact_pct_last_50": 0.39759036144578314,
    "hard_hit_pct_last_50": 0.24242424242424243,
    "xwoba_last_50": 0.24019565217391303
  },
  "name": "Jason Heyward",
  "player_id": 518792,
  "player_name": "Jason Heyward",
  "recent_unicorns": [],
  "role": "hitter",
  "roles": [
    "hitter"
  ],
  "team_id": 135,
  "team_name": "SD"
}
