{
  "basic_batting": {
    "avg": 0.176,
    "babip": 0.19696969696969696,
    "bb": 6,
    "doubles": 2,
    "h": 15,
    "hr": 2,
    "iso": 0.09500000000000003,
    "k": 20,
    "obp": 0.223,
    "ops": 0.494,
    "ops_plus": 37.95930074959792,
    "slg": 0.271,
    "triples": 0,
    "woba": 0.21989361702127658,
    "wrc_plus": 69.19578621191941
  },
  "basic_pitching": null,
  "current_team_id": 135,
  "metrics": {
    "barrel_pct_last_50": 0.030303030303030304,
    "chase_pct_last_50": 0.4,
    "contact_pct_last_50": 0.4177215189873418,
    "hard_hit_pct_last_50": 0.24242424242424243,
    "xwoba_last_50": 0.20874418604651163
  },
  "name": "Jason Heyward",
  "player_id": 518792,
  "player_name": "Jason Heyward",
  "recent_unicorns": [],
  "role": "hitter",
  "roles": [
    "hitter"
  ],
  "team_id": 135,
  "team_name": "SD"
}
