{
  "basic_batting": {
    "avg": 0.20588235294117646,
    "babip": 0.2608695652173913,
    "bb": 5,
    "doubles": 3,
    "h": 14,
    "hr": 2,
    "iso": 0.13235294117647062,
    "k": 20,
    "obp": 0.2602739726027397,
    "ops": 0.5985092667203868,
    "ops_plus": 72,
    "slg": 0.3382352941176471,
    "triples": 0,
    "woba": 0.26671232876712325,
    "wrc_plus": 72
  },
  "basic_pitching": null,
  "current_team_id": 118,
  "metrics": {
    "barrel_pct_last_50": 0.058823529411764705,
    "chase_pct_last_50": 0.4215686274509804,
    "contact_pct_last_50": 0.3269230769230769,
    "hard_hit_pct_last_50": 0.5588235294117647,
    "xwoba_last_50": 0.35164
  },
  "name": "Salvador Perez",
  "player_id": 521692,
  "player_name": "Salvador Perez",
  "recent_unicorns": [],
  "role": "hitter",
  "roles": [
    "hitter"
  ],
  "team_id": 118,
  "team_name": "KC"
}
