{
  "current_team_id": 118,
  "metrics": {
    "barrel_pct_last_50": 0.06666666666666667,
    "chase_pct_last_50": 0.38181818181818183,
    "contact_pct_last_50": 0.28846153846153844,
    "hard_hit_pct_last_50": 0.5666666666666667,
    "xwoba_last_50": 0.38084
  },
  "name": "Salvador Perez",
  "player_id": 521692,
  "player_name": "Salvador Perez",
  "recent_unicorns": [],
  "role": "hitter",
  "roles": [
    "hitter"
  ],
  "team_id": 118,
  "team_name": "KC"
}
