{
  "basic_batting": {
    "avg": 0.18181818181818182,
    "babip": 0.21875,
    "bb": 6,
    "doubles": 4,
    "h": 16,
    "hr": 2,
    "iso": 0.11363636363636365,
    "k": 22,
    "obp": 0.23404255319148937,
    "ops": 0.5294970986460348,
    "ops_plus": 52,
    "slg": 0.29545454545454547,
    "triples": 0,
    "woba": 0.23744680851063826,
    "wrc_plus": 63
  },
  "basic_pitching": null,
  "current_team_id": 118,
  "metrics": {
    "barrel_pct_last_50": 0.07894736842105263,
    "chase_pct_last_50": 0.35714285714285715,
    "contact_pct_last_50": 0.4175824175824176,
    "hard_hit_pct_last_50": 0.5789473684210527,
    "xwoba_last_50": 0.4088775510204082
  },
  "name": "Salvador Perez",
  "player_id": 521692,
  "player_name": "Salvador Perez",
  "recent_unicorns": [],
  "role": "hitter",
  "roles": [
    "hitter"
  ],
  "team_id": 118,
  "team_name": "KC"
}
