{
  "basic_batting": {
    "avg": 0.24193548387096775,
    "babip": 0.2,
    "bb": 2,
    "doubles": 0,
    "h": 15,
    "hr": 6,
    "iso": 0.29032258064516125,
    "k": 11,
    "obp": 0.27692307692307694,
    "ops": 0.8091811414392059,
    "ops_plus": 128,
    "slg": 0.532258064516129,
    "triples": 0,
    "woba": 0.3493846153846154,
    "wrc_plus": 202
  },
  "basic_pitching": null,
  "current_team_id": 137,
  "metrics": {
    "barrel_pct_last_50": 0.02564102564102564,
    "chase_pct_last_50": 0.26373626373626374,
    "contact_pct_last_50": 0.4588235294117647,
    "hard_hit_pct_last_50": 0.23076923076923078,
    "xwoba_last_50": 0.271
  },
  "name": "Wilmer Flores",
  "player_id": 527038,
  "player_name": "Wilmer Flores",
  "recent_unicorns": [],
  "role": "hitter",
  "roles": [
    "hitter"
  ],
  "team_id": 137,
  "team_name": "SF"
}
