{
  "basic_batting": {
    "avg": 0.241,
    "babip": 0.2672955974842767,
    "bb": 34,
    "doubles": 10,
    "h": 101,
    "hr": 16,
    "iso": 0.138,
    "k": 88,
    "obp": 0.307,
    "ops": 0.686,
    "ops_plus": 91.39329677978026,
    "slg": 0.379,
    "triples": 0,
    "woba": 0.3057235421166307,
    "wrc_plus": 96.2046154264051
  },
  "basic_pitching": null,
  "current_team_id": 137,
  "metrics": {
    "barrel_pct_last_50": 0.02564102564102564,
    "chase_pct_last_50": 0.26373626373626374,
    "contact_pct_last_50": 0.4588235294117647,
    "hard_hit_pct_last_50": 0.23076923076923078,
    "xwoba_last_50": 0.271
  },
  "name": "Wilmer Flores",
  "player_id": 527038,
  "player_name": "Wilmer Flores",
  "recent_unicorns": [],
  "role": "hitter",
  "roles": [
    "hitter"
  ],
  "team_id": 137,
  "team_name": "SF"
}
