{
  "basic_batting": {
    "avg": 0.30612244897959184,
    "babip": 0.41379310344827586,
    "bb": 16,
    "doubles": 2,
    "h": 15,
    "hr": 3,
    "iso": 0.22448979591836737,
    "k": 17,
    "obp": 0.47692307692307695,
    "ops": 1.0075353218210361,
    "ops_plus": 192,
    "slg": 0.5306122448979592,
    "triples": 0,
    "woba": 0.44276923076923075,
    "wrc_plus": 208
  },
  "basic_pitching": null,
  "current_team_id": 144,
  "metrics": {
    "barrel_pct_last_50": 0.0,
    "chase_pct_last_50": 0.25,
    "contact_pct_last_50": 0.4,
    "hard_hit_pct_last_50": 0.53125,
    "xwoba_last_50": 0.3117551020408163
  },
  "name": "Marcell Ozuna",
  "player_id": 542303,
  "player_name": "Marcell Ozuna",
  "recent_unicorns": [
    {
      "description": "Marcell Ozuna owns the lowest chase rate over his last 50 PA.",
      "metric_value": 0.0,
      "pattern_id": "UNQ-H-0004",
      "run_date": "2025-03-27",
      "score": 0.739684
    }
  ],
  "role": "hitter",
  "roles": [
    "hitter"
  ],
  "team_id": 144,
  "team_name": "ATL"
}
