{
  "basic_batting": {
    "avg": 0.1,
    "babip": 0.12,
    "bb": 2,
    "doubles": 2,
    "h": 3,
    "hr": 0,
    "iso": 0.06666666666666665,
    "k": 6,
    "obp": 0.15151515151515152,
    "ops": 0.3181818181818182,
    "ops_plus": -8,
    "slg": 0.16666666666666666,
    "triples": 0,
    "woba": 0.14575757575757578,
    "wrc_plus": -51
  },
  "basic_pitching": null,
  "current_team_id": 142,
  "metrics": {
    "barrel_pct_last_50": 0.0,
    "chase_pct_last_50": 0.21428571428571427,
    "contact_pct_last_50": 0.5365853658536586,
    "hard_hit_pct_last_50": 0.3181818181818182,
    "xwoba_last_50": 0.18685185185185185
  },
  "name": "Christian Vázquez",
  "player_id": 543877,
  "player_name": "Christian Vázquez",
  "recent_unicorns": [],
  "role": "hitter",
  "roles": [
    "hitter"
  ],
  "team_id": 142,
  "team_name": "MIN"
}
