{
  "basic_batting": {
    "avg": 0.3442622950819672,
    "babip": 0.4523809523809524,
    "bb": 8,
    "doubles": 5,
    "h": 21,
    "hr": 2,
    "iso": 0.21311475409836061,
    "k": 18,
    "obp": 0.4142857142857143,
    "ops": 0.9716627634660422,
    "ops_plus": 177,
    "slg": 0.5573770491803278,
    "triples": 1,
    "woba": 0.418,
    "wrc_plus": 152
  },
  "basic_pitching": null,
  "current_team_id": 141,
  "metrics": {
    "barrel_pct_last_50": 0.08333333333333333,
    "chase_pct_last_50": 0.19767441860465115,
    "contact_pct_last_50": 0.43902439024390244,
    "hard_hit_pct_last_50": 0.5833333333333334,
    "xwoba_last_50": 0.3664081632653061
  },
  "name": "George Springer",
  "player_id": 543807,
  "player_name": "George Springer",
  "recent_unicorns": [],
  "role": "hitter",
  "roles": [
    "hitter"
  ],
  "team_id": 141,
  "team_name": "TOR"
}
