{
  "basic_batting": {
    "avg": 0.189,
    "babip": 0.21428571428571427,
    "bb": 18,
    "doubles": 7,
    "h": 36,
    "hr": 3,
    "iso": 0.08500000000000002,
    "k": 35,
    "obp": 0.271,
    "ops": 0.545,
    "ops_plus": 59.392380988583525,
    "slg": 0.274,
    "triples": 0,
    "woba": 0.25060747663551397,
    "wrc_plus": 81.51066050743923
  },
  "basic_pitching": null,
  "current_team_id": 142,
  "metrics": {
    "barrel_pct_last_50": 0.0,
    "chase_pct_last_50": 0.21428571428571427,
    "contact_pct_last_50": 0.5365853658536586,
    "hard_hit_pct_last_50": 0.3181818181818182,
    "xwoba_last_50": 0.18685185185185185
  },
  "name": "Christian Vázquez",
  "player_id": 543877,
  "player_name": "Christian Vázquez",
  "recent_unicorns": [],
  "role": "hitter",
  "roles": [
    "hitter"
  ],
  "team_id": 142,
  "team_name": "MIN"
}
