{
  "basic_batting": {
    "avg": 0.306,
    "babip": 0.3374384236453202,
    "bb": 74,
    "doubles": 33,
    "h": 173,
    "hr": 36,
    "iso": 0.25300000000000006,
    "k": 128,
    "obp": 0.393,
    "ops": 0.952,
    "ops_plus": 173.58797151581965,
    "slg": 0.559,
    "triples": 1,
    "woba": 0.41140672782874615,
    "wrc_plus": 133.81098829424636
  },
  "basic_pitching": null,
  "current_team_id": 141,
  "metrics": {
    "barrel_pct_last_50": 0.08571428571428572,
    "chase_pct_last_50": 0.1951219512195122,
    "contact_pct_last_50": 0.42168674698795183,
    "hard_hit_pct_last_50": 0.5428571428571428,
    "xwoba_last_50": 0.366469387755102
  },
  "name": "George Springer",
  "player_id": 543807,
  "player_name": "George Springer",
  "recent_unicorns": [],
  "role": "hitter",
  "roles": [
    "hitter"
  ],
  "team_id": 141,
  "team_name": "TOR"
}
