{
  "basic_batting": {
    "avg": 0.1864406779661017,
    "babip": 0.1282051282051282,
    "bb": 9,
    "doubles": 1,
    "h": 11,
    "hr": 6,
    "iso": 0.3220338983050847,
    "k": 16,
    "obp": 0.29577464788732394,
    "ops": 0.8042492241585104,
    "ops_plus": 128,
    "slg": 0.5084745762711864,
    "triples": 0,
    "woba": 0.3430985915492958,
    "wrc_plus": 155
  },
  "basic_pitching": null,
  "current_team_id": 108,
  "metrics": {
    "barrel_pct_last_50": 0.08333333333333333,
    "chase_pct_last_50": 0.32941176470588235,
    "contact_pct_last_50": 0.36363636363636365,
    "hard_hit_pct_last_50": 0.5,
    "xwoba_last_50": 0.366
  },
  "name": "Mike Trout",
  "player_id": 545361,
  "player_name": "Mike Trout",
  "recent_unicorns": [],
  "role": "hitter",
  "roles": [
    "hitter"
  ],
  "team_id": 108,
  "team_name": "LAA"
}
