{
  "current_team_id": 133,
  "metrics": {
    "barrel_pct_last_50": 0.029411764705882353,
    "chase_pct_last_50": 0.35443037974683544,
    "contact_pct_last_50": 0.425,
    "hard_hit_pct_last_50": 0.38235294117647056,
    "xwoba_last_50": 0.28546666666666665
  },
  "name": "Gio Urshela",
  "player_id": 570482,
  "player_name": "Gio Urshela",
  "recent_unicorns": [],
  "role": "hitter",
  "roles": [
    "hitter"
  ],
  "team_id": 133,
  "team_name": "ATH"
}
