{
  "basic_batting": {
    "avg": 0.3064516129032258,
    "babip": 0.3958333333333333,
    "bb": 4,
    "doubles": 9,
    "h": 19,
    "hr": 0,
    "iso": 0.14516129032258063,
    "k": 15,
    "obp": 0.34328358208955223,
    "ops": 0.7948964853153586,
    "ops_plus": 127,
    "slg": 0.45161290322580644,
    "triples": 0,
    "woba": 0.3446268656716418,
    "wrc_plus": 112
  },
  "basic_pitching": {
    "babip": 0.5,
    "bb": 0,
    "era": 9.0,
    "fip": 16.12558700583402,
    "h": 3,
    "hr": 1,
    "ip": 1.0,
    "whip": 3.0
  },
  "current_team_id": 115,
  "metrics": {
    "barrel_pct_last_50": 0.0,
    "chase_pct_last_50": 0.3783783783783784,
    "contact_pct_last_50": 0.45121951219512196,
    "hard_hit_pct_last_50": 0.3783783783783784,
    "xwoba_last_50": 0.23568
  },
  "name": "Kyle Farmer",
  "player_id": 571657,
  "player_name": "Kyle Farmer",
  "recent_unicorns": [],
  "role": "hitter",
  "roles": [
    "hitter"
  ],
  "team_id": 115,
  "team_name": "COL"
}
