{
  "basic_batting": {
    "avg": 0.213,
    "babip": 0.2613065326633166,
    "bb": 22,
    "doubles": 12,
    "h": 63,
    "hr": 11,
    "iso": 0.152,
    "k": 92,
    "obp": 0.262,
    "ops": 0.627,
    "ops_plus": 80.37916650828043,
    "slg": 0.365,
    "triples": 0,
    "woba": 0.27506172839506177,
    "wrc_plus": 89.46446236481556
  },
  "basic_pitching": {
    "babip": 0.37037037037037035,
    "bb": 8,
    "era": 15.19,
    "fip": 9.68808700583402,
    "h": 11,
    "hr": 1,
    "ip": 5.1,
    "whip": 3.563
  },
  "current_team_id": 119,
  "metrics": {
    "barrel_pct_last_50": 0.08,
    "chase_pct_last_50": 0.4065934065934066,
    "contact_pct_last_50": 0.2840909090909091,
    "hard_hit_pct_last_50": 0.48,
    "xwoba_last_50": 0.256775
  },
  "name": "Enrique Hernández",
  "player_id": 571771,
  "player_name": "Enrique Hernández",
  "recent_unicorns": [],
  "role": "hitter",
  "roles": [
    "hitter"
  ],
  "team_id": 119,
  "team_name": "LAD"
}
