{
  "basic_batting": {
    "avg": 0.1702127659574468,
    "babip": 0.3076923076923077,
    "bb": 6,
    "doubles": 3,
    "h": 8,
    "hr": 0,
    "iso": 0.06382978723404256,
    "k": 22,
    "obp": 0.2727272727272727,
    "ops": 0.5067698259187621,
    "ops_plus": 49,
    "slg": 0.23404255319148937,
    "triples": 0,
    "woba": 0.23854545454545453,
    "wrc_plus": 22
  },
  "basic_pitching": null,
  "current_team_id": 119,
  "metrics": {
    "barrel_pct_last_50": 0.0,
    "chase_pct_last_50": 0.2826086956521739,
    "contact_pct_last_50": 0.24528301886792453,
    "hard_hit_pct_last_50": 0.5,
    "xwoba_last_50": 0.24797959183673468
  },
  "name": "Max Muncy",
  "player_id": 571970,
  "player_name": "Max Muncy",
  "recent_unicorns": [],
  "role": "hitter",
  "roles": [
    "hitter"
  ],
  "team_id": 119,
  "team_name": "LAD"
}
