{
  "basic_batting": {
    "avg": 0.2,
    "babip": 0.2808988764044944,
    "bb": 23,
    "doubles": 20,
    "h": 59,
    "hr": 9,
    "iso": 0.16599999999999998,
    "k": 110,
    "obp": 0.259,
    "ops": 0.625,
    "ops_plus": 79.67355836849508,
    "slg": 0.366,
    "triples": 1,
    "woba": 0.2751401869158879,
    "wrc_plus": 89.48998117989973
  },
  "basic_pitching": null,
  "current_team_id": 145,
  "metrics": {
    "barrel_pct_last_50": 0.0,
    "chase_pct_last_50": 0.4107142857142857,
    "contact_pct_last_50": 0.390625,
    "hard_hit_pct_last_50": 0.44,
    "xwoba_last_50": 0.2571764705882353
  },
  "name": "Michael A. Taylor",
  "player_id": 572191,
  "player_name": "Michael A. Taylor",
  "recent_unicorns": [],
  "role": "hitter",
  "roles": [
    "hitter"
  ],
  "team_id": 145,
  "team_name": "CWS"
}
