{
  "basic_batting": {
    "avg": 0.17647058823529413,
    "babip": 0.20833333333333334,
    "bb": 3,
    "doubles": 1,
    "h": 6,
    "hr": 1,
    "iso": 0.11764705882352941,
    "k": 9,
    "obp": 0.24324324324324326,
    "ops": 0.5373608903020668,
    "ops_plus": 55,
    "slg": 0.29411764705882354,
    "triples": 0,
    "woba": 0.24324324324324326,
    "wrc_plus": 50
  },
  "basic_pitching": null,
  "current_team_id": 145,
  "metrics": {
    "barrel_pct_last_50": 0.0,
    "chase_pct_last_50": 0.4107142857142857,
    "contact_pct_last_50": 0.390625,
    "hard_hit_pct_last_50": 0.44,
    "xwoba_last_50": 0.2571764705882353
  },
  "name": "Michael A. Taylor",
  "player_id": 572191,
  "player_name": "Michael A. Taylor",
  "recent_unicorns": [],
  "role": "hitter",
  "roles": [
    "hitter"
  ],
  "team_id": 145,
  "team_name": "CWS"
}
