{
  "basic_batting": {
    "avg": 0.16393442622950818,
    "babip": 0.23684210526315788,
    "bb": 8,
    "doubles": 1,
    "h": 10,
    "hr": 1,
    "iso": 0.0655737704918033,
    "k": 22,
    "obp": 0.28169014084507044,
    "ops": 0.5111983375663819,
    "ops_plus": 50,
    "slg": 0.22950819672131148,
    "triples": 0,
    "woba": 0.24577464788732392,
    "wrc_plus": 42
  },
  "basic_pitching": null,
  "current_team_id": 117,
  "metrics": {
    "barrel_pct_last_50": 0.03333333333333333,
    "chase_pct_last_50": 0.3163265306122449,
    "contact_pct_last_50": 0.2857142857142857,
    "hard_hit_pct_last_50": 0.36666666666666664,
    "xwoba_last_50": 0.2317
  },
  "name": "Christian Walker",
  "player_id": 572233,
  "player_name": "Christian Walker",
  "recent_unicorns": [],
  "role": "hitter",
  "roles": [
    "hitter"
  ],
  "team_id": 117,
  "team_name": "HOU"
}
