{
  "basic_batting": {
    "avg": 0.233,
    "babip": 0.26330532212885155,
    "bb": 72,
    "doubles": 28,
    "h": 111,
    "hr": 17,
    "iso": 0.17,
    "k": 108,
    "obp": 0.333,
    "ops": 0.735,
    "ops_plus": 105.59524899080502,
    "slg": 0.403,
    "triples": 1,
    "woba": 0.32706834532374107,
    "wrc_plus": 102.92136536877285
  },
  "basic_pitching": {
    "babip": 0.4,
    "bb": 1,
    "era": 18.0,
    "fip": 9.12558700583402,
    "h": 2,
    "hr": 0,
    "ip": 1.0,
    "whip": 3.0
  },
  "current_team_id": 137,
  "metrics": {
    "barrel_pct_last_50": 0.06451612903225806,
    "chase_pct_last_50": 0.30864197530864196,
    "contact_pct_last_50": 0.3595505617977528,
    "hard_hit_pct_last_50": 0.4838709677419355,
    "xwoba_last_50": 0.30976086956521737
  },
  "name": "Mike Yastrzemski",
  "player_id": 573262,
  "player_name": "Mike Yastrzemski",
  "recent_unicorns": [],
  "role": "hitter",
  "roles": [
    "hitter"
  ],
  "team_id": 137,
  "team_name": "SF"
}
