{
  "basic_batting": {
    "avg": 0.2916666666666667,
    "babip": 0.358974358974359,
    "bb": 3,
    "doubles": 4,
    "h": 14,
    "hr": 0,
    "iso": 0.08333333333333331,
    "k": 9,
    "obp": 0.3333333333333333,
    "ops": 0.7083333333333333,
    "ops_plus": 104,
    "slg": 0.375,
    "triples": 0,
    "woba": 0.31470588235294117,
    "wrc_plus": 180
  },
  "basic_pitching": null,
  "current_team_id": 135,
  "metrics": {
    "barrel_pct_last_50": 0.0,
    "chase_pct_last_50": 0.4318181818181818,
    "contact_pct_last_50": 0.40860215053763443,
    "hard_hit_pct_last_50": 0.21052631578947367,
    "xwoba_last_50": 0.20531818181818182
  },
  "name": "Jose Iglesias",
  "player_id": 578428,
  "player_name": "Jose Iglesias",
  "recent_unicorns": [],
  "role": "hitter",
  "roles": [
    "hitter"
  ],
  "team_id": 135,
  "team_name": "SD"
}
