{
  "basic_batting": {
    "avg": 0.30303030303030304,
    "babip": 0.35714285714285715,
    "bb": 3,
    "doubles": 3,
    "h": 10,
    "hr": 0,
    "iso": 0.09090909090909088,
    "k": 5,
    "obp": 0.3611111111111111,
    "ops": 0.755050505050505,
    "ops_plus": 119,
    "slg": 0.3939393939393939,
    "triples": 0,
    "woba": 0.3363888888888889,
    "wrc_plus": 285
  },
  "basic_pitching": null,
  "current_team_id": 135,
  "metrics": {
    "barrel_pct_last_50": 0.0,
    "chase_pct_last_50": 0.40298507462686567,
    "contact_pct_last_50": 0.4375,
    "hard_hit_pct_last_50": 0.17857142857142858,
    "xwoba_last_50": 0.18993939393939394
  },
  "name": "Jose Iglesias",
  "player_id": 578428,
  "player_name": "Jose Iglesias",
  "recent_unicorns": [],
  "role": "hitter",
  "roles": [
    "hitter"
  ],
  "team_id": 135,
  "team_name": "SD"
}
