{
  "basic_batting": {
    "avg": 0.35714285714285715,
    "babip": 0.45454545454545453,
    "bb": 2,
    "doubles": 2,
    "h": 5,
    "hr": 0,
    "iso": 0.14285714285714285,
    "k": 3,
    "obp": 0.47058823529411764,
    "ops": 0.9705882352941176,
    "ops_plus": 182,
    "slg": 0.5,
    "triples": 0,
    "woba": 0.43,
    "wrc_plus": 134
  },
  "basic_pitching": null,
  "current_team_id": 118,
  "metrics": {
    "barrel_pct_last_50": 0.0,
    "chase_pct_last_50": 0.2222222222222222,
    "contact_pct_last_50": 0.36666666666666664,
    "hard_hit_pct_last_50": 0.36363636363636365,
    "xwoba_last_50": 0.31626666666666664
  },
  "name": "Mark Canha",
  "player_id": 592192,
  "player_name": "Mark Canha",
  "recent_unicorns": [],
  "role": "hitter",
  "roles": [
    "hitter"
  ],
  "team_id": 118,
  "team_name": "KC"
}
