{
  "basic_batting": {
    "avg": 0.182,
    "babip": 0.22784810126582278,
    "bb": 8,
    "doubles": 6,
    "h": 18,
    "hr": 0,
    "iso": 0.06,
    "k": 21,
    "obp": 0.241,
    "ops": 0.483,
    "ops_plus": 41.309576665272864,
    "slg": 0.242,
    "triples": 0,
    "woba": 0.22055555555555556,
    "wrc_plus": 71.73620377681462
  },
  "basic_pitching": null,
  "current_team_id": 118,
  "metrics": {
    "barrel_pct_last_50": 0.034482758620689655,
    "chase_pct_last_50": 0.27631578947368424,
    "contact_pct_last_50": 0.4027777777777778,
    "hard_hit_pct_last_50": 0.27586206896551724,
    "xwoba_last_50": 0.1606190476190476
  },
  "name": "Hunter Renfroe",
  "player_id": 592669,
  "player_name": "Hunter Renfroe",
  "recent_unicorns": [],
  "role": "hitter",
  "roles": [
    "hitter"
  ],
  "team_id": 118,
  "team_name": "KC"
}
