{
  "current_team_id": 143,
  "metrics": {
    "barrel_pct_last_50": 0.02857142857142857,
    "chase_pct_last_50": 0.21212121212121213,
    "contact_pct_last_50": 0.3977272727272727,
    "hard_hit_pct_last_50": 0.42857142857142855,
    "xwoba_last_50": 0.3656734693877551
  },
  "name": "J.T. Realmuto",
  "player_id": 592663,
  "player_name": "J.T. Realmuto",
  "recent_unicorns": [],
  "role": "hitter",
  "roles": [
    "hitter"
  ],
  "team_id": 143,
  "team_name": "PHI"
}
