{
  "basic_batting": {
    "avg": 0.24489795918367346,
    "babip": 0.3142857142857143,
    "bb": 6,
    "doubles": 1,
    "h": 12,
    "hr": 1,
    "iso": 0.12244897959183676,
    "k": 13,
    "obp": 0.32727272727272727,
    "ops": 0.6946196660482375,
    "ops_plus": 101,
    "slg": 0.3673469387755102,
    "triples": 1,
    "woba": 0.31163636363636366,
    "wrc_plus": 93
  },
  "basic_pitching": null,
  "current_team_id": 143,
  "metrics": {
    "barrel_pct_last_50": 0.05555555555555555,
    "chase_pct_last_50": 0.2619047619047619,
    "contact_pct_last_50": 0.3673469387755102,
    "hard_hit_pct_last_50": 0.4444444444444444,
    "xwoba_last_50": 0.31020408163265306
  },
  "name": "J.T. Realmuto",
  "player_id": 592663,
  "player_name": "J.T. Realmuto",
  "recent_unicorns": [],
  "role": "hitter",
  "roles": [
    "hitter"
  ],
  "team_id": 143,
  "team_name": "PHI"
}
