{
  "basic_batting": {
    "avg": 0.264,
    "babip": 0.3027295285359802,
    "bb": 48,
    "doubles": 31,
    "h": 133,
    "hr": 11,
    "iso": 0.128,
    "k": 97,
    "obp": 0.329,
    "ops": 0.72,
    "ops_plus": 109.08977205053154,
    "slg": 0.392,
    "triples": 0,
    "woba": 0.3187566607460035,
    "wrc_plus": 103.67634001734534
  },
  "basic_pitching": null,
  "current_team_id": 135,
  "metrics": {
    "barrel_pct_last_50": 0.0,
    "chase_pct_last_50": 0.2716049382716049,
    "contact_pct_last_50": 0.4588235294117647,
    "hard_hit_pct_last_50": 0.4473684210526316,
    "xwoba_last_50": 0.28517021276595744
  },
  "name": "Xander Bogaerts",
  "player_id": 593428,
  "player_name": "Xander Bogaerts",
  "recent_unicorns": [],
  "role": "hitter",
  "roles": [
    "hitter"
  ],
  "team_id": 135,
  "team_name": "SD"
}
