{
  "basic_batting": {
    "avg": 0.245,
    "babip": 0.2612244897959184,
    "bb": 48,
    "doubles": 16,
    "h": 78,
    "hr": 14,
    "iso": 0.189,
    "k": 59,
    "obp": 0.353,
    "ops": 0.787,
    "ops_plus": 119.62784485462379,
    "slg": 0.434,
    "triples": 1,
    "woba": 0.35010781671159036,
    "wrc_plus": 110.17139089559385
  },
  "basic_pitching": null,
  "current_team_id": 144,
  "metrics": {
    "barrel_pct_last_50": 0.0,
    "chase_pct_last_50": 0.43243243243243246,
    "contact_pct_last_50": 0.2553191489361702,
    "hard_hit_pct_last_50": 0.18181818181818182,
    "xwoba_last_50": 0.12178571428571429
  },
  "name": "Jurickson Profar",
  "player_id": 595777,
  "player_name": "Jurickson Profar",
  "recent_unicorns": [],
  "role": "hitter",
  "roles": [
    "hitter"
  ],
  "team_id": 144,
  "team_name": "ATL"
}
