{
  "basic_batting": {
    "avg": 0.15789473684210525,
    "babip": 0.125,
    "bb": 5,
    "doubles": 0,
    "h": 3,
    "hr": 2,
    "iso": 0.3157894736842105,
    "k": 9,
    "obp": 0.3333333333333333,
    "ops": 0.8070175438596491,
    "ops_plus": 129,
    "slg": 0.47368421052631576,
    "triples": 0,
    "woba": 0.3558333333333333,
    "wrc_plus": 17
  },
  "basic_pitching": {
    "babip": 0.42857142857142855,
    "bb": 1,
    "era": 6.0,
    "fip": 3.458920339167355,
    "h": 6,
    "hr": 0,
    "ip": 3.0,
    "whip": 2.333
  },
  "current_team_id": 114,
  "metrics": {
    "barrel_pct_last_50": 0.0,
    "chase_pct_last_50": 0.40540540540540543,
    "contact_pct_last_50": 0.23809523809523808,
    "hard_hit_pct_last_50": 0.4,
    "xwoba_last_50": 0.16052631578947368
  },
  "name": "Austin Hedges",
  "player_id": 595978,
  "player_name": "Austin Hedges",
  "recent_unicorns": [],
  "role": "hitter",
  "roles": [
    "hitter"
  ],
  "team_id": 114,
  "team_name": "CLE"
}
