{
  "basic_batting": {
    "avg": 0.16666666666666666,
    "babip": 0.25,
    "bb": 5,
    "doubles": 0,
    "h": 2,
    "hr": 1,
    "iso": 0.25,
    "k": 7,
    "obp": 0.4117647058823529,
    "ops": 0.8284313725490196,
    "ops_plus": 141,
    "slg": 0.4166666666666667,
    "triples": 0,
    "woba": 0.37882352941176467,
    "wrc_plus": 5
  },
  "basic_pitching": {
    "babip": 0.42857142857142855,
    "bb": 1,
    "era": 6.0,
    "fip": 3.458920339167355,
    "h": 6,
    "hr": 0,
    "ip": 3.0,
    "whip": 2.333
  },
  "current_team_id": 114,
  "metrics": {
    "barrel_pct_last_50": 0.0,
    "chase_pct_last_50": 0.44,
    "contact_pct_last_50": 0.2,
    "hard_hit_pct_last_50": 0.4,
    "xwoba_last_50": 0.10041666666666667
  },
  "name": "Austin Hedges",
  "player_id": 595978,
  "player_name": "Austin Hedges",
  "recent_unicorns": [],
  "role": "hitter",
  "roles": [
    "hitter"
  ],
  "team_id": 114,
  "team_name": "CLE"
}
