{
  "basic_batting": {
    "avg": 0.267,
    "babip": 0.2883435582822086,
    "bb": 65,
    "doubles": 35,
    "h": 172,
    "hr": 31,
    "iso": 0.199,
    "k": 131,
    "obp": 0.346,
    "ops": 0.811,
    "ops_plus": 134.00398626474575,
    "slg": 0.466,
    "triples": 0,
    "woba": 0.3555464480874317,
    "wrc_plus": 115.64230330937218
  },
  "basic_pitching": null,
  "current_team_id": 121,
  "metrics": {
    "barrel_pct_last_50": 0.04878048780487805,
    "chase_pct_last_50": 0.30392156862745096,
    "contact_pct_last_50": 0.4215686274509804,
    "hard_hit_pct_last_50": 0.5365853658536586,
    "xwoba_last_50": 0.3390625
  },
  "name": "Francisco Lindor",
  "player_id": 596019,
  "player_name": "Francisco Lindor",
  "recent_unicorns": [
    {
      "description": "Francisco Lindor: Δ100+ = 2.925 over the last 50 AB.",
      "metric_value": 2.924528,
      "pattern_id": "UNQ-H-0561",
      "run_date": "2025-04-15",
      "score": 2.924528
    }
  ],
  "role": "hitter",
  "roles": [
    "hitter"
  ],
  "team_id": 121,
  "team_name": "NYM"
}
