{
  "basic_batting": {
    "avg": 0.231,
    "babip": 0.26666666666666666,
    "bb": 4,
    "doubles": 2,
    "h": 21,
    "hr": 5,
    "iso": 0.18699999999999997,
    "k": 27,
    "obp": 0.297,
    "ops": 0.715,
    "ops_plus": 97.88638666693288,
    "slg": 0.418,
    "triples": 0,
    "woba": 0.31544554455445545,
    "wrc_plus": 99.26392024549125
  },
  "basic_pitching": {
    "babip": 0.25,
    "bb": 1,
    "era": 36.0,
    "fip": 22.12558700583402,
    "h": 2,
    "hr": 1,
    "ip": 1.0,
    "whip": 3.0
  },
  "current_team_id": 110,
  "metrics": {
    "barrel_pct_last_50": 0.0,
    "chase_pct_last_50": 0.2619047619047619,
    "contact_pct_last_50": 0.3023255813953488,
    "hard_hit_pct_last_50": 0.6153846153846154,
    "xwoba_last_50": 0.25633333333333336
  },
  "name": "Gary Sánchez",
  "player_id": 596142,
  "player_name": "Gary Sánchez",
  "recent_unicorns": [],
  "role": "hitter",
  "roles": [
    "hitter"
  ],
  "team_id": 110,
  "team_name": "BAL"
}
