{
  "basic_batting": {
    "avg": 0.3108108108108108,
    "babip": 0.4166666666666667,
    "bb": 2,
    "doubles": 2,
    "h": 23,
    "hr": 3,
    "iso": 0.14864864864864868,
    "k": 23,
    "obp": 0.32894736842105265,
    "ops": 0.7884068278805121,
    "ops_plus": 125,
    "slg": 0.4594594594594595,
    "triples": 0,
    "woba": 0.3452631578947368,
    "wrc_plus": 114
  },
  "basic_pitching": null,
  "current_team_id": 111,
  "metrics": {
    "barrel_pct_last_50": 0.058823529411764705,
    "chase_pct_last_50": 0.40594059405940597,
    "contact_pct_last_50": 0.2809917355371901,
    "hard_hit_pct_last_50": 0.5882352941176471,
    "xwoba_last_50": 0.3379
  },
  "name": "Trevor Story",
  "player_id": 596115,
  "player_name": "Trevor Story",
  "recent_unicorns": [],
  "role": "hitter",
  "roles": [
    "hitter"
  ],
  "team_id": 111,
  "team_name": "BOS"
}
