{
  "basic_batting": {
    "avg": 0.21739130434782608,
    "babip": 0.2641509433962264,
    "bb": 8,
    "doubles": 5,
    "h": 15,
    "hr": 1,
    "iso": 0.11594202898550723,
    "k": 15,
    "obp": 0.3076923076923077,
    "ops": 0.641025641025641,
    "ops_plus": 85,
    "slg": 0.3333333333333333,
    "triples": 0,
    "woba": 0.29102564102564105,
    "wrc_plus": 34
  },
  "basic_pitching": null,
  "current_team_id": 143,
  "metrics": {
    "barrel_pct_last_50": 0.0,
    "chase_pct_last_50": 0.32432432432432434,
    "contact_pct_last_50": 0.4148936170212766,
    "hard_hit_pct_last_50": 0.5128205128205128,
    "xwoba_last_50": 0.29972
  },
  "name": "Max Kepler",
  "player_id": 596146,
  "player_name": "Max Kepler",
  "recent_unicorns": [],
  "role": "hitter",
  "roles": [
    "hitter"
  ],
  "team_id": 143,
  "team_name": "PHI"
}
