{
  "basic_batting": {
    "avg": 0.12280701754385964,
    "babip": 0.16216216216216217,
    "bb": 7,
    "doubles": 1,
    "h": 7,
    "hr": 1,
    "iso": 0.07017543859649122,
    "k": 20,
    "obp": 0.2153846153846154,
    "ops": 0.40836707152496626,
    "ops_plus": 20,
    "slg": 0.19298245614035087,
    "triples": 0,
    "woba": 0.19461538461538463,
    "wrc_plus": 20
  },
  "basic_pitching": null,
  "current_team_id": 113,
  "metrics": {
    "barrel_pct_last_50": 0.0,
    "chase_pct_last_50": 0.3854166666666667,
    "contact_pct_last_50": 0.28440366972477066,
    "hard_hit_pct_last_50": 0.2903225806451613,
    "xwoba_last_50": 0.13624489795918368
  },
  "name": "Jeimer Candelario",
  "player_id": 600869,
  "player_name": "Jeimer Candelario",
  "recent_unicorns": [],
  "role": "hitter",
  "roles": [
    "hitter"
  ],
  "team_id": 113,
  "team_name": "CIN"
}
