{
  "basic_batting": {
    "avg": 0.12857142857142856,
    "babip": 0.1590909090909091,
    "bb": 9,
    "doubles": 2,
    "h": 9,
    "hr": 2,
    "iso": 0.1142857142857143,
    "k": 25,
    "obp": 0.225,
    "ops": 0.46785714285714286,
    "ops_plus": 35,
    "slg": 0.24285714285714285,
    "triples": 0,
    "woba": 0.21749999999999997,
    "wrc_plus": 49
  },
  "basic_pitching": null,
  "current_team_id": 113,
  "metrics": {
    "barrel_pct_last_50": 0.03125,
    "chase_pct_last_50": 0.36893203883495146,
    "contact_pct_last_50": 0.2711864406779661,
    "hard_hit_pct_last_50": 0.28125,
    "xwoba_last_50": 0.16163265306122448
  },
  "name": "Jeimer Candelario",
  "player_id": 600869,
  "player_name": "Jeimer Candelario",
  "recent_unicorns": [],
  "role": "hitter",
  "roles": [
    "hitter"
  ],
  "team_id": 113,
  "team_name": "CIN"
}
