{
  "basic_batting": {
    "avg": 0.3191489361702128,
    "babip": 0.375,
    "bb": 6,
    "doubles": 2,
    "h": 15,
    "hr": 0,
    "iso": 0.04255319148936171,
    "k": 8,
    "obp": 0.3888888888888889,
    "ops": 0.7505910165484634,
    "slg": 0.3617021276595745,
    "triples": 0,
    "woba": 0.3574074074074074
  },
  "basic_pitching": null,
  "current_team_id": 110,
  "metrics": {
    "barrel_pct_last_50": 0.0,
    "chase_pct_last_50": 0.3076923076923077,
    "contact_pct_last_50": 0.43373493975903615,
    "hard_hit_pct_last_50": 0.3888888888888889,
    "xwoba_last_50": 0.26127272727272727
  },
  "name": "Ramón Urías",
  "player_id": 602104,
  "player_name": "Ramón Urías",
  "recent_unicorns": [],
  "role": "hitter",
  "roles": [
    "hitter"
  ],
  "team_id": 110,
  "team_name": "BAL"
}
