{
  "basic_batting": {
    "avg": 0.14035087719298245,
    "babip": 0.15,
    "bb": 9,
    "doubles": 0,
    "h": 8,
    "hr": 2,
    "iso": 0.14035087719298245,
    "k": 15,
    "obp": 0.26865671641791045,
    "ops": 0.5493584708038753,
    "ops_plus": 59,
    "slg": 0.2807017543859649,
    "triples": 1,
    "woba": 0.25671641791044775,
    "wrc_plus": 46
  },
  "basic_pitching": null,
  "current_team_id": 120,
  "metrics": {
    "barrel_pct_last_50": 0.05714285714285714,
    "chase_pct_last_50": 0.3829787234042553,
    "contact_pct_last_50": 0.33653846153846156,
    "hard_hit_pct_last_50": 0.42857142857142855,
    "xwoba_last_50": 0.24472
  },
  "name": "Josh Bell",
  "player_id": 605137,
  "player_name": "Josh Bell",
  "recent_unicorns": [],
  "role": "hitter",
  "roles": [
    "hitter"
  ],
  "team_id": 120,
  "team_name": "WSH"
}
