{
  "basic_batting": {
    "avg": 0.25,
    "babip": 0.30434782608695654,
    "bb": 3,
    "doubles": 2,
    "h": 7,
    "hr": 0,
    "iso": 0.07142857142857145,
    "k": 5,
    "obp": 0.34375,
    "ops": 0.6651785714285714,
    "slg": 0.32142857142857145,
    "triples": 0,
    "woba": 0.334375
  },
  "basic_pitching": null,
  "current_team_id": 117,
  "metrics": {
    "barrel_pct_last_50": 0.0,
    "chase_pct_last_50": 0.14285714285714285,
    "contact_pct_last_50": 0.425531914893617,
    "hard_hit_pct_last_50": 0.25,
    "xwoba_last_50": 0.2668076923076923
  },
  "name": "Victor Caratini",
  "player_id": 605170,
  "player_name": "Victor Caratini",
  "recent_unicorns": [
    {
      "description": "Victor Caratini owns the lowest chase rate over his last 50 PA.",
      "metric_value": 0.0,
      "pattern_id": "UNQ-H-0004",
      "run_date": "2025-04-03",
      "score": 1.312567
    }
  ],
  "role": "hitter",
  "roles": [
    "hitter"
  ],
  "team_id": 117,
  "team_name": "HOU"
}
