{
  "basic_batting": {
    "avg": 0.3055555555555556,
    "babip": 0.36666666666666664,
    "bb": 5,
    "doubles": 2,
    "h": 11,
    "hr": 0,
    "iso": 0.055555555555555525,
    "k": 6,
    "obp": 0.3902439024390244,
    "ops": 0.7513550135501355,
    "ops_plus": 120,
    "slg": 0.3611111111111111,
    "triples": 0,
    "woba": 0.34146341463414637,
    "wrc_plus": 75
  },
  "basic_pitching": null,
  "current_team_id": 115,
  "metrics": {
    "barrel_pct_last_50": 0.0,
    "chase_pct_last_50": 0.25,
    "contact_pct_last_50": 0.5172413793103449,
    "hard_hit_pct_last_50": 0.3333333333333333,
    "xwoba_last_50": 0.2244722222222222
  },
  "name": "Nick Martini",
  "player_id": 605361,
  "player_name": "Nick Martini",
  "recent_unicorns": [],
  "role": "hitter",
  "roles": [
    "hitter"
  ],
  "team_id": 115,
  "team_name": "COL"
}
