{
  "basic_batting": {
    "avg": 0.2826086956521739,
    "babip": 0.34210526315789475,
    "bb": 5,
    "doubles": 2,
    "h": 13,
    "hr": 0,
    "iso": 0.043478260869565244,
    "k": 8,
    "obp": 0.35294117647058826,
    "ops": 0.6790281329923273,
    "ops_plus": 98,
    "slg": 0.32608695652173914,
    "triples": 0,
    "woba": 0.3094117647058824,
    "wrc_plus": 60
  },
  "basic_pitching": null,
  "current_team_id": 115,
  "metrics": {
    "barrel_pct_last_50": 0.0,
    "chase_pct_last_50": 0.2375,
    "contact_pct_last_50": 0.4533333333333333,
    "hard_hit_pct_last_50": 0.35294117647058826,
    "xwoba_last_50": 0.2378095238095238
  },
  "name": "Nick Martini",
  "player_id": 605361,
  "player_name": "Nick Martini",
  "recent_unicorns": [],
  "role": "hitter",
  "roles": [
    "hitter"
  ],
  "team_id": 115,
  "team_name": "COL"
}
