{
  "basic_batting": {
    "avg": 0.20833333333333334,
    "babip": 0.29411764705882354,
    "bb": 1,
    "doubles": 1,
    "h": 5,
    "hr": 0,
    "iso": 0.04166666666666666,
    "k": 7,
    "obp": 0.24,
    "ops": 0.49,
    "ops_plus": 42,
    "slg": 0.25,
    "triples": 0,
    "woba": 0.2208,
    "wrc_plus": 97
  },
  "basic_pitching": null,
  "current_team_id": 144,
  "metrics": {
    "barrel_pct_last_50": 0.0,
    "chase_pct_last_50": 0.29411764705882354,
    "contact_pct_last_50": 0.3541666666666667,
    "hard_hit_pct_last_50": 0.29411764705882354,
    "xwoba_last_50": 0.17741666666666667
  },
  "name": "Orlando Arcia",
  "player_id": 606115,
  "player_name": "Orlando Arcia",
  "recent_unicorns": [],
  "role": "hitter",
  "roles": [
    "hitter"
  ],
  "team_id": 144,
  "team_name": "ATL"
}
