{
  "basic_batting": {
    "avg": 0.248,
    "babip": 0.2835820895522388,
    "bb": 31,
    "doubles": 30,
    "h": 144,
    "hr": 30,
    "iso": 0.21000000000000002,
    "k": 155,
    "obp": 0.287,
    "ops": 0.744,
    "ops_plus": 112.86339123934059,
    "slg": 0.458,
    "triples": 1,
    "woba": 0.3222866344605475,
    "wrc_plus": 104.82447211982388
  },
  "basic_pitching": null,
  "current_team_id": 119,
  "metrics": {
    "barrel_pct_last_50": 0.024390243902439025,
    "chase_pct_last_50": 0.2976190476190476,
    "contact_pct_last_50": 0.44086021505376344,
    "hard_hit_pct_last_50": 0.2682926829268293,
    "xwoba_last_50": 0.31904
  },
  "name": "Teoscar Hernández",
  "player_id": 606192,
  "player_name": "Teoscar Hernández",
  "recent_unicorns": [],
  "role": "hitter",
  "roles": [
    "hitter"
  ],
  "team_id": 119,
  "team_name": "LAD"
}
