{
  "basic_batting": {
    "avg": 0.30357142857142855,
    "babip": 0.2926829268292683,
    "bb": 2,
    "doubles": 3,
    "h": 17,
    "hr": 5,
    "iso": 0.32142857142857145,
    "k": 11,
    "obp": 0.3220338983050847,
    "ops": 0.9470338983050848,
    "ops_plus": 166,
    "slg": 0.625,
    "triples": 0,
    "woba": 0.40169491525423734,
    "wrc_plus": 214
  },
  "basic_pitching": null,
  "current_team_id": 119,
  "metrics": {
    "barrel_pct_last_50": 0.024390243902439025,
    "chase_pct_last_50": 0.2976190476190476,
    "contact_pct_last_50": 0.44086021505376344,
    "hard_hit_pct_last_50": 0.2682926829268293,
    "xwoba_last_50": 0.31904
  },
  "name": "Teoscar Hernández",
  "player_id": 606192,
  "player_name": "Teoscar Hernández",
  "recent_unicorns": [],
  "role": "hitter",
  "roles": [
    "hitter"
  ],
  "team_id": 119,
  "team_name": "LAD"
}
