{
  "basic_batting": {
    "avg": 0.34615384615384615,
    "babip": 0.4090909090909091,
    "bb": 6,
    "doubles": 3,
    "h": 9,
    "hr": 0,
    "iso": 0.11538461538461542,
    "k": 4,
    "obp": 0.46875,
    "ops": 0.9302884615384616,
    "ops_plus": 170,
    "slg": 0.46153846153846156,
    "triples": 0,
    "woba": 0.41531250000000003,
    "wrc_plus": 138
  },
  "basic_pitching": null,
  "current_team_id": 109,
  "metrics": {
    "barrel_pct_last_50": 0.0,
    "chase_pct_last_50": 0.4186046511627907,
    "contact_pct_last_50": 0.42857142857142855,
    "hard_hit_pct_last_50": 0.5238095238095238,
    "xwoba_last_50": 0.30028
  },
  "name": "Ketel Marte",
  "player_id": 606466,
  "player_name": "Ketel Marte",
  "recent_unicorns": [],
  "role": "hitter",
  "roles": [
    "hitter"
  ],
  "team_id": 109,
  "team_name": "AZ"
}
