{
  "basic_batting": {
    "avg": 0.283,
    "babip": 0.2903225806451613,
    "bb": 64,
    "doubles": 28,
    "h": 136,
    "hr": 28,
    "iso": 0.23400000000000004,
    "k": 83,
    "obp": 0.376,
    "ops": 0.893,
    "ops_plus": 147.50238538668663,
    "slg": 0.517,
    "triples": 0,
    "woba": 0.3888489208633094,
    "wrc_plus": 122.36238214313275
  },
  "basic_pitching": null,
  "current_team_id": 109,
  "metrics": {
    "barrel_pct_last_50": 0.0,
    "chase_pct_last_50": 0.4186046511627907,
    "contact_pct_last_50": 0.42857142857142855,
    "hard_hit_pct_last_50": 0.5238095238095238,
    "xwoba_last_50": 0.30028
  },
  "name": "Ketel Marte",
  "player_id": 606466,
  "player_name": "Ketel Marte",
  "recent_unicorns": [],
  "role": "hitter",
  "roles": [
    "hitter"
  ],
  "team_id": 109,
  "team_name": "AZ"
}
