{
  "current_team_id": 158,
  "metrics": {
    "barrel_pct_last_50": 0.0,
    "chase_pct_last_50": 0.2962962962962963,
    "contact_pct_last_50": 0.2222222222222222,
    "hard_hit_pct_last_50": 0.3333333333333333,
    "xwoba_last_50": 0.33516666666666667
  },
  "name": "Eric Haase",
  "player_id": 606992,
  "player_name": "Eric Haase",
  "recent_unicorns": [],
  "role": "hitter",
  "roles": [
    "hitter"
  ],
  "team_id": 158,
  "team_name": "MIL"
}
