{
  "basic_batting": {
    "avg": 0.302,
    "babip": 0.3492723492723493,
    "bb": 45,
    "doubles": 31,
    "h": 183,
    "hr": 15,
    "iso": 0.14800000000000002,
    "k": 112,
    "obp": 0.354,
    "ops": 0.805,
    "ops_plus": 123.91132150993296,
    "slg": 0.45,
    "triples": 7,
    "woba": 0.35343465045592704,
    "wrc_plus": 111.21827383678193
  },
  "basic_pitching": null,
  "current_team_id": 143,
  "metrics": {
    "barrel_pct_last_50": 0.05405405405405406,
    "chase_pct_last_50": 0.3655913978494624,
    "contact_pct_last_50": 0.39361702127659576,
    "hard_hit_pct_last_50": 0.2972972972972973,
    "xwoba_last_50": 0.19156
  },
  "name": "Trea Turner",
  "player_id": 607208,
  "player_name": "Trea Turner",
  "recent_unicorns": [
    {
      "description": "Trea Turner leads MLB in contact rate over his last 50 PA.",
      "metric_value": 0.0,
      "pattern_id": "UNQ-H-0005",
      "run_date": "2025-03-27",
      "score": 1.115877
    }
  ],
  "role": "hitter",
  "roles": [
    "hitter"
  ],
  "team_id": 143,
  "team_name": "PHI"
}
