{
  "basic_batting": {
    "avg": 0.125,
    "babip": 0.25,
    "bb": 2,
    "doubles": 1,
    "h": 3,
    "hr": 0,
    "iso": 0.04166666666666666,
    "k": 12,
    "obp": 0.19230769230769232,
    "ops": 0.358974358974359,
    "ops_plus": 5,
    "slg": 0.16666666666666666,
    "triples": 0,
    "woba": 0.17038461538461538,
    "wrc_plus": -70
  },
  "basic_pitching": {
    "babip": 0.2857142857142857,
    "bb": 0,
    "era": 4.5,
    "fip": 2.1255870058340216,
    "h": 2,
    "hr": 0,
    "ip": 2.0,
    "whip": 1.0
  },
  "current_team_id": 115,
  "metrics": {
    "barrel_pct_last_50": 0.0,
    "chase_pct_last_50": 0.43859649122807015,
    "contact_pct_last_50": 0.21666666666666667,
    "hard_hit_pct_last_50": 0.46153846153846156,
    "xwoba_last_50": 0.18508333333333332
  },
  "name": "Jacob Stallings",
  "player_id": 607732,
  "player_name": "Jacob Stallings",
  "recent_unicorns": [],
  "role": "hitter",
  "roles": [
    "hitter"
  ],
  "team_id": 115,
  "team_name": "COL"
}
