{
  "basic_batting": {
    "avg": 0.25,
    "babip": 0.20930232558139536,
    "bb": 6,
    "doubles": 2,
    "h": 13,
    "hr": 4,
    "iso": 0.2692307692307693,
    "k": 8,
    "obp": 0.3225806451612903,
    "ops": 0.8418114143920596,
    "ops_plus": 139,
    "slg": 0.5192307692307693,
    "triples": 0,
    "woba": 0.3553225806451613,
    "wrc_plus": 175
  },
  "basic_pitching": null,
  "current_team_id": 114,
  "metrics": {
    "barrel_pct_last_50": 0.07317073170731707,
    "chase_pct_last_50": 0.3125,
    "contact_pct_last_50": 0.4270833333333333,
    "hard_hit_pct_last_50": 0.36585365853658536,
    "xwoba_last_50": 0.28272
  },
  "name": "José Ramírez",
  "player_id": 608070,
  "player_name": "José Ramírez",
  "recent_unicorns": [],
  "role": "hitter",
  "roles": [
    "hitter"
  ],
  "team_id": 114,
  "team_name": "CLE"
}
