{
  "basic_batting": {
    "avg": 0.229,
    "babip": 0.3,
    "bb": 9,
    "doubles": 5,
    "h": 16,
    "hr": 1,
    "iso": 0.171,
    "k": 21,
    "obp": 0.309,
    "ops": 0.709,
    "ops_plus": 104.73577248134211,
    "slg": 0.4,
    "triples": 2,
    "woba": 0.30888888888888894,
    "wrc_plus": 100.46682443302
  },
  "basic_pitching": null,
  "current_team_id": 121,
  "metrics": {
    "barrel_pct_last_50": 0.045454545454545456,
    "chase_pct_last_50": 0.23076923076923078,
    "contact_pct_last_50": 0.36065573770491804,
    "hard_hit_pct_last_50": 0.4090909090909091,
    "xwoba_last_50": 0.1598709677419355
  },
  "name": "Jesse Winker",
  "player_id": 608385,
  "player_name": "Jesse Winker",
  "recent_unicorns": [],
  "role": "hitter",
  "roles": [
    "hitter"
  ],
  "team_id": 121,
  "team_name": "NYM"
}
