{
  "basic_batting": {
    "avg": 0.273,
    "babip": 0.29014084507042254,
    "bb": 54,
    "doubles": 29,
    "h": 121,
    "hr": 18,
    "iso": 0.187,
    "k": 72,
    "obp": 0.362,
    "ops": 0.823,
    "ops_plus": 137.5922023289112,
    "slg": 0.46,
    "triples": 0,
    "woba": 0.36265748031496065,
    "wrc_plus": 117.95518296299315
  },
  "basic_pitching": null,
  "current_team_id": 111,
  "metrics": {
    "barrel_pct_last_50": 0.0,
    "chase_pct_last_50": 0.16666666666666666,
    "contact_pct_last_50": 0.4794520547945205,
    "hard_hit_pct_last_50": 0.45714285714285713,
    "xwoba_last_50": 0.25244
  },
  "name": "Alex Bregman",
  "player_id": 608324,
  "player_name": "Alex Bregman",
  "recent_unicorns": [
    {
      "description": "Alex Bregman leads MLB in hard-hit rate over his last 50 PA.",
      "metric_value": 0.145299,
      "pattern_id": "UNQ-H-0002",
      "run_date": "2025-04-03",
      "score": 2.037243
    }
  ],
  "role": "hitter",
  "roles": [
    "hitter"
  ],
  "team_id": 111,
  "team_name": "BOS"
}
