{
  "basic_batting": {
    "avg": 0.2545454545454545,
    "babip": 0.28205128205128205,
    "bb": 5,
    "doubles": 1,
    "h": 14,
    "hr": 3,
    "iso": 0.18181818181818182,
    "k": 13,
    "obp": 0.31666666666666665,
    "ops": 0.7530303030303029,
    "ops_plus": 115,
    "slg": 0.43636363636363634,
    "triples": 0,
    "woba": 0.332,
    "wrc_plus": 111
  },
  "basic_pitching": null,
  "current_team_id": 140,
  "metrics": {
    "barrel_pct_last_50": 0.05128205128205128,
    "chase_pct_last_50": 0.3010752688172043,
    "contact_pct_last_50": 0.375,
    "hard_hit_pct_last_50": 0.46153846153846156,
    "xwoba_last_50": 0.31156
  },
  "name": "Corey Seager",
  "player_id": 608369,
  "player_name": "Corey Seager",
  "recent_unicorns": [],
  "role": "hitter",
  "roles": [
    "hitter"
  ],
  "team_id": 140,
  "team_name": "TEX"
}
