{
  "basic_batting": {
    "avg": 0.16666666666666666,
    "babip": 0.22727272727272727,
    "bb": 3,
    "doubles": 1,
    "h": 5,
    "hr": 0,
    "iso": 0.16666666666666666,
    "k": 9,
    "obp": 0.23529411764705882,
    "ops": 0.5686274509803921,
    "ops_plus": 62,
    "slg": 0.3333333333333333,
    "triples": 2,
    "woba": 0.24588235294117644,
    "wrc_plus": 40
  },
  "basic_pitching": null,
  "current_team_id": 121,
  "metrics": {
    "barrel_pct_last_50": 0.045454545454545456,
    "chase_pct_last_50": 0.23076923076923078,
    "contact_pct_last_50": 0.36065573770491804,
    "hard_hit_pct_last_50": 0.4090909090909091,
    "xwoba_last_50": 0.1598709677419355
  },
  "name": "Jesse Winker",
  "player_id": 608385,
  "player_name": "Jesse Winker",
  "recent_unicorns": [],
  "role": "hitter",
  "roles": [
    "hitter"
  ],
  "team_id": 121,
  "team_name": "NYM"
}
