{
  "basic_batting": {
    "avg": 0.244,
    "babip": 0.3235294117647059,
    "bb": 3,
    "doubles": 2,
    "h": 11,
    "hr": 0,
    "iso": 0.044999999999999984,
    "k": 12,
    "obp": 0.286,
    "ops": 0.575,
    "ops_plus": 62.41844121075015,
    "slg": 0.289,
    "triples": 0,
    "woba": 0.2575510204081633,
    "wrc_plus": 81.04576016456441
  },
  "basic_pitching": {
    "babip": 0.5,
    "bb": 1,
    "era": 18.0,
    "fip": 9.12558700583402,
    "h": 2,
    "hr": 0,
    "ip": 1.0,
    "whip": 3.0
  },
  "current_team_id": 145,
  "metrics": {
    "barrel_pct_last_50": 0.0,
    "chase_pct_last_50": 0.4,
    "contact_pct_last_50": 0.44,
    "hard_hit_pct_last_50": 0.18181818181818182,
    "xwoba_last_50": 0.2517857142857143
  },
  "name": "Travis Jankowski",
  "player_id": 608671,
  "player_name": "Travis Jankowski",
  "recent_unicorns": [],
  "role": "hitter",
  "roles": [
    "hitter"
  ],
  "team_id": 145,
  "team_name": "CWS"
}
