{
  "basic_batting": {
    "avg": 0.21428571428571427,
    "babip": 0.2727272727272727,
    "bb": 1,
    "doubles": 0,
    "h": 3,
    "hr": 0,
    "iso": 0.0,
    "k": 3,
    "obp": 0.26666666666666666,
    "ops": 0.4809523809523809,
    "slg": 0.21428571428571427,
    "triples": 0,
    "woba": 0.22666666666666666
  },
  "basic_pitching": {
    "babip": 0.5,
    "bb": 1,
    "era": 18.0,
    "fip": 9.12558700583402,
    "h": 2,
    "hr": 0,
    "ip": 1.0,
    "whip": 3.0
  },
  "current_team_id": 145,
  "metrics": {
    "barrel_pct_last_50": 0.0,
    "chase_pct_last_50": 0.4,
    "contact_pct_last_50": 0.44,
    "hard_hit_pct_last_50": 0.18181818181818182,
    "xwoba_last_50": 0.2517857142857143
  },
  "name": "Travis Jankowski",
  "player_id": 608671,
  "player_name": "Travis Jankowski",
  "recent_unicorns": [],
  "role": "hitter",
  "roles": [
    "hitter"
  ],
  "team_id": 145,
  "team_name": "CWS"
}
