{
  "basic_batting": {
    "avg": 0.2641509433962264,
    "babip": 0.29545454545454547,
    "bb": 4,
    "doubles": 1,
    "h": 14,
    "hr": 1,
    "iso": 0.07547169811320753,
    "k": 9,
    "obp": 0.3103448275862069,
    "ops": 0.6499674690956408,
    "ops_plus": 88,
    "slg": 0.33962264150943394,
    "triples": 0,
    "woba": 0.2898275862068965,
    "wrc_plus": 127
  },
  "basic_pitching": null,
  "current_team_id": 133,
  "metrics": {
    "barrel_pct_last_50": 0.0,
    "chase_pct_last_50": 0.34523809523809523,
    "contact_pct_last_50": 0.41414141414141414,
    "hard_hit_pct_last_50": 0.2926829268292683,
    "xwoba_last_50": 0.26452
  },
  "name": "Miguel Andujar",
  "player_id": 609280,
  "player_name": "Miguel Andujar",
  "recent_unicorns": [],
  "role": "hitter",
  "roles": [
    "hitter"
  ],
  "team_id": 133,
  "team_name": "ATH"
}
