{
  "basic_batting": {
    "avg": 0.296875,
    "babip": 0.32727272727272727,
    "bb": 5,
    "doubles": 2,
    "h": 19,
    "hr": 1,
    "iso": 0.078125,
    "k": 9,
    "obp": 0.34285714285714286,
    "ops": 0.7178571428571429,
    "ops_plus": 107,
    "slg": 0.375,
    "triples": 0,
    "woba": 0.319,
    "wrc_plus": 125
  },
  "basic_pitching": null,
  "current_team_id": 133,
  "metrics": {
    "barrel_pct_last_50": 0.0,
    "chase_pct_last_50": 0.3157894736842105,
    "contact_pct_last_50": 0.4174757281553398,
    "hard_hit_pct_last_50": 0.3023255813953488,
    "xwoba_last_50": 0.2494
  },
  "name": "Miguel Andujar",
  "player_id": 609280,
  "player_name": "Miguel Andujar",
  "recent_unicorns": [],
  "role": "hitter",
  "roles": [
    "hitter"
  ],
  "team_id": 133,
  "team_name": "ATH"
}
