{
  "basic_batting": {
    "avg": 0.226,
    "babip": 0.27,
    "bb": 19,
    "doubles": 14,
    "h": 59,
    "hr": 5,
    "iso": 0.11899999999999997,
    "k": 56,
    "obp": 0.284,
    "ops": 0.629,
    "ops_plus": 75.66481135109422,
    "slg": 0.345,
    "triples": 1,
    "woba": 0.280709219858156,
    "wrc_plus": 88.33314685591904
  },
  "basic_pitching": {
    "babip": 0.6,
    "bb": 1,
    "era": 54.0,
    "fip": 46.62558700583402,
    "h": 5,
    "hr": 2,
    "ip": 0.2,
    "whip": 9.0
  },
  "current_team_id": 121,
  "metrics": {
    "barrel_pct_last_50": 0.034482758620689655,
    "chase_pct_last_50": 0.27419354838709675,
    "contact_pct_last_50": 0.4084507042253521,
    "hard_hit_pct_last_50": 0.5517241379310345,
    "xwoba_last_50": 0.3841578947368421
  },
  "name": "Luis Torrens",
  "player_id": 620443,
  "player_name": "Luis Torrens",
  "recent_unicorns": [],
  "role": "hitter",
  "roles": [
    "hitter"
  ],
  "team_id": 121,
  "team_name": "NYM"
}
