{
  "basic_batting": {
    "avg": 0.202,
    "babip": 0.23595505617977527,
    "bb": 1,
    "doubles": 2,
    "h": 23,
    "hr": 2,
    "iso": 0.07,
    "k": 23,
    "obp": 0.209,
    "ops": 0.481,
    "ops_plus": 38.8588829335665,
    "slg": 0.272,
    "triples": 0,
    "woba": 0.21165217391304347,
    "wrc_plus": 68.84035833687005
  },
  "basic_pitching": {
    "babip": 0.14285714285714285,
    "bb": 0,
    "era": 6.75,
    "fip": 9.62558700583402,
    "h": 4,
    "hr": 2,
    "ip": 4.0,
    "whip": 1.0
  },
  "current_team_id": 108,
  "metrics": {
    "barrel_pct_last_50": 0.0,
    "chase_pct_last_50": 0.5135135135135135,
    "contact_pct_last_50": 0.36363636363636365,
    "hard_hit_pct_last_50": 0.25,
    "xwoba_last_50": 0.2205
  },
  "name": "Kevin Newman",
  "player_id": 621028,
  "player_name": "Kevin Newman",
  "recent_unicorns": [],
  "role": "hitter",
  "roles": [
    "hitter"
  ],
  "team_id": 108,
  "team_name": "LAA"
}
