{
  "basic_batting": {
    "avg": 0.16393442622950818,
    "babip": 0.19607843137254902,
    "bb": 5,
    "doubles": 5,
    "h": 10,
    "hr": 0,
    "iso": 0.0819672131147541,
    "k": 10,
    "obp": 0.22727272727272727,
    "ops": 0.47317436661698953,
    "ops_plus": 37,
    "slg": 0.2459016393442623,
    "triples": 0,
    "woba": 0.2159090909090909,
    "wrc_plus": -4
  },
  "basic_pitching": null,
  "current_team_id": 142,
  "metrics": {
    "barrel_pct_last_50": 0.0,
    "chase_pct_last_50": 0.3125,
    "contact_pct_last_50": 0.41414141414141414,
    "hard_hit_pct_last_50": 0.3170731707317073,
    "xwoba_last_50": 0.25232
  },
  "name": "Carlos Correa",
  "player_id": 621043,
  "player_name": "Carlos Correa",
  "recent_unicorns": [],
  "role": "hitter",
  "roles": [
    "hitter"
  ],
  "team_id": 142,
  "team_name": "MIN"
}
