{
  "basic_batting": {
    "avg": 0.19444444444444445,
    "babip": 0.22413793103448276,
    "bb": 6,
    "doubles": 6,
    "h": 14,
    "hr": 1,
    "iso": 0.12499999999999997,
    "k": 13,
    "obp": 0.2564102564102564,
    "ops": 0.5758547008547008,
    "ops_plus": 65,
    "slg": 0.3194444444444444,
    "triples": 0,
    "woba": 0.2575641025641026,
    "wrc_plus": 48
  },
  "basic_pitching": null,
  "current_team_id": 142,
  "metrics": {
    "barrel_pct_last_50": 0.0,
    "chase_pct_last_50": 0.3020833333333333,
    "contact_pct_last_50": 0.42,
    "hard_hit_pct_last_50": 0.30952380952380953,
    "xwoba_last_50": 0.24446
  },
  "name": "Carlos Correa",
  "player_id": 621043,
  "player_name": "Carlos Correa",
  "recent_unicorns": [],
  "role": "hitter",
  "roles": [
    "hitter"
  ],
  "team_id": 142,
  "team_name": "MIN"
}
