{
  "basic_batting": {
    "avg": 0.2,
    "babip": 0.2571428571428571,
    "bb": 2,
    "doubles": 3,
    "h": 12,
    "hr": 3,
    "iso": 0.2,
    "k": 22,
    "obp": 0.25,
    "ops": 0.65,
    "ops_plus": 85,
    "slg": 0.4,
    "triples": 0,
    "woba": 0.28546875000000005,
    "wrc_plus": 98
  },
  "basic_pitching": null,
  "current_team_id": 142,
  "metrics": {
    "barrel_pct_last_50": 0.03225806451612903,
    "chase_pct_last_50": 0.24271844660194175,
    "contact_pct_last_50": 0.3263157894736842,
    "hard_hit_pct_last_50": 0.5806451612903226,
    "xwoba_last_50": 0.29302
  },
  "name": "Byron Buxton",
  "player_id": 621439,
  "player_name": "Byron Buxton",
  "recent_unicorns": [],
  "role": "hitter",
  "roles": [
    "hitter"
  ],
  "team_id": 142,
  "team_name": "MIN"
}
