{
  "basic_batting": {
    "avg": 0.2037037037037037,
    "babip": 0.25,
    "bb": 0,
    "doubles": 1,
    "h": 11,
    "hr": 0,
    "iso": 0.09259259259259259,
    "k": 10,
    "obp": 0.23214285714285715,
    "ops": 0.5284391534391535,
    "ops_plus": 51,
    "slg": 0.2962962962962963,
    "triples": 2,
    "woba": 0.23339285714285715,
    "wrc_plus": 49
  },
  "basic_pitching": null,
  "current_team_id": 121,
  "metrics": {
    "barrel_pct_last_50": 0.02564102564102564,
    "chase_pct_last_50": 0.3614457831325301,
    "contact_pct_last_50": 0.43820224719101125,
    "hard_hit_pct_last_50": 0.358974358974359,
    "xwoba_last_50": 0.26936
  },
  "name": "Tyrone Taylor",
  "player_id": 621438,
  "player_name": "Tyrone Taylor",
  "recent_unicorns": [
    {
      "description": "Tyrone Taylor leads MLB in hard-hit rate over his last 50 PA.",
      "metric_value": 0.25,
      "pattern_id": "UNQ-H-0002",
      "run_date": "2025-03-27",
      "score": 1.673684
    }
  ],
  "role": "hitter",
  "roles": [
    "hitter"
  ],
  "team_id": 121,
  "team_name": "NYM"
}
