{
  "basic_batting": {
    "avg": 0.177,
    "babip": 0.2708333333333333,
    "bb": 4,
    "doubles": 4,
    "h": 14,
    "hr": 1,
    "iso": 0.08900000000000002,
    "k": 30,
    "obp": 0.217,
    "ops": 0.483,
    "ops_plus": 39.86536789954511,
    "slg": 0.266,
    "triples": 0,
    "woba": 0.21626506024096384,
    "wrc_plus": 70.3407102676362
  },
  "basic_pitching": {
    "babip": 0.5714285714285714,
    "bb": 2,
    "era": 45.0,
    "fip": 25.12558700583402,
    "h": 5,
    "hr": 1,
    "ip": 1.0,
    "whip": 7.0
  },
  "current_team_id": 110,
  "metrics": {
    "barrel_pct_last_50": 0.0,
    "chase_pct_last_50": 0.5,
    "contact_pct_last_50": 0.3333333333333333,
    "hard_hit_pct_last_50": 0.3,
    "xwoba_last_50": 0.16742857142857143
  },
  "name": "Jorge Mateo",
  "player_id": 622761,
  "player_name": "Jorge Mateo",
  "recent_unicorns": [],
  "role": "hitter",
  "roles": [
    "hitter"
  ],
  "team_id": 110,
  "team_name": "BAL"
}
