{
  "basic_batting": {
    "avg": 0.058823529411764705,
    "babip": 0.09090909090909091,
    "bb": 0,
    "doubles": 1,
    "h": 1,
    "hr": 0,
    "iso": 0.058823529411764705,
    "k": 6,
    "obp": 0.058823529411764705,
    "ops": 0.1764705882352941,
    "ops_plus": -51,
    "slg": 0.11764705882352941,
    "triples": 0,
    "woba": 0.07470588235294118,
    "wrc_plus": -129
  },
  "basic_pitching": {
    "babip": 0.5714285714285714,
    "bb": 2,
    "era": 45.0,
    "fip": 25.12558700583402,
    "h": 5,
    "hr": 1,
    "ip": 1.0,
    "whip": 7.0
  },
  "current_team_id": 110,
  "metrics": {
    "barrel_pct_last_50": 0.0,
    "chase_pct_last_50": 0.5,
    "contact_pct_last_50": 0.3056,
    "hard_hit_pct_last_50": 0.2727,
    "xwoba_last_50": 0.141
  },
  "name": "Jorge Mateo",
  "player_id": 622761,
  "player_name": "Jorge Mateo",
  "recent_unicorns": [],
  "role": "reliever",
  "roles": [
    "reliever"
  ],
  "team_id": 110,
  "team_name": "BAL"
}
