{
  "current_team_id": 141,
  "metrics": {
    "barrel_pct_last_50": 0.10526315789473684,
    "chase_pct_last_50": 0.30303030303030304,
    "contact_pct_last_50": 0.5588235294117647,
    "hard_hit_pct_last_50": 0.3157894736842105,
    "xwoba_last_50": 0.352695652173913
  },
  "name": "Tyler Heineman",
  "player_id": 623168,
  "player_name": "Tyler Heineman",
  "recent_unicorns": [],
  "role": "hitter",
  "roles": [
    "hitter"
  ],
  "team_id": 141,
  "team_name": "TOR"
}
