{
  "basic_batting": {
    "avg": 0.283,
    "babip": 0.33613445378151263,
    "bb": 12,
    "doubles": 8,
    "h": 43,
    "hr": 3,
    "iso": 0.125,
    "k": 32,
    "obp": 0.355,
    "ops": 0.763,
    "ops_plus": 113.81783498165325,
    "slg": 0.408,
    "triples": 1,
    "woba": 0.3387790697674418,
    "wrc_plus": 106.60647817909425
  },
  "basic_pitching": {
    "babip": 0.5833333333333334,
    "bb": 0,
    "era": 32.4,
    "fip": 8.825587005834022,
    "h": 15,
    "hr": 1,
    "ip": 3.1,
    "whip": 4.5
  },
  "current_team_id": 141,
  "metrics": {
    "barrel_pct_last_50": 0.10526315789473684,
    "chase_pct_last_50": 0.3333333333333333,
    "contact_pct_last_50": 0.5588235294117647,
    "hard_hit_pct_last_50": 0.3157894736842105,
    "xwoba_last_50": 0.3373181818181818
  },
  "name": "Tyler Heineman",
  "player_id": 623168,
  "player_name": "Tyler Heineman",
  "recent_unicorns": [],
  "role": "hitter",
  "roles": [
    "hitter"
  ],
  "team_id": 141,
  "team_name": "TOR"
}
