{
  "basic_batting": {
    "avg": 0.45454545454545453,
    "babip": 0.5,
    "bb": 1,
    "doubles": 2,
    "h": 10,
    "hr": 1,
    "iso": 0.22727272727272724,
    "k": 3,
    "obp": 0.4782608695652174,
    "ops": 1.1600790513833992,
    "ops_plus": 231,
    "slg": 0.6818181818181818,
    "triples": 0,
    "woba": 0.5026086956521739,
    "wrc_plus": 342
  },
  "basic_pitching": {
    "babip": 0.5833333333333334,
    "bb": 0,
    "era": 32.4,
    "fip": 8.825587005834022,
    "h": 15,
    "hr": 1,
    "ip": 3.1,
    "whip": 4.5
  },
  "current_team_id": 141,
  "metrics": {
    "barrel_pct_last_50": 0.10526315789473684,
    "chase_pct_last_50": 0.3333333333333333,
    "contact_pct_last_50": 0.5588235294117647,
    "hard_hit_pct_last_50": 0.3157894736842105,
    "xwoba_last_50": 0.3373181818181818
  },
  "name": "Tyler Heineman",
  "player_id": 623168,
  "player_name": "Tyler Heineman",
  "recent_unicorns": [],
  "role": "hitter",
  "roles": [
    "hitter"
  ],
  "team_id": 141,
  "team_name": "TOR"
}
