{
  "basic_batting": {
    "avg": 0.19148936170212766,
    "babip": 0.25925925925925924,
    "bb": 10,
    "doubles": 3,
    "h": 9,
    "hr": 2,
    "iso": 0.19148936170212766,
    "k": 18,
    "obp": 0.3559322033898305,
    "ops": 0.7389109267940859,
    "ops_plus": 114,
    "slg": 0.3829787234042553,
    "triples": 0,
    "woba": 0.3374576271186441,
    "wrc_plus": 109
  },
  "basic_pitching": null,
  "current_team_id": 119,
  "metrics": {
    "barrel_pct_last_50": 0.03571428571428571,
    "chase_pct_last_50": 0.28888888888888886,
    "contact_pct_last_50": 0.32558139534883723,
    "hard_hit_pct_last_50": 0.39285714285714285,
    "xwoba_last_50": 0.2934791666666667
  },
  "name": "Michael Conforto",
  "player_id": 624424,
  "player_name": "Michael Conforto",
  "recent_unicorns": [
    {
      "description": "Michael Conforto tops MLB in xwOBA over his last 50 PA.",
      "metric_value": 0.468609,
      "pattern_id": "UNQ-H-0003",
      "run_date": "2025-04-05",
      "score": 1.480536
    }
  ],
  "role": "hitter",
  "roles": [
    "hitter"
  ],
  "team_id": 119,
  "team_name": "LAD"
}
