{
  "basic_batting": {
    "avg": 0.2982456140350877,
    "babip": 0.38235294117647056,
    "bb": 5,
    "doubles": 3,
    "h": 17,
    "hr": 4,
    "iso": 0.2631578947368421,
    "k": 21,
    "obp": 0.373134328358209,
    "ops": 0.9345378371301387,
    "ops_plus": 166,
    "slg": 0.5614035087719298,
    "triples": 0,
    "woba": 0.39880597014925373,
    "wrc_plus": 156
  },
  "basic_pitching": null,
  "current_team_id": 108,
  "metrics": {
    "barrel_pct_last_50": 0.0,
    "chase_pct_last_50": 0.25287356321839083,
    "contact_pct_last_50": 0.32967032967032966,
    "hard_hit_pct_last_50": 0.4666666666666667,
    "xwoba_last_50": 0.31656
  },
  "name": "Jorge Soler",
  "player_id": 624585,
  "player_name": "Jorge Soler",
  "recent_unicorns": [],
  "role": "hitter",
  "roles": [
    "hitter"
  ],
  "team_id": 108,
  "team_name": "LAA"
}
