{
  "current_team_id": 143,
  "metrics": {
    "barrel_pct_last_50": 0.0,
    "chase_pct_last_50": 0.37254901960784315,
    "contact_pct_last_50": 0.32142857142857145,
    "hard_hit_pct_last_50": 0.5555555555555556,
    "xwoba_last_50": 0.32621428571428573
  },
  "name": "Edmundo Sosa",
  "player_id": 624641,
  "player_name": "Edmundo Sosa",
  "recent_unicorns": [],
  "role": "hitter",
  "roles": [
    "hitter"
  ],
  "team_id": 143,
  "team_name": "PHI"
}
