{
  "basic_batting": {
    "avg": 0.243,
    "babip": 0.2635135135135135,
    "bb": 12,
    "doubles": 8,
    "h": 43,
    "hr": 4,
    "iso": 0.11299999999999999,
    "k": 26,
    "obp": 0.304,
    "ops": 0.66,
    "ops_plus": 91.57038557544888,
    "slg": 0.356,
    "triples": 0,
    "woba": 0.2954123711340206,
    "wrc_plus": 96.08355591171728
  },
  "basic_pitching": null,
  "current_team_id": 116,
  "metrics": {
    "barrel_pct_last_50": 0.0,
    "chase_pct_last_50": 0.38,
    "contact_pct_last_50": 0.4576271186440678,
    "hard_hit_pct_last_50": 0.4166666666666667,
    "xwoba_last_50": 0.2623333333333333
  },
  "name": "Andy Ib치침ez",
  "player_id": 628451,
  "player_name": "Andy Ib치침ez",
  "recent_unicorns": [],
  "role": "hitter",
  "roles": [
    "hitter"
  ],
  "team_id": 116,
  "team_name": "DET"
}
