{
  "basic_batting": {
    "avg": 0.2,
    "babip": 0.3333333333333333,
    "bb": 4,
    "doubles": 1,
    "h": 3,
    "hr": 1,
    "iso": 0.26666666666666666,
    "k": 8,
    "obp": 0.3684210526315789,
    "ops": 0.8350877192982455,
    "ops_plus": 140,
    "slg": 0.4666666666666667,
    "triples": 0,
    "woba": 0.3694736842105263,
    "wrc_plus": 188
  },
  "basic_pitching": {
    "babip": 0.34782608695652173,
    "bb": 3,
    "era": 3.6,
    "fip": 5.725587005834022,
    "h": 8,
    "hr": 0,
    "ip": 5.0,
    "whip": 2.2
  },
  "current_team_id": 158,
  "metrics": {
    "barrel_pct_last_50": 0.0,
    "chase_pct_last_50": 0.2162,
    "contact_pct_last_50": 0.25,
    "hard_hit_pct_last_50": 0.7143,
    "xwoba_last_50": 0.3247
  },
  "name": "Jake Bauers",
  "player_id": 641343,
  "player_name": "Jake Bauers",
  "recent_unicorns": [],
  "role": "reliever",
  "roles": [
    "reliever"
  ],
  "team_id": 158,
  "team_name": "MIL"
}
