{
  "basic_batting": {
    "avg": 0.18181818181818182,
    "babip": 0.25806451612903225,
    "bb": 2,
    "doubles": 1,
    "h": 8,
    "hr": 0,
    "iso": 0.022727272727272735,
    "k": 13,
    "obp": 0.23404255319148937,
    "ops": 0.43858800773694395,
    "ops_plus": 28,
    "slg": 0.20454545454545456,
    "triples": 0,
    "woba": 0.20425531914893616,
    "wrc_plus": 55
  },
  "basic_pitching": null,
  "current_team_id": 108,
  "metrics": {
    "barrel_pct_last_50": 0.0,
    "chase_pct_last_50": 0.3,
    "contact_pct_last_50": 0.3563218390804598,
    "hard_hit_pct_last_50": 0.3225806451612903,
    "xwoba_last_50": 0.20471111111111112
  },
  "name": "Tim Anderson",
  "player_id": 641313,
  "player_name": "Tim Anderson",
  "recent_unicorns": [],
  "role": "hitter",
  "roles": [
    "hitter"
  ],
  "team_id": 108,
  "team_name": "LAA"
}
