{
  "basic_batting": {
    "avg": 0.15789473684210525,
    "babip": 0.2222222222222222,
    "bb": 2,
    "doubles": 1,
    "h": 6,
    "hr": 0,
    "iso": 0.02631578947368421,
    "k": 11,
    "obp": 0.21951219512195122,
    "ops": 0.4037227214377407,
    "ops_plus": 19,
    "slg": 0.18421052631578946,
    "triples": 0,
    "woba": 0.19073170731707317,
    "wrc_plus": 36
  },
  "basic_pitching": null,
  "current_team_id": 108,
  "metrics": {
    "barrel_pct_last_50": 0.0,
    "chase_pct_last_50": 0.30158730158730157,
    "contact_pct_last_50": 0.35064935064935066,
    "hard_hit_pct_last_50": 0.37037037037037035,
    "xwoba_last_50": 0.20653846153846153
  },
  "name": "Tim Anderson",
  "player_id": 641313,
  "player_name": "Tim Anderson",
  "recent_unicorns": [],
  "role": "hitter",
  "roles": [
    "hitter"
  ],
  "team_id": 108,
  "team_name": "LAA"
}
