{
  "basic_batting": {
    "avg": 0.16666666666666666,
    "babip": 0.3333333333333333,
    "bb": 4,
    "doubles": 1,
    "h": 3,
    "hr": 1,
    "iso": 0.22222222222222224,
    "k": 11,
    "obp": 0.3181818181818182,
    "ops": 0.7070707070707071,
    "slg": 0.3888888888888889,
    "triples": 0,
    "woba": 0.3159090909090909
  },
  "basic_pitching": {
    "babip": 0.34782608695652173,
    "bb": 3,
    "era": 3.6,
    "fip": 5.725587005834022,
    "h": 8,
    "hr": 0,
    "ip": 5.0,
    "whip": 2.2
  },
  "current_team_id": 158,
  "metrics": {
    "barrel_pct_last_50": 0.0,
    "chase_pct_last_50": 0.3333,
    "contact_pct_last_50": 0.2059,
    "hard_hit_pct_last_50": 0.7143,
    "xwoba_last_50": 0.1892
  },
  "name": "Jake Bauers",
  "player_id": 641343,
  "player_name": "Jake Bauers",
  "recent_unicorns": [],
  "role": "reliever",
  "roles": [
    "reliever"
  ],
  "team_id": 158,
  "team_name": "MIL"
}
