{
  "basic_batting": {
    "avg": 0.21311475409836064,
    "babip": 0.28888888888888886,
    "bb": 15,
    "doubles": 2,
    "h": 13,
    "hr": 0,
    "iso": 0.03278688524590165,
    "k": 16,
    "obp": 0.37662337662337664,
    "ops": 0.622525015967639,
    "ops_plus": 84,
    "slg": 0.2459016393442623,
    "triples": 0,
    "woba": 0.3038961038961039,
    "wrc_plus": 93
  },
  "basic_pitching": null,
  "current_team_id": 136,
  "metrics": {
    "barrel_pct_last_50": 0.05405405405405406,
    "chase_pct_last_50": 0.3333333333333333,
    "contact_pct_last_50": 0.34579439252336447,
    "hard_hit_pct_last_50": 0.2972972972972973,
    "xwoba_last_50": 0.2622291666666667
  },
  "name": "J.P. Crawford",
  "player_id": 641487,
  "player_name": "J.P. Crawford",
  "recent_unicorns": [],
  "role": "hitter",
  "roles": [
    "hitter"
  ],
  "team_id": 136,
  "team_name": "SEA"
}
