{
  "current_team_id": 136,
  "metrics": {
    "barrel_pct_last_50": 0.0,
    "chase_pct_last_50": 0.23622047244094488,
    "contact_pct_last_50": 0.28421052631578947,
    "hard_hit_pct_last_50": 0.25925925925925924,
    "xwoba_last_50": 0.34027083333333336
  },
  "name": "J.P. Crawford",
  "player_id": 641487,
  "player_name": "J.P. Crawford",
  "recent_unicorns": [],
  "role": "hitter",
  "roles": [
    "hitter"
  ],
  "team_id": 136,
  "team_name": "SEA"
}
