{
  "basic_batting": {
    "avg": 0.17777777777777778,
    "babip": 0.25,
    "bb": 14,
    "doubles": 1,
    "h": 8,
    "hr": 0,
    "iso": 0.022222222222222227,
    "k": 13,
    "obp": 0.38333333333333336,
    "ops": 0.5833333333333334,
    "ops_plus": 75,
    "slg": 0.2,
    "triples": 0,
    "woba": 0.298,
    "wrc_plus": 53
  },
  "basic_pitching": null,
  "current_team_id": 136,
  "metrics": {
    "barrel_pct_last_50": 0.029411764705882353,
    "chase_pct_last_50": 0.34951456310679613,
    "contact_pct_last_50": 0.3119266055045872,
    "hard_hit_pct_last_50": 0.29411764705882354,
    "xwoba_last_50": 0.23456521739130434
  },
  "name": "J.P. Crawford",
  "player_id": 641487,
  "player_name": "J.P. Crawford",
  "recent_unicorns": [],
  "role": "hitter",
  "roles": [
    "hitter"
  ],
  "team_id": 136,
  "team_name": "SEA"
}
