{
  "basic_batting": {
    "avg": 0.16,
    "babip": 0.25,
    "bb": 5,
    "doubles": 0,
    "h": 4,
    "hr": 0,
    "iso": 0.0,
    "k": 9,
    "obp": 0.3225806451612903,
    "ops": 0.4825806451612903,
    "ops_plus": 45,
    "slg": 0.16,
    "triples": 0,
    "woba": 0.24935483870967742,
    "wrc_plus": 17
  },
  "basic_pitching": null,
  "current_team_id": 136,
  "metrics": {
    "barrel_pct_last_50": 0.0,
    "chase_pct_last_50": 0.2826086956521739,
    "contact_pct_last_50": 0.35555555555555557,
    "hard_hit_pct_last_50": 0.5,
    "xwoba_last_50": 0.25011538461538463
  },
  "name": "Mitch Garver",
  "player_id": 641598,
  "player_name": "Mitch Garver",
  "recent_unicorns": [],
  "role": "hitter",
  "roles": [
    "hitter"
  ],
  "team_id": 136,
  "team_name": "SEA"
}
