{
  "basic_batting": {
    "avg": 0.15789473684210525,
    "babip": 0.21428571428571427,
    "bb": 3,
    "doubles": 2,
    "h": 3,
    "hr": 0,
    "iso": 0.10526315789473684,
    "k": 5,
    "obp": 0.30434782608695654,
    "ops": 0.5675057208237986,
    "ops_plus": 66,
    "slg": 0.2631578947368421,
    "triples": 0,
    "woba": 0.2704347826086957,
    "wrc_plus": 77
  },
  "basic_pitching": null,
  "current_team_id": 147,
  "metrics": {
    "barrel_pct_last_50": 0.0,
    "chase_pct_last_50": 0.2777777777777778,
    "contact_pct_last_50": 0.3333333333333333,
    "hard_hit_pct_last_50": 0.5,
    "xwoba_last_50": 0.19055
  },
  "name": "J.C. Escarra",
  "player_id": 641555,
  "player_name": "J.C. Escarra",
  "recent_unicorns": [],
  "role": "hitter",
  "roles": [
    "hitter"
  ],
  "team_id": 147,
  "team_name": "NYY"
}
