{
  "basic_batting": {
    "avg": 0.17647058823529413,
    "babip": 0.25,
    "bb": 7,
    "doubles": 0,
    "h": 3,
    "hr": 0,
    "iso": 0.0,
    "k": 5,
    "obp": 0.4166666666666667,
    "ops": 0.5931372549019608,
    "ops_plus": 80,
    "slg": 0.17647058823529413,
    "triples": 0,
    "woba": 0.3125,
    "wrc_plus": 93
  },
  "basic_pitching": {
    "babip": 0.0,
    "bb": 0,
    "era": 0.0,
    "fip": 3.1255870058340216,
    "h": 0,
    "hr": 0,
    "ip": 1.0,
    "whip": 0.0
  },
  "current_team_id": 109,
  "metrics": {
    "barrel_pct_last_50": 0.0,
    "chase_pct_last_50": 0.14285714285714285,
    "contact_pct_last_50": 0.34782608695652173,
    "hard_hit_pct_last_50": 0.25,
    "xwoba_last_50": 0.1608181818181818
  },
  "name": "Garrett Hampson",
  "player_id": 641658,
  "player_name": "Garrett Hampson",
  "recent_unicorns": [],
  "role": "hitter",
  "roles": [
    "hitter"
  ],
  "team_id": 109,
  "team_name": "AZ"
}
