{
  "basic_batting": {
    "avg": 0.143,
    "babip": 0.22916666666666666,
    "bb": 11,
    "doubles": 2,
    "h": 11,
    "hr": 0,
    "iso": 0.026000000000000023,
    "k": 29,
    "obp": 0.25,
    "ops": 0.419,
    "ops_plus": 21.245957683696925,
    "slg": 0.169,
    "triples": 0,
    "woba": 0.20613636363636365,
    "wrc_plus": 64.86667481259428
  },
  "basic_pitching": {
    "babip": 0.0,
    "bb": 0,
    "era": 0.0,
    "fip": 3.1255870058340216,
    "h": 0,
    "hr": 0,
    "ip": 1.0,
    "whip": 0.0
  },
  "current_team_id": 109,
  "metrics": {
    "barrel_pct_last_50": 0.0,
    "chase_pct_last_50": 0.14285714285714285,
    "contact_pct_last_50": 0.34782608695652173,
    "hard_hit_pct_last_50": 0.25,
    "xwoba_last_50": 0.1608181818181818
  },
  "name": "Garrett Hampson",
  "player_id": 641658,
  "player_name": "Garrett Hampson",
  "recent_unicorns": [],
  "role": "hitter",
  "roles": [
    "hitter"
  ],
  "team_id": 109,
  "team_name": "AZ"
}
