{
  "basic_batting": {
    "avg": 0.21666666666666667,
    "babip": 0.3055555555555556,
    "bb": 7,
    "doubles": 2,
    "h": 13,
    "hr": 2,
    "iso": 0.1333333333333333,
    "k": 23,
    "obp": 0.30434782608695654,
    "ops": 0.6543478260869565,
    "ops_plus": 89,
    "slg": 0.35,
    "triples": 0,
    "woba": 0.2942028985507246,
    "wrc_plus": 29
  },
  "basic_pitching": null,
  "current_team_id": 115,
  "metrics": {
    "barrel_pct_last_50": 0.06666666666666667,
    "chase_pct_last_50": 0.2777777777777778,
    "contact_pct_last_50": 0.29411764705882354,
    "hard_hit_pct_last_50": 0.3,
    "xwoba_last_50": 0.22632
  },
  "name": "Ryan McMahon",
  "player_id": 641857,
  "player_name": "Ryan McMahon",
  "recent_unicorns": [],
  "role": "hitter",
  "roles": [
    "hitter"
  ],
  "team_id": 115,
  "team_name": "COL"
}
