{
  "basic_batting": {
    "avg": 0.216,
    "babip": 0.2929936305732484,
    "bb": 71,
    "doubles": 23,
    "h": 113,
    "hr": 21,
    "iso": 0.168,
    "k": 191,
    "obp": 0.313,
    "ops": 0.697,
    "ops_plus": 101.82598167788042,
    "slg": 0.384,
    "triples": 1,
    "woba": 0.3116805324459235,
    "wrc_plus": 101.3748129467313
  },
  "basic_pitching": null,
  "current_team_id": 115,
  "metrics": {
    "barrel_pct_last_50": 0.06666666666666667,
    "chase_pct_last_50": 0.2777777777777778,
    "contact_pct_last_50": 0.29411764705882354,
    "hard_hit_pct_last_50": 0.3,
    "xwoba_last_50": 0.22632
  },
  "name": "Ryan McMahon",
  "player_id": 641857,
  "player_name": "Ryan McMahon",
  "recent_unicorns": [],
  "role": "hitter",
  "roles": [
    "hitter"
  ],
  "team_id": 115,
  "team_name": "COL"
}
