{
  "basic_batting": {
    "avg": 0.2653061224489796,
    "babip": 0.3055555555555556,
    "bb": 4,
    "doubles": 3,
    "h": 13,
    "hr": 2,
    "iso": 0.22448979591836732,
    "k": 12,
    "obp": 0.3392857142857143,
    "ops": 0.8290816326530612,
    "ops_plus": 137,
    "slg": 0.4897959183673469,
    "triples": 1,
    "woba": 0.3582142857142857,
    "wrc_plus": 132
  },
  "basic_pitching": null,
  "current_team_id": 110,
  "metrics": {
    "barrel_pct_last_50": 0.05714285714285714,
    "chase_pct_last_50": 0.35802469135802467,
    "contact_pct_last_50": 0.3804347826086957,
    "hard_hit_pct_last_50": 0.45714285714285713,
    "xwoba_last_50": 0.3006938775510204
  },
  "name": "Tyler O'Neill",
  "player_id": 641933,
  "player_name": "Tyler O'Neill",
  "recent_unicorns": [],
  "role": "hitter",
  "roles": [
    "hitter"
  ],
  "team_id": 110,
  "team_name": "BAL"
}
