{
  "basic_batting": {
    "avg": 0.203,
    "babip": 0.25842696629213485,
    "bb": 12,
    "doubles": 4,
    "h": 26,
    "hr": 3,
    "iso": 0.10199999999999998,
    "k": 36,
    "obp": 0.292,
    "ops": 0.596,
    "ops_plus": 74.3081968043993,
    "slg": 0.305,
    "triples": 0,
    "woba": 0.27395833333333336,
    "wrc_plus": 89.10558057290105
  },
  "basic_pitching": null,
  "current_team_id": 145,
  "metrics": {
    "barrel_pct_last_50": 0.0,
    "chase_pct_last_50": 0.25,
    "contact_pct_last_50": 0.26666666666666666,
    "hard_hit_pct_last_50": 0.5,
    "xwoba_last_50": 0.164875
  },
  "name": "Joshua Palacios",
  "player_id": 641943,
  "player_name": "Joshua Palacios",
  "recent_unicorns": [],
  "role": "hitter",
  "roles": [
    "hitter"
  ],
  "team_id": 145,
  "team_name": "CWS"
}
