{
  "current_team_id": 110,
  "metrics": {
    "barrel_pct_last_50": 0.06060606060606061,
    "chase_pct_last_50": 0.32222222222222224,
    "contact_pct_last_50": 0.36666666666666664,
    "hard_hit_pct_last_50": 0.45454545454545453,
    "xwoba_last_50": 0.31655102040816324
  },
  "name": "Tyler O'Neill",
  "player_id": 641933,
  "player_name": "Tyler O'Neill",
  "recent_unicorns": [],
  "role": "hitter",
  "roles": [
    "hitter"
  ],
  "team_id": 110,
  "team_name": "BAL"
}
