{
  "basic_batting": {
    "avg": 0.206,
    "babip": 0.2894736842105263,
    "bb": 15,
    "doubles": 1,
    "h": 22,
    "hr": 0,
    "iso": 0.04600000000000001,
    "k": 31,
    "obp": 0.309,
    "ops": 0.561,
    "ops_plus": 60.54754067331869,
    "slg": 0.252,
    "triples": 2,
    "woba": 0.26414634146341465,
    "wrc_plus": 83.12116568074174
  },
  "basic_pitching": {
    "babip": 0.4,
    "bb": 1,
    "era": 9.0,
    "fip": 6.125587005834022,
    "h": 2,
    "hr": 0,
    "ip": 1.0,
    "whip": 3.0
  },
  "current_team_id": 135,
  "metrics": {
    "barrel_pct_last_50": 0.0,
    "chase_pct_last_50": 0.3333333333333333,
    "contact_pct_last_50": 0.4,
    "hard_hit_pct_last_50": 0.0,
    "xwoba_last_50": 0.08025
  },
  "name": "Tyler Wade",
  "player_id": 642180,
  "player_name": "Tyler Wade",
  "recent_unicorns": [],
  "role": "hitter",
  "roles": [
    "hitter"
  ],
  "team_id": 135,
  "team_name": "SD"
}
