{
  "basic_batting": {
    "avg": 0.2413793103448276,
    "babip": 0.30434782608695654,
    "bb": 8,
    "doubles": 2,
    "h": 7,
    "hr": 0,
    "iso": 0.06896551724137931,
    "k": 7,
    "obp": 0.39473684210526316,
    "ops": 0.7050816696914701,
    "ops_plus": 108,
    "slg": 0.3103448275862069,
    "triples": 0,
    "woba": 0.3292105263157894,
    "wrc_plus": 134
  },
  "basic_pitching": null,
  "current_team_id": 145,
  "metrics": {
    "barrel_pct_last_50": 0.0,
    "chase_pct_last_50": 0.2857142857142857,
    "contact_pct_last_50": 0.40350877192982454,
    "hard_hit_pct_last_50": 0.5,
    "xwoba_last_50": 0.1896551724137931
  },
  "name": "Matt Thaiss",
  "player_id": 642136,
  "player_name": "Matt Thaiss",
  "recent_unicorns": [],
  "role": "hitter",
  "roles": [
    "hitter"
  ],
  "team_id": 145,
  "team_name": "CWS"
}
