{
  "basic_batting": {
    "avg": 0.14285714285714285,
    "babip": 0.2222222222222222,
    "bb": 2,
    "doubles": 1,
    "h": 2,
    "hr": 0,
    "iso": 0.07142857142857142,
    "k": 5,
    "obp": 0.25,
    "ops": 0.4642857142857143,
    "ops_plus": 36,
    "slg": 0.21428571428571427,
    "triples": 0,
    "woba": 0.22125,
    "wrc_plus": 83
  },
  "basic_pitching": null,
  "current_team_id": 144,
  "metrics": {
    "barrel_pct_last_50": 0.0,
    "chase_pct_last_50": 0.5294117647058824,
    "contact_pct_last_50": 0.32142857142857145,
    "hard_hit_pct_last_50": 0.2222222222222222,
    "xwoba_last_50": 0.22078571428571428
  },
  "name": "Eli White",
  "player_id": 642201,
  "player_name": "Eli White",
  "recent_unicorns": [],
  "role": "hitter",
  "roles": [
    "hitter"
  ],
  "team_id": 144,
  "team_name": "ATL"
}
