{
  "basic_batting": {
    "avg": 0.20588235294117646,
    "babip": 0.2653061224489796,
    "bb": 7,
    "doubles": 3,
    "h": 14,
    "hr": 1,
    "iso": 0.08823529411764708,
    "k": 19,
    "obp": 0.27631578947368424,
    "ops": 0.5704334365325078,
    "ops_plus": 65,
    "slg": 0.29411764705882354,
    "triples": 0,
    "woba": 0.25842105263157894,
    "wrc_plus": 84
  },
  "basic_pitching": null,
  "current_team_id": 137,
  "metrics": {
    "barrel_pct_last_50": 0.02702702702702703,
    "chase_pct_last_50": 0.27848101265822783,
    "contact_pct_last_50": 0.4,
    "hard_hit_pct_last_50": 0.3783783783783784,
    "xwoba_last_50": 0.20595918367346938
  },
  "name": "Willy Adames",
  "player_id": 642715,
  "player_name": "Willy Adames",
  "recent_unicorns": [],
  "role": "hitter",
  "roles": [
    "hitter"
  ],
  "team_id": 137,
  "team_name": "SF"
}
