{
  "basic_batting": {
    "avg": 0.45454545454545453,
    "babip": 0.6153846153846154,
    "bb": 2,
    "doubles": 0,
    "h": 10,
    "hr": 2,
    "iso": 0.27272727272727276,
    "k": 7,
    "obp": 0.5,
    "ops": 1.2272727272727273,
    "ops_plus": 249,
    "slg": 0.7272727272727273,
    "triples": 0,
    "woba": 0.5291666666666667,
    "wrc_plus": 331
  },
  "basic_pitching": null,
  "current_team_id": 113,
  "metrics": {
    "barrel_pct_last_50": 0.06666666666666667,
    "chase_pct_last_50": 0.17647058823529413,
    "contact_pct_last_50": 0.375,
    "hard_hit_pct_last_50": 0.6,
    "xwoba_last_50": 0.4013181818181818
  },
  "name": "Austin Wynns",
  "player_id": 642851,
  "player_name": "Austin Wynns",
  "recent_unicorns": [],
  "role": "hitter",
  "roles": [
    "hitter"
  ],
  "team_id": 113,
  "team_name": "CIN"
}
