{
  "current_team_id": 113,
  "metrics": {
    "barrel_pct_last_50": 0.0,
    "chase_pct_last_50": 0.09090909090909091,
    "contact_pct_last_50": 0.30434782608695654,
    "hard_hit_pct_last_50": 0.42857142857142855,
    "xwoba_last_50": 0.3406666666666667
  },
  "name": "Austin Wynns",
  "player_id": 642851,
  "player_name": "Austin Wynns",
  "recent_unicorns": [],
  "role": "hitter",
  "roles": [
    "hitter"
  ],
  "team_id": 113,
  "team_name": "CIN"
}
