{
  "basic_batting": {
    "avg": 0.254,
    "babip": 0.30310880829015546,
    "bb": 18,
    "doubles": 23,
    "h": 119,
    "hr": 2,
    "iso": 0.07100000000000001,
    "k": 81,
    "obp": 0.289,
    "ops": 0.613,
    "ops_plus": 72.29432706972835,
    "slg": 0.325,
    "triples": 2,
    "woba": 0.2734756097560975,
    "wrc_plus": 86.05688552126654
  },
  "basic_pitching": {
    "babip": 0.0,
    "bb": 0,
    "era": 0.0,
    "fip": 3.1255870058340216,
    "h": 0,
    "hr": 0,
    "ip": 0.2,
    "whip": 0.0
  },
  "current_team_id": 134,
  "metrics": {
    "barrel_pct_last_50": 0.0,
    "chase_pct_last_50": 0.32,
    "contact_pct_last_50": 0.5,
    "hard_hit_pct_last_50": 0.38461538461538464,
    "xwoba_last_50": 0.23295833333333332
  },
  "name": "Isiah Kiner-Falefa",
  "player_id": 643396,
  "player_name": "Isiah Kiner-Falefa",
  "recent_unicorns": [],
  "role": "hitter",
  "roles": [
    "hitter"
  ],
  "team_id": 134,
  "team_name": "PIT"
}
