{
  "basic_batting": {
    "avg": 0.1282051282051282,
    "babip": 0.14285714285714285,
    "bb": 6,
    "doubles": 1,
    "h": 5,
    "hr": 1,
    "iso": 0.10256410256410259,
    "k": 10,
    "obp": 0.24444444444444444,
    "ops": 0.4752136752136752,
    "ops_plus": 39,
    "slg": 0.23076923076923078,
    "triples": 0,
    "woba": 0.2262222222222222,
    "wrc_plus": 11
  },
  "basic_pitching": null,
  "current_team_id": 139,
  "metrics": {
    "barrel_pct_last_50": 0.0,
    "chase_pct_last_50": 0.25,
    "contact_pct_last_50": 0.4027777777777778,
    "hard_hit_pct_last_50": 0.27586206896551724,
    "xwoba_last_50": 0.14766666666666667
  },
  "name": "Danny Jansen",
  "player_id": 643376,
  "player_name": "Danny Jansen",
  "recent_unicorns": [],
  "role": "hitter",
  "roles": [
    "hitter"
  ],
  "team_id": 139,
  "team_name": "TB"
}
