{
  "basic_batting": {
    "avg": 0.24561403508771928,
    "babip": 0.2978723404255319,
    "bb": 5,
    "doubles": 1,
    "h": 14,
    "hr": 0,
    "iso": 0.05263157894736842,
    "k": 10,
    "obp": 0.31746031746031744,
    "ops": 0.6157059314954052,
    "ops_plus": 80,
    "slg": 0.2982456140350877,
    "triples": 1,
    "woba": 0.2815873015873016,
    "wrc_plus": 64
  },
  "basic_pitching": {
    "babip": 0.0,
    "bb": 0,
    "era": 0.0,
    "fip": 3.1255870058340216,
    "h": 0,
    "hr": 0,
    "ip": 0.2,
    "whip": 0.0
  },
  "current_team_id": 134,
  "metrics": {
    "barrel_pct_last_50": 0.0,
    "chase_pct_last_50": 0.32,
    "contact_pct_last_50": 0.5,
    "hard_hit_pct_last_50": 0.38461538461538464,
    "xwoba_last_50": 0.23295833333333332
  },
  "name": "Isiah Kiner-Falefa",
  "player_id": 643396,
  "player_name": "Isiah Kiner-Falefa",
  "recent_unicorns": [],
  "role": "hitter",
  "roles": [
    "hitter"
  ],
  "team_id": 134,
  "team_name": "PIT"
}
