{
  "basic_batting": {
    "avg": 0.263,
    "babip": 0.3278008298755187,
    "bb": 45,
    "doubles": 17,
    "h": 88,
    "hr": 9,
    "iso": 0.137,
    "k": 86,
    "obp": 0.356,
    "ops": 0.756,
    "ops_plus": 119.90344268318952,
    "slg": 0.4,
    "triples": 1,
    "woba": 0.33851948051948055,
    "wrc_plus": 110.10424278725542
  },
  "basic_pitching": null,
  "current_team_id": 145,
  "metrics": {
    "barrel_pct_last_50": 0.0,
    "chase_pct_last_50": 0.3076923076923077,
    "contact_pct_last_50": 0.3333333333333333,
    "hard_hit_pct_last_50": 0.125,
    "xwoba_last_50": 0.3152
  },
  "name": "Mike Tauchman",
  "player_id": 643565,
  "player_name": "Mike Tauchman",
  "recent_unicorns": [],
  "role": "hitter",
  "roles": [
    "hitter"
  ],
  "team_id": 145,
  "team_name": "CWS"
}
