{
  "basic_batting": {
    "avg": 0.143,
    "babip": 0.14285714285714285,
    "bb": 1,
    "doubles": 1,
    "h": 3,
    "hr": 1,
    "iso": 0.19000000000000003,
    "k": 6,
    "obp": 0.182,
    "ops": 0.515,
    "ops_plus": 46.16054282130233,
    "slg": 0.333,
    "triples": 0,
    "woba": 0.225,
    "wrc_plus": 73.18176959599477
  },
  "basic_pitching": null,
  "current_team_id": 144,
  "metrics": {
    "barrel_pct_last_50": 0.0,
    "chase_pct_last_50": 0.46153846153846156,
    "contact_pct_last_50": 0.3,
    "hard_hit_pct_last_50": 0.3333333333333333,
    "xwoba_last_50": 0.0452
  },
  "name": "Chadwick Tromp",
  "player_id": 644433,
  "player_name": "Chadwick Tromp",
  "recent_unicorns": [],
  "role": "hitter",
  "roles": [
    "hitter"
  ],
  "team_id": 144,
  "team_name": "ATL"
}
