{
  "basic_batting": {
    "avg": 0.24,
    "babip": 0.25903614457831325,
    "bb": 55,
    "doubles": 23,
    "h": 145,
    "hr": 16,
    "iso": 0.125,
    "k": 94,
    "obp": 0.306,
    "ops": 0.671,
    "ops_plus": 94.57868754830781,
    "slg": 0.365,
    "triples": 2,
    "woba": 0.2990104947526237,
    "wrc_plus": 97.25385392787072
  },
  "basic_pitching": null,
  "current_team_id": 144,
  "metrics": {
    "barrel_pct_last_50": 0.047619047619047616,
    "chase_pct_last_50": 0.38961038961038963,
    "contact_pct_last_50": 0.42857142857142855,
    "hard_hit_pct_last_50": 0.3333333333333333,
    "xwoba_last_50": 0.31518367346938775
  },
  "name": "Ozzie Albies",
  "player_id": 645277,
  "player_name": "Ozzie Albies",
  "recent_unicorns": [],
  "role": "hitter",
  "roles": [
    "hitter"
  ],
  "team_id": 144,
  "team_name": "ATL"
}
