{
  "basic_batting": {
    "avg": 0.2463768115942029,
    "babip": 0.23636363636363636,
    "bb": 6,
    "doubles": 3,
    "h": 17,
    "hr": 4,
    "iso": 0.21739130434782608,
    "k": 10,
    "obp": 0.30666666666666664,
    "ops": 0.7704347826086957,
    "ops_plus": 119,
    "slg": 0.463768115942029,
    "triples": 0,
    "woba": 0.33666666666666667,
    "wrc_plus": 105
  },
  "basic_pitching": null,
  "current_team_id": 144,
  "metrics": {
    "barrel_pct_last_50": 0.047619047619047616,
    "chase_pct_last_50": 0.38961038961038963,
    "contact_pct_last_50": 0.42857142857142855,
    "hard_hit_pct_last_50": 0.3333333333333333,
    "xwoba_last_50": 0.31518367346938775
  },
  "name": "Ozzie Albies",
  "player_id": 645277,
  "player_name": "Ozzie Albies",
  "recent_unicorns": [],
  "role": "hitter",
  "roles": [
    "hitter"
  ],
  "team_id": 144,
  "team_name": "ATL"
}
