{
  "basic_batting": {
    "avg": 0.13043478260869565,
    "babip": 0.15384615384615385,
    "bb": 2,
    "doubles": 0,
    "h": 3,
    "hr": 1,
    "iso": 0.13043478260869565,
    "k": 9,
    "obp": 0.2,
    "ops": 0.4608695652173913,
    "ops_plus": 32,
    "slg": 0.2608695652173913,
    "triples": 0,
    "woba": 0.2104,
    "wrc_plus": 38
  },
  "basic_pitching": {
    "babip": 0.4,
    "bb": 0,
    "era": 4.5,
    "fip": 3.1255870058340216,
    "h": 4,
    "hr": 0,
    "ip": 2.0,
    "whip": 2.0
  },
  "current_team_id": 109,
  "metrics": {
    "barrel_pct_last_50": 0.0,
    "chase_pct_last_50": 0.20408163265306123,
    "contact_pct_last_50": 0.37777777777777777,
    "hard_hit_pct_last_50": 0.058823529411764705,
    "xwoba_last_50": 0.12995652173913044
  },
  "name": "Jose Herrera",
  "player_id": 645444,
  "player_name": "Jose Herrera",
  "recent_unicorns": [],
  "role": "hitter",
  "roles": [
    "hitter"
  ],
  "team_id": 109,
  "team_name": "AZ"
}
