{
  "basic_batting": {
    "avg": 0.17647058823529413,
    "babip": 0.18181818181818182,
    "bb": 1,
    "doubles": 0,
    "h": 3,
    "hr": 1,
    "iso": 0.17647058823529413,
    "k": 5,
    "obp": 0.2222222222222222,
    "ops": 0.5751633986928104,
    "ops_plus": 63,
    "slg": 0.35294117647058826,
    "triples": 0,
    "woba": 0.2538888888888889,
    "wrc_plus": -8
  },
  "basic_pitching": {
    "babip": 0.4,
    "bb": 0,
    "era": 4.5,
    "fip": 3.1255870058340216,
    "h": 4,
    "hr": 0,
    "ip": 2.0,
    "whip": 2.0
  },
  "current_team_id": 109,
  "metrics": {
    "barrel_pct_last_50": 0.0,
    "chase_pct_last_50": 0.15151515151515152,
    "contact_pct_last_50": 0.4375,
    "hard_hit_pct_last_50": 0.07142857142857142,
    "xwoba_last_50": 0.15305882352941177
  },
  "name": "Jose Herrera",
  "player_id": 645444,
  "player_name": "Jose Herrera",
  "recent_unicorns": [],
  "role": "hitter",
  "roles": [
    "hitter"
  ],
  "team_id": 109,
  "team_name": "AZ"
}
