{
  "basic_batting": {
    "avg": 0.187,
    "babip": 0.24166666666666667,
    "bb": 23,
    "doubles": 6,
    "h": 31,
    "hr": 2,
    "iso": 0.07200000000000001,
    "k": 47,
    "obp": 0.285,
    "ops": 0.544,
    "ops_plus": 59.97229507988999,
    "slg": 0.259,
    "triples": 0,
    "woba": 0.25326424870466324,
    "wrc_plus": 82.37478175825504
  },
  "basic_pitching": {
    "babip": 0.4,
    "bb": 0,
    "era": 4.5,
    "fip": 3.1255870058340216,
    "h": 4,
    "hr": 0,
    "ip": 2.0,
    "whip": 2.0
  },
  "current_team_id": 109,
  "metrics": {
    "barrel_pct_last_50": 0.0,
    "chase_pct_last_50": 0.15151515151515152,
    "contact_pct_last_50": 0.4375,
    "hard_hit_pct_last_50": 0.07142857142857142,
    "xwoba_last_50": 0.15305882352941177
  },
  "name": "Jose Herrera",
  "player_id": 645444,
  "player_name": "Jose Herrera",
  "recent_unicorns": [],
  "role": "hitter",
  "roles": [
    "hitter"
  ],
  "team_id": 109,
  "team_name": "AZ"
}
