{
  "basic_batting": {
    "avg": 0.3333333333333333,
    "babip": 0.3287671232876712,
    "bb": 11,
    "doubles": 6,
    "h": 28,
    "hr": 4,
    "iso": 0.21428571428571436,
    "k": 8,
    "obp": 0.40625,
    "ops": 0.9538690476190477,
    "ops_plus": 172,
    "slg": 0.5476190476190477,
    "triples": 0,
    "woba": 0.4128125,
    "wrc_plus": 183
  },
  "basic_pitching": null,
  "current_team_id": 109,
  "metrics": {
    "barrel_pct_last_50": 0.022222222222222223,
    "chase_pct_last_50": 0.30303030303030304,
    "contact_pct_last_50": 0.5555555555555556,
    "hard_hit_pct_last_50": 0.5111111111111111,
    "xwoba_last_50": 0.38168
  },
  "name": "Josh Naylor",
  "player_id": 647304,
  "player_name": "Josh Naylor",
  "recent_unicorns": [],
  "role": "hitter",
  "roles": [
    "hitter"
  ],
  "team_id": 109,
  "team_name": "AZ"
}
