{
  "basic_batting": {
    "avg": 0.2857142857142857,
    "babip": 0.23076923076923078,
    "bb": 2,
    "doubles": 0,
    "h": 4,
    "hr": 1,
    "iso": 0.2142857142857143,
    "k": 1,
    "obp": 0.35294117647058826,
    "ops": 0.8529411764705883,
    "ops_plus": 144,
    "slg": 0.5,
    "triples": 0,
    "woba": 0.361764705882353,
    "wrc_plus": 30
  },
  "basic_pitching": null,
  "current_team_id": 133,
  "metrics": {
    "barrel_pct_last_50": 0.0,
    "chase_pct_last_50": 0.4,
    "contact_pct_last_50": 0.5652173913043478,
    "hard_hit_pct_last_50": 0.3076923076923077,
    "xwoba_last_50": 0.33985714285714286
  },
  "name": "Luis Urías",
  "player_id": 649966,
  "player_name": "Luis Urías",
  "recent_unicorns": [],
  "role": "hitter",
  "roles": [
    "hitter"
  ],
  "team_id": 133,
  "team_name": "ATH"
}
