{
  "basic_batting": {
    "avg": 0.28735632183908044,
    "babip": 0.26506024096385544,
    "bb": 5,
    "doubles": 3,
    "h": 25,
    "hr": 3,
    "iso": 0.13793103448275862,
    "k": 2,
    "obp": 0.32978723404255317,
    "ops": 0.7550745903643923,
    "ops_plus": 116,
    "slg": 0.42528735632183906,
    "triples": 0,
    "woba": 0.33180851063829786,
    "wrc_plus": 84
  },
  "basic_pitching": null,
  "current_team_id": 135,
  "metrics": {
    "barrel_pct_last_50": 0.0,
    "chase_pct_last_50": 0.4084507042253521,
    "contact_pct_last_50": 0.5454545454545454,
    "hard_hit_pct_last_50": 0.2708333333333333,
    "xwoba_last_50": 0.2738163265306122
  },
  "name": "Luis Arraez",
  "player_id": 650333,
  "player_name": "Luis Arraez",
  "recent_unicorns": [
    {
      "description": "Luis Arraez: lowest barrel rate with 0 barrels in the last 50 AB.",
      "metric_value": 0.0,
      "pattern_id": "UNQ-H-0511",
      "run_date": "2025-04-15",
      "score": 0.0
    }
  ],
  "role": "hitter",
  "roles": [
    "hitter"
  ],
  "team_id": 135,
  "team_name": "SD"
}
