{
  "basic_batting": {
    "avg": 0.20634920634920634,
    "babip": 0.25,
    "bb": 3,
    "doubles": 5,
    "h": 13,
    "hr": 1,
    "iso": 0.12698412698412698,
    "k": 14,
    "obp": 0.2753623188405797,
    "ops": 0.6086956521739131,
    "ops_plus": 75,
    "slg": 0.3333333333333333,
    "triples": 0,
    "woba": 0.2740579710144928,
    "wrc_plus": 60
  },
  "basic_pitching": {
    "babip": 0.25,
    "bb": 0,
    "era": 0.0,
    "fip": 3.1255870058340216,
    "h": 1,
    "hr": 0,
    "ip": 1.0,
    "whip": 1.0
  },
  "current_team_id": 142,
  "metrics": {
    "barrel_pct_last_50": 0.0,
    "chase_pct_last_50": 0.337,
    "contact_pct_last_50": 0.3186,
    "hard_hit_pct_last_50": 0.25,
    "xwoba_last_50": 0.2412
  },
  "name": "Willi Castro",
  "player_id": 650489,
  "player_name": "Willi Castro",
  "recent_unicorns": [],
  "role": "reliever",
  "roles": [
    "reliever"
  ],
  "team_id": 142,
  "team_name": "MIN"
}
