{
  "basic_batting": {
    "avg": 0.22535211267605634,
    "babip": 0.22413793103448276,
    "bb": 3,
    "doubles": 3,
    "h": 16,
    "hr": 3,
    "iso": 0.16901408450704222,
    "k": 11,
    "obp": 0.25333333333333335,
    "ops": 0.6476995305164319,
    "ops_plus": 84,
    "slg": 0.39436619718309857,
    "triples": 0,
    "woba": 0.2810666666666667,
    "wrc_plus": 33
  },
  "basic_pitching": null,
  "current_team_id": 139,
  "metrics": {
    "barrel_pct_last_50": 0.05,
    "chase_pct_last_50": 0.3958333333333333,
    "contact_pct_last_50": 0.39603960396039606,
    "hard_hit_pct_last_50": 0.525,
    "xwoba_last_50": 0.27034
  },
  "name": "Yandy Díaz",
  "player_id": 650490,
  "player_name": "Yandy Díaz",
  "recent_unicorns": [
    {
      "description": "Yandy Díaz: 12 balls hit 105+ mph in the last 50 AB.",
      "metric_value": 12.0,
      "pattern_id": "UNQ-H-0502",
      "run_date": "2025-04-15",
      "score": 12.0
    }
  ],
  "role": "hitter",
  "roles": [
    "hitter"
  ],
  "team_id": 139,
  "team_name": "TB"
}
