{
  "basic_batting": {
    "avg": 0.22727272727272727,
    "babip": 0.28,
    "bb": 3,
    "doubles": 6,
    "h": 15,
    "hr": 1,
    "iso": 0.13636363636363638,
    "k": 15,
    "obp": 0.2916666666666667,
    "ops": 0.6553030303030303,
    "ops_plus": 88,
    "slg": 0.36363636363636365,
    "triples": 0,
    "woba": 0.29263888888888895,
    "wrc_plus": 93
  },
  "basic_pitching": {
    "babip": 0.25,
    "bb": 0,
    "era": 0.0,
    "fip": 3.1255870058340216,
    "h": 1,
    "hr": 0,
    "ip": 1.0,
    "whip": 1.0
  },
  "current_team_id": 142,
  "metrics": {
    "barrel_pct_last_50": 0.0,
    "chase_pct_last_50": 0.3793,
    "contact_pct_last_50": 0.3162,
    "hard_hit_pct_last_50": 0.2703,
    "xwoba_last_50": 0.2367
  },
  "name": "Willi Castro",
  "player_id": 650489,
  "player_name": "Willi Castro",
  "recent_unicorns": [],
  "role": "reliever",
  "roles": [
    "reliever"
  ],
  "team_id": 142,
  "team_name": "MIN"
}
