{
  "basic_batting": {
    "avg": 0.2682926829268293,
    "babip": 0.2857142857142857,
    "bb": 3,
    "doubles": 1,
    "h": 11,
    "hr": 1,
    "iso": 0.09756097560975607,
    "k": 5,
    "obp": 0.3181818181818182,
    "ops": 0.6840354767184036,
    "ops_plus": 97,
    "slg": 0.36585365853658536,
    "triples": 0,
    "woba": 0.30568181818181817,
    "wrc_plus": 123
  },
  "basic_pitching": null,
  "current_team_id": 116,
  "metrics": {
    "barrel_pct_last_50": 0.0,
    "chase_pct_last_50": 0.2191780821917808,
    "contact_pct_last_50": 0.5,
    "hard_hit_pct_last_50": 0.4166666666666667,
    "xwoba_last_50": 0.29204878048780486
  },
  "name": "Gleyber Torres",
  "player_id": 650402,
  "player_name": "Gleyber Torres",
  "recent_unicorns": [],
  "role": "hitter",
  "roles": [
    "hitter"
  ],
  "team_id": 116,
  "team_name": "DET"
}
