{
  "basic_batting": {
    "avg": 0.226,
    "babip": 0.2857142857142857,
    "bb": 40,
    "doubles": 17,
    "h": 91,
    "hr": 11,
    "iso": 0.13999999999999999,
    "k": 111,
    "obp": 0.313,
    "ops": 0.679,
    "ops_plus": 97.10024328125596,
    "slg": 0.366,
    "triples": 3,
    "woba": 0.30567328918322295,
    "wrc_plus": 99.42094320291778
  },
  "basic_pitching": {
    "babip": 0.25,
    "bb": 0,
    "era": 0.0,
    "fip": 3.1255870058340216,
    "h": 1,
    "hr": 0,
    "ip": 1.0,
    "whip": 1.0
  },
  "current_team_id": 142,
  "metrics": {
    "barrel_pct_last_50": 0.0,
    "chase_pct_last_50": 0.337,
    "contact_pct_last_50": 0.3186,
    "hard_hit_pct_last_50": 0.25,
    "xwoba_last_50": 0.2412
  },
  "name": "Willi Castro",
  "player_id": 650489,
  "player_name": "Willi Castro",
  "recent_unicorns": [],
  "role": "reliever",
  "roles": [
    "reliever"
  ],
  "team_id": 142,
  "team_name": "MIN"
}
