{
  "basic_batting": {
    "avg": 0.2,
    "babip": 0.32142857142857145,
    "bb": 3,
    "doubles": 1,
    "h": 9,
    "hr": 0,
    "iso": 0.0222222222222222,
    "k": 17,
    "obp": 0.25,
    "ops": 0.4722222222222222,
    "ops_plus": 38,
    "slg": 0.2222222222222222,
    "triples": 0,
    "woba": 0.21791666666666665,
    "wrc_plus": 11
  },
  "basic_pitching": null,
  "current_team_id": 144,
  "metrics": {
    "barrel_pct_last_50": 0.0,
    "chase_pct_last_50": 0.3968253968253968,
    "contact_pct_last_50": 0.3111111111111111,
    "hard_hit_pct_last_50": 0.5357142857142857,
    "xwoba_last_50": 0.2265111111111111
  },
  "name": "Bryan De La Cruz",
  "player_id": 650559,
  "player_name": "Bryan De La Cruz",
  "recent_unicorns": [],
  "role": "hitter",
  "roles": [
    "hitter"
  ],
  "team_id": 144,
  "team_name": "ATL"
}
