{
  "current_team_id": 108,
  "metrics": {
    "barrel_pct_last_50": 0.05128205128205128,
    "chase_pct_last_50": 0.2926829268292683,
    "contact_pct_last_50": 0.42391304347826086,
    "hard_hit_pct_last_50": 0.28205128205128205,
    "xwoba_last_50": 0.34012
  },
  "name": "Luis Rengifo",
  "player_id": 650859,
  "player_name": "Luis Rengifo",
  "recent_unicorns": [],
  "role": "hitter",
  "roles": [
    "hitter"
  ],
  "team_id": 108,
  "team_name": "LAA"
}
