{
  "basic_batting": {
    "avg": 0.2413793103448276,
    "babip": 0.2708333333333333,
    "bb": 4,
    "doubles": 5,
    "h": 14,
    "hr": 1,
    "iso": 0.1379310344827586,
    "k": 10,
    "obp": 0.2857142857142857,
    "ops": 0.6650246305418719,
    "ops_plus": 91,
    "slg": 0.3793103448275862,
    "triples": 0,
    "woba": 0.2909523809523809,
    "wrc_plus": 115
  },
  "basic_pitching": null,
  "current_team_id": 108,
  "metrics": {
    "barrel_pct_last_50": 0.047619047619047616,
    "chase_pct_last_50": 0.32894736842105265,
    "contact_pct_last_50": 0.4421052631578947,
    "hard_hit_pct_last_50": 0.30952380952380953,
    "xwoba_last_50": 0.3172
  },
  "name": "Luis Rengifo",
  "player_id": 650859,
  "player_name": "Luis Rengifo",
  "recent_unicorns": [],
  "role": "hitter",
  "roles": [
    "hitter"
  ],
  "team_id": 108,
  "team_name": "LAA"
}
