{
  "basic_batting": {
    "avg": 0.231,
    "babip": 0.23880597014925373,
    "bb": 7,
    "doubles": 8,
    "h": 37,
    "hr": 5,
    "iso": 0.144,
    "k": 22,
    "obp": 0.262,
    "ops": 0.637,
    "ops_plus": 83.00457672862737,
    "slg": 0.375,
    "triples": 0,
    "woba": 0.27886904761904757,
    "wrc_plus": 90.70280173471838
  },
  "basic_pitching": null,
  "current_team_id": 138,
  "metrics": {
    "barrel_pct_last_50": 0.0,
    "chase_pct_last_50": 0.4090909090909091,
    "contact_pct_last_50": 0.4782608695652174,
    "hard_hit_pct_last_50": 0.45454545454545453,
    "xwoba_last_50": 0.31808333333333333
  },
  "name": "Yohel Pozo",
  "player_id": 650968,
  "player_name": "Yohel Pozo",
  "recent_unicorns": [],
  "role": "hitter",
  "roles": [
    "hitter"
  ],
  "team_id": 138,
  "team_name": "STL"
}
