{
  "basic_batting": {
    "avg": 0.167,
    "babip": 0.2631578947368421,
    "bb": 7,
    "doubles": 0,
    "h": 11,
    "hr": 1,
    "iso": 0.07499999999999998,
    "k": 27,
    "obp": 0.247,
    "ops": 0.489,
    "ops_plus": 43.245874988912945,
    "slg": 0.242,
    "triples": 1,
    "woba": 0.22684931506849318,
    "wrc_plus": 73.78326359267419
  },
  "basic_pitching": null,
  "current_team_id": 115,
  "metrics": {
    "barrel_pct_last_50": 0.0,
    "chase_pct_last_50": 0.20689655172413793,
    "contact_pct_last_50": 0.25,
    "hard_hit_pct_last_50": 0.5,
    "xwoba_last_50": 0.12575
  },
  "name": "Sean Bouchard",
  "player_id": 656248,
  "player_name": "Sean Bouchard",
  "recent_unicorns": [],
  "role": "hitter",
  "roles": [
    "hitter"
  ],
  "team_id": 115,
  "team_name": "COL"
}
