{
  "basic_batting": {
    "avg": 0.2033898305084746,
    "babip": 0.2631578947368421,
    "bb": 15,
    "doubles": 3,
    "h": 12,
    "hr": 2,
    "iso": 0.15254237288135591,
    "k": 19,
    "obp": 0.36486486486486486,
    "ops": 0.7207970682546954,
    "ops_plus": 110,
    "slg": 0.3559322033898305,
    "triples": 0,
    "woba": 0.33229729729729723,
    "wrc_plus": 143
  },
  "basic_pitching": null,
  "current_team_id": 137,
  "metrics": {
    "barrel_pct_last_50": 0.0,
    "chase_pct_last_50": 0.25,
    "contact_pct_last_50": 0.3626373626373626,
    "hard_hit_pct_last_50": 0.3939393939393939,
    "xwoba_last_50": 0.21194
  },
  "name": "Matt Chapman",
  "player_id": 656305,
  "player_name": "Matt Chapman",
  "recent_unicorns": [],
  "role": "hitter",
  "roles": [
    "hitter"
  ],
  "team_id": 137,
  "team_name": "SF"
}
