{
  "basic_batting": {
    "avg": 0.216,
    "babip": 0.3055555555555556,
    "bb": 4,
    "doubles": 4,
    "h": 11,
    "hr": 0,
    "iso": 0.11700000000000002,
    "k": 15,
    "obp": 0.273,
    "ops": 0.606,
    "ops_plus": 75.52773406317712,
    "slg": 0.333,
    "triples": 1,
    "woba": 0.2690909090909091,
    "wrc_plus": 87.52243959763415
  },
  "basic_pitching": null,
  "current_team_id": 144,
  "metrics": {
    "barrel_pct_last_50": 0.08333333333333333,
    "chase_pct_last_50": 0.3157894736842105,
    "contact_pct_last_50": 0.46153846153846156,
    "hard_hit_pct_last_50": 0.25,
    "xwoba_last_50": 0.22175
  },
  "name": "Stuart Fairchild",
  "player_id": 656413,
  "player_name": "Stuart Fairchild",
  "recent_unicorns": [],
  "role": "hitter",
  "roles": [
    "hitter"
  ],
  "team_id": 144,
  "team_name": "ATL"
}
