{
  "basic_batting": {
    "avg": 0.05555555555555555,
    "babip": 0.07692307692307693,
    "bb": 0,
    "doubles": 0,
    "h": 1,
    "hr": 0,
    "iso": 0.1111111111111111,
    "k": 5,
    "obp": 0.05555555555555555,
    "ops": 0.2222222222222222,
    "ops_plus": -39,
    "slg": 0.16666666666666666,
    "triples": 1,
    "woba": 0.09000000000000001,
    "wrc_plus": -8
  },
  "basic_pitching": null,
  "current_team_id": 144,
  "metrics": {
    "barrel_pct_last_50": 0.07692307692307693,
    "chase_pct_last_50": 0.3333333333333333,
    "contact_pct_last_50": 0.41935483870967744,
    "hard_hit_pct_last_50": 0.23076923076923078,
    "xwoba_last_50": 0.20255555555555554
  },
  "name": "Stuart Fairchild",
  "player_id": 656413,
  "player_name": "Stuart Fairchild",
  "recent_unicorns": [],
  "role": "hitter",
  "roles": [
    "hitter"
  ],
  "team_id": 144,
  "team_name": "ATL"
}
