{
  "basic_batting": {
    "avg": 0.22916666666666666,
    "babip": 0.29411764705882354,
    "bb": 8,
    "doubles": 1,
    "h": 11,
    "hr": 1,
    "iso": 0.08333333333333334,
    "k": 14,
    "obp": 0.3448275862068966,
    "ops": 0.6573275862068966,
    "ops_plus": 92,
    "slg": 0.3125,
    "triples": 0,
    "woba": 0.30379310344827587,
    "wrc_plus": 87
  },
  "basic_pitching": null,
  "current_team_id": 158,
  "metrics": {
    "barrel_pct_last_50": 0.02857142857142857,
    "chase_pct_last_50": 0.23255813953488372,
    "contact_pct_last_50": 0.3684210526315789,
    "hard_hit_pct_last_50": 0.45714285714285713,
    "xwoba_last_50": 0.2595
  },
  "name": "Rhys Hoskins",
  "player_id": 656555,
  "player_name": "Rhys Hoskins",
  "recent_unicorns": [],
  "role": "hitter",
  "roles": [
    "hitter"
  ],
  "team_id": 158,
  "team_name": "MIL"
}
