{
  "basic_batting": {
    "avg": 0.237,
    "babip": 0.2967032967032967,
    "bb": 38,
    "doubles": 12,
    "h": 66,
    "hr": 12,
    "iso": 0.179,
    "k": 91,
    "obp": 0.332,
    "ops": 0.748,
    "ops_plus": 116.35890574118423,
    "slg": 0.416,
    "triples": 1,
    "woba": 0.3303963414634146,
    "wrc_plus": 107.46217305037877
  },
  "basic_pitching": null,
  "current_team_id": 158,
  "metrics": {
    "barrel_pct_last_50": 0.02857142857142857,
    "chase_pct_last_50": 0.23255813953488372,
    "contact_pct_last_50": 0.3684210526315789,
    "hard_hit_pct_last_50": 0.45714285714285713,
    "xwoba_last_50": 0.2595
  },
  "name": "Rhys Hoskins",
  "player_id": 656555,
  "player_name": "Rhys Hoskins",
  "recent_unicorns": [],
  "role": "hitter",
  "roles": [
    "hitter"
  ],
  "team_id": 158,
  "team_name": "MIL"
}
