{
  "basic_batting": {
    "avg": 0.216,
    "babip": 0.3132530120481928,
    "bb": 9,
    "doubles": 6,
    "h": 29,
    "hr": 3,
    "iso": 0.11200000000000002,
    "k": 48,
    "obp": 0.281,
    "ops": 0.609,
    "ops_plus": 76.79676005119043,
    "slg": 0.328,
    "triples": 0,
    "woba": 0.27458904109589044,
    "wrc_plus": 89.31071972917597
  },
  "basic_pitching": null,
  "current_team_id": 146,
  "metrics": {
    "barrel_pct_last_50": 0.038461538461538464,
    "chase_pct_last_50": 0.4673913043478261,
    "contact_pct_last_50": 0.27956989247311825,
    "hard_hit_pct_last_50": 0.38461538461538464,
    "xwoba_last_50": 0.26087179487179485
  },
  "name": "Derek Hill",
  "player_id": 656537,
  "player_name": "Derek Hill",
  "recent_unicorns": [],
  "role": "hitter",
  "roles": [
    "hitter"
  ],
  "team_id": 146,
  "team_name": "MIA"
}
