{
  "current_team_id": 146,
  "metrics": {
    "barrel_pct_last_50": 0.038461538461538464,
    "chase_pct_last_50": 0.42857142857142855,
    "contact_pct_last_50": 0.26,
    "hard_hit_pct_last_50": 0.38461538461538464,
    "xwoba_last_50": 0.2915952380952381
  },
  "name": "Derek Hill",
  "player_id": 656537,
  "player_name": "Derek Hill",
  "recent_unicorns": [],
  "role": "hitter",
  "roles": [
    "hitter"
  ],
  "team_id": 146,
  "team_name": "MIA"
}
