{
  "basic_batting": {
    "avg": 0.16666666666666666,
    "babip": 0.25,
    "bb": 3,
    "doubles": 2,
    "h": 7,
    "hr": 1,
    "iso": 0.11904761904761904,
    "k": 17,
    "obp": 0.2391304347826087,
    "ops": 0.5248447204968945,
    "ops_plus": 51,
    "slg": 0.2857142857142857,
    "triples": 0,
    "woba": 0.23891304347826087,
    "wrc_plus": 39
  },
  "basic_pitching": null,
  "current_team_id": 146,
  "metrics": {
    "barrel_pct_last_50": 0.037037037037037035,
    "chase_pct_last_50": 0.4639175257731959,
    "contact_pct_last_50": 0.2727272727272727,
    "hard_hit_pct_last_50": 0.4074074074074074,
    "xwoba_last_50": 0.24455813953488373
  },
  "name": "Derek Hill",
  "player_id": 656537,
  "player_name": "Derek Hill",
  "recent_unicorns": [],
  "role": "hitter",
  "roles": [
    "hitter"
  ],
  "team_id": 146,
  "team_name": "MIA"
}
