{
  "basic_batting": {
    "avg": 0.3,
    "babip": 0.3142857142857143,
    "bb": 10,
    "doubles": 4,
    "h": 15,
    "hr": 4,
    "iso": 0.32,
    "k": 11,
    "obp": 0.43548387096774194,
    "ops": 1.0554838709677419,
    "ops_plus": 201,
    "slg": 0.62,
    "triples": 0,
    "woba": 0.45241935483870965,
    "wrc_plus": 287
  },
  "basic_pitching": null,
  "current_team_id": 110,
  "metrics": {
    "barrel_pct_last_50": 0.02702702702702703,
    "chase_pct_last_50": 0.3,
    "contact_pct_last_50": 0.3490566037735849,
    "hard_hit_pct_last_50": 0.40540540540540543,
    "xwoba_last_50": 0.31044
  },
  "name": "Cedric Mullins",
  "player_id": 656775,
  "player_name": "Cedric Mullins",
  "recent_unicorns": [],
  "role": "hitter",
  "roles": [
    "hitter"
  ],
  "team_id": 110,
  "team_name": "BAL"
}
