{
  "basic_batting": {
    "avg": 0.2692307692307692,
    "babip": 0.3333333333333333,
    "bb": 9,
    "doubles": 0,
    "h": 14,
    "hr": 1,
    "iso": 0.13461538461538464,
    "k": 13,
    "obp": 0.3709677419354839,
    "ops": 0.7748138957816377,
    "ops_plus": 124,
    "slg": 0.40384615384615385,
    "triples": 2,
    "woba": 0.3441935483870968,
    "wrc_plus": 172
  },
  "basic_pitching": {
    "babip": 0.0,
    "bb": 0,
    "era": 0.0,
    "fip": 3.1255870058340216,
    "h": 0,
    "hr": 0,
    "ip": 0.1,
    "whip": 0.0
  },
  "current_team_id": 116,
  "metrics": {
    "barrel_pct_last_50": 0.0,
    "chase_pct_last_50": 0.367816091954023,
    "contact_pct_last_50": 0.40860215053763443,
    "hard_hit_pct_last_50": 0.34210526315789475,
    "xwoba_last_50": 0.24258
  },
  "name": "Zach McKinstry",
  "player_id": 656716,
  "player_name": "Zach McKinstry",
  "recent_unicorns": [],
  "role": "hitter",
  "roles": [
    "hitter"
  ],
  "team_id": 116,
  "team_name": "DET"
}
