{
  "basic_batting": {
    "avg": 0.254,
    "babip": 0.311614730878187,
    "bb": 50,
    "doubles": 23,
    "h": 122,
    "hr": 12,
    "iso": 0.16799999999999998,
    "k": 121,
    "obp": 0.33,
    "ops": 0.752,
    "ops_plus": 117.28871909884563,
    "slg": 0.422,
    "triples": 11,
    "woba": 0.33040515653775326,
    "wrc_plus": 107.4650401736642
  },
  "basic_pitching": {
    "babip": 0.0,
    "bb": 0,
    "era": 0.0,
    "fip": 3.1255870058340216,
    "h": 0,
    "hr": 0,
    "ip": 0.1,
    "whip": 0.0
  },
  "current_team_id": 116,
  "metrics": {
    "barrel_pct_last_50": 0.0,
    "chase_pct_last_50": 0.367816091954023,
    "contact_pct_last_50": 0.40860215053763443,
    "hard_hit_pct_last_50": 0.34210526315789475,
    "xwoba_last_50": 0.24258
  },
  "name": "Zach McKinstry",
  "player_id": 656716,
  "player_name": "Zach McKinstry",
  "recent_unicorns": [],
  "role": "hitter",
  "roles": [
    "hitter"
  ],
  "team_id": 116,
  "team_name": "DET"
}
