{
  "basic_batting": {
    "avg": 0.258,
    "babip": 0.3767123287671233,
    "bb": 41,
    "doubles": 17,
    "h": 63,
    "hr": 8,
    "iso": 0.176,
    "k": 92,
    "obp": 0.362,
    "ops": 0.797,
    "ops_plus": 130.76613575600916,
    "slg": 0.434,
    "triples": 1,
    "woba": 0.3527177700348432,
    "wrc_plus": 114.72226924045763
  },
  "basic_pitching": null,
  "current_team_id": 109,
  "metrics": {
    "barrel_pct_last_50": 0.14285714285714285,
    "chase_pct_last_50": 0.28125,
    "contact_pct_last_50": 0.328125,
    "hard_hit_pct_last_50": 0.5238095238095238,
    "xwoba_last_50": 0.34445454545454546
  },
  "name": "Pavin Smith",
  "player_id": 656976,
  "player_name": "Pavin Smith",
  "recent_unicorns": [
    {
      "description": "Pavin Smith: air barrel rate leader with 3 barrels in the last 50 AB.",
      "metric_value": 3.0,
      "pattern_id": "UNQ-H-0551",
      "run_date": "2025-04-15",
      "score": 3.0
    }
  ],
  "role": "hitter",
  "roles": [
    "hitter"
  ],
  "team_id": 109,
  "team_name": "AZ"
}
