{
  "basic_batting": {
    "avg": 0.16,
    "babip": 0.20253164556962025,
    "bb": 14,
    "doubles": 2,
    "h": 20,
    "hr": 4,
    "iso": 0.11200000000000002,
    "k": 44,
    "obp": 0.246,
    "ops": 0.518,
    "ops_plus": 45.50778988417301,
    "slg": 0.272,
    "triples": 0,
    "woba": 0.237887323943662,
    "wrc_plus": 74.8580183140947
  },
  "basic_pitching": null,
  "current_team_id": 114,
  "metrics": {
    "barrel_pct_last_50": 0.0,
    "chase_pct_last_50": 0.2,
    "contact_pct_last_50": 0.4423076923076923,
    "hard_hit_pct_last_50": 0.30434782608695654,
    "xwoba_last_50": 0.17639393939393938
  },
  "name": "Lane Thomas",
  "player_id": 657041,
  "player_name": "Lane Thomas",
  "recent_unicorns": [],
  "role": "hitter",
  "roles": [
    "hitter"
  ],
  "team_id": 114,
  "team_name": "CLE"
}
