{
  "basic_batting": {
    "avg": 0.19,
    "babip": 0.25,
    "bb": 16,
    "doubles": 8,
    "h": 32,
    "hr": 0,
    "iso": 0.04799999999999999,
    "k": 42,
    "obp": 0.262,
    "ops": 0.5,
    "ops_plus": 42.158600451175786,
    "slg": 0.238,
    "triples": 0,
    "woba": 0.23144385026737968,
    "wrc_plus": 72.83039589828344
  },
  "basic_pitching": null,
  "current_team_id": 111,
  "metrics": {
    "barrel_pct_last_50": 0.0,
    "chase_pct_last_50": 0.4,
    "contact_pct_last_50": 0.2777777777777778,
    "hard_hit_pct_last_50": 0.3333333333333333,
    "xwoba_last_50": 0.30522727272727274
  },
  "name": "Connor Wong",
  "player_id": 657136,
  "player_name": "Connor Wong",
  "recent_unicorns": [],
  "role": "hitter",
  "roles": [
    "hitter"
  ],
  "team_id": 111,
  "team_name": "BOS"
}
