{
  "basic_batting": {
    "avg": 0.2,
    "babip": 0.15384615384615385,
    "bb": 1,
    "doubles": 0,
    "h": 5,
    "hr": 3,
    "iso": 0.36000000000000004,
    "k": 9,
    "obp": 0.23076923076923078,
    "ops": 0.7907692307692309,
    "ops_plus": 119,
    "slg": 0.56,
    "triples": 0,
    "woba": 0.3373076923076923,
    "wrc_plus": 3
  },
  "basic_pitching": null,
  "current_team_id": 110,
  "metrics": {
    "barrel_pct_last_50": 0.0,
    "chase_pct_last_50": 0.2826086956521739,
    "contact_pct_last_50": 0.29545454545454547,
    "hard_hit_pct_last_50": 0.3076923076923077,
    "xwoba_last_50": 0.17395238095238094
  },
  "name": "Ramón Laureano",
  "player_id": 657656,
  "player_name": "Ramón Laureano",
  "recent_unicorns": [],
  "role": "hitter",
  "roles": [
    "hitter"
  ],
  "team_id": 110,
  "team_name": "BAL"
}
