{
  "current_team_id": 110,
  "metrics": {
    "barrel_pct_last_50": 0.0,
    "chase_pct_last_50": 0.2647058823529412,
    "contact_pct_last_50": 0.21428571428571427,
    "hard_hit_pct_last_50": 0.16666666666666666,
    "xwoba_last_50": 0.12478571428571429
  },
  "name": "Ramón Laureano",
  "player_id": 657656,
  "player_name": "Ramón Laureano",
  "recent_unicorns": [],
  "role": "hitter",
  "roles": [
    "hitter"
  ],
  "team_id": 110,
  "team_name": "BAL"
}
