{
  "basic_batting": {
    "avg": 0.36363636363636365,
    "babip": 0.4444444444444444,
    "bb": 0,
    "doubles": 0,
    "h": 4,
    "hr": 0,
    "iso": 0.0,
    "k": 2,
    "obp": 0.36363636363636365,
    "ops": 0.7272727272727273,
    "ops_plus": 112,
    "slg": 0.36363636363636365,
    "triples": 0,
    "woba": 0.32363636363636367,
    "wrc_plus": 162
  },
  "basic_pitching": null,
  "current_team_id": 135,
  "metrics": {
    "barrel_pct_last_50": 0.0,
    "chase_pct_last_50": 0.6875,
    "contact_pct_last_50": 0.375,
    "hard_hit_pct_last_50": 0.5555555555555556,
    "xwoba_last_50": 0.2672727272727273
  },
  "name": "Oscar Gonzalez",
  "player_id": 660757,
  "player_name": "Oscar Gonzalez",
  "recent_unicorns": [],
  "role": "hitter",
  "roles": [
    "hitter"
  ],
  "team_id": 135,
  "team_name": "SD"
}
