{
  "basic_batting": {
    "avg": 0.224,
    "babip": 0.3055555555555556,
    "bb": 24,
    "doubles": 2,
    "h": 24,
    "hr": 2,
    "iso": 0.07499999999999998,
    "k": 33,
    "obp": 0.371,
    "ops": 0.67,
    "ops_plus": 91.87774488022207,
    "slg": 0.299,
    "triples": 0,
    "woba": 0.31681818181818183,
    "wrc_plus": 99.6958596347921
  },
  "basic_pitching": {
    "babip": 0.6,
    "bb": 1,
    "era": 0.0,
    "fip": 6.125587005834022,
    "h": 3,
    "hr": 0,
    "ip": 1.0,
    "whip": 4.0
  },
  "current_team_id": 136,
  "metrics": {
    "barrel_pct_last_50": 0.0,
    "chase_pct_last_50": 0.13333333333333333,
    "contact_pct_last_50": 0.45454545454545453,
    "hard_hit_pct_last_50": 0.2,
    "xwoba_last_50": 0.089875
  },
  "name": "Leo Rivas",
  "player_id": 660844,
  "player_name": "Leo Rivas",
  "recent_unicorns": [],
  "role": "hitter",
  "roles": [
    "hitter"
  ],
  "team_id": 136,
  "team_name": "SEA"
}
