{
  "basic_batting": {
    "avg": 0.125,
    "babip": 0.2,
    "bb": 3,
    "doubles": 0,
    "h": 1,
    "hr": 0,
    "iso": 0.0,
    "k": 3,
    "obp": 0.36363636363636365,
    "ops": 0.48863636363636365,
    "ops_plus": 49,
    "slg": 0.125,
    "triples": 0,
    "woba": 0.2690909090909091,
    "wrc_plus": 17
  },
  "basic_pitching": {
    "babip": 0.6,
    "bb": 1,
    "era": 0.0,
    "fip": 6.125587005834022,
    "h": 3,
    "hr": 0,
    "ip": 1.0,
    "whip": 4.0
  },
  "current_team_id": 136,
  "metrics": {
    "barrel_pct_last_50": 0.0,
    "chase_pct_last_50": 0.13333333333333333,
    "contact_pct_last_50": 0.45454545454545453,
    "hard_hit_pct_last_50": 0.2,
    "xwoba_last_50": 0.089875
  },
  "name": "Leo Rivas",
  "player_id": 660844,
  "player_name": "Leo Rivas",
  "recent_unicorns": [],
  "role": "hitter",
  "roles": [
    "hitter"
  ],
  "team_id": 136,
  "team_name": "SEA"
}
