{
  "basic_batting": {
    "avg": 0.22950819672131148,
    "babip": 0.2391304347826087,
    "bb": 10,
    "doubles": 2,
    "h": 14,
    "hr": 3,
    "iso": 0.18032786885245902,
    "k": 13,
    "obp": 0.3333333333333333,
    "ops": 0.7431693989071038,
    "ops_plus": 114,
    "slg": 0.4098360655737705,
    "triples": 0,
    "woba": 0.3298611111111111,
    "wrc_plus": 185
  },
  "basic_pitching": null,
  "current_team_id": 158,
  "metrics": {
    "barrel_pct_last_50": 0.0,
    "chase_pct_last_50": 0.33707865168539325,
    "contact_pct_last_50": 0.40594059405940597,
    "hard_hit_pct_last_50": 0.2926829268292683,
    "xwoba_last_50": 0.22622
  },
  "name": "William Contreras",
  "player_id": 661388,
  "player_name": "William Contreras",
  "recent_unicorns": [],
  "role": "hitter",
  "roles": [
    "hitter"
  ],
  "team_id": 158,
  "team_name": "MIL"
}
