{
  "basic_batting": {
    "avg": 0.258,
    "babip": 0.2956521739130435,
    "bb": 87,
    "doubles": 29,
    "h": 155,
    "hr": 19,
    "iso": 0.14400000000000002,
    "k": 127,
    "obp": 0.352,
    "ops": 0.754,
    "ops_plus": 111.37830939004863,
    "slg": 0.402,
    "triples": 0,
    "woba": 0.33642241379310345,
    "wrc_plus": 105.86488929086573
  },
  "basic_pitching": null,
  "current_team_id": 158,
  "metrics": {
    "barrel_pct_last_50": 0.0,
    "chase_pct_last_50": 0.33707865168539325,
    "contact_pct_last_50": 0.40594059405940597,
    "hard_hit_pct_last_50": 0.2926829268292683,
    "xwoba_last_50": 0.22622
  },
  "name": "William Contreras",
  "player_id": 661388,
  "player_name": "William Contreras",
  "recent_unicorns": [],
  "role": "hitter",
  "roles": [
    "hitter"
  ],
  "team_id": 158,
  "team_name": "MIL"
}
