{
  "basic_batting": {
    "avg": 0.26436781609195403,
    "babip": 0.35294117647058826,
    "bb": 3,
    "doubles": 4,
    "h": 23,
    "hr": 5,
    "iso": 0.21839080459770116,
    "k": 31,
    "obp": 0.2967032967032967,
    "ops": 0.7794619173929519,
    "ops_plus": 120,
    "slg": 0.4827586206896552,
    "triples": 0,
    "woba": 0.3387912087912088,
    "wrc_plus": 102
  },
  "basic_pitching": null,
  "current_team_id": 144,
  "metrics": {
    "barrel_pct_last_50": 0.030303030303030304,
    "chase_pct_last_50": 0.34065934065934067,
    "contact_pct_last_50": 0.2894736842105263,
    "hard_hit_pct_last_50": 0.6666666666666666,
    "xwoba_last_50": 0.4165
  },
  "name": "Austin Riley",
  "player_id": 663586,
  "player_name": "Austin Riley",
  "recent_unicorns": [
    {
      "description": "Austin Riley: 5 balls hit 110+ mph in the last 50 AB.",
      "metric_value": 5.0,
      "pattern_id": "UNQ-H-0503",
      "run_date": "2025-04-15",
      "score": 5.0
    }
  ],
  "role": "hitter",
  "roles": [
    "hitter"
  ],
  "team_id": 144,
  "team_name": "ATL"
}
