{
  "basic_batting": {
    "avg": 0.3,
    "babip": 0.37209302325581395,
    "bb": 3,
    "doubles": 4,
    "h": 21,
    "hr": 5,
    "iso": 0.2714285714285714,
    "k": 22,
    "obp": 0.33783783783783783,
    "ops": 0.9092664092664092,
    "ops_plus": 157,
    "slg": 0.5714285714285714,
    "triples": 0,
    "woba": 0.39256756756756755,
    "wrc_plus": 131
  },
  "basic_pitching": null,
  "current_team_id": 144,
  "metrics": {
    "barrel_pct_last_50": 0.027777777777777776,
    "chase_pct_last_50": 0.3225806451612903,
    "contact_pct_last_50": 0.3157894736842105,
    "hard_hit_pct_last_50": 0.5277777777777778,
    "xwoba_last_50": 0.42696
  },
  "name": "Austin Riley",
  "player_id": 663586,
  "player_name": "Austin Riley",
  "recent_unicorns": [
    {
      "description": "Austin Riley: 5 balls hit 110+ mph in the last 50 AB.",
      "metric_value": 5.0,
      "pattern_id": "UNQ-H-0503",
      "run_date": "2025-04-15",
      "score": 5.0
    }
  ],
  "role": "hitter",
  "roles": [
    "hitter"
  ],
  "team_id": 144,
  "team_name": "ATL"
}
