{
  "basic_batting": {
    "avg": 0.26,
    "babip": 0.336996336996337,
    "bb": 27,
    "doubles": 20,
    "h": 108,
    "hr": 16,
    "iso": 0.16799999999999998,
    "k": 128,
    "obp": 0.309,
    "ops": 0.737,
    "ops_plus": 112.08692109831348,
    "slg": 0.428,
    "triples": 1,
    "woba": 0.32348993288590605,
    "wrc_plus": 105.2158477114675
  },
  "basic_pitching": null,
  "current_team_id": 144,
  "metrics": {
    "barrel_pct_last_50": 0.027777777777777776,
    "chase_pct_last_50": 0.3225806451612903,
    "contact_pct_last_50": 0.3157894736842105,
    "hard_hit_pct_last_50": 0.5277777777777778,
    "xwoba_last_50": 0.42696
  },
  "name": "Austin Riley",
  "player_id": 663586,
  "player_name": "Austin Riley",
  "recent_unicorns": [
    {
      "description": "Austin Riley: 5 balls hit 110+ mph in the last 50 AB.",
      "metric_value": 5.0,
      "pattern_id": "UNQ-H-0503",
      "run_date": "2025-04-15",
      "score": 5.0
    }
  ],
  "role": "hitter",
  "roles": [
    "hitter"
  ],
  "team_id": 144,
  "team_name": "ATL"
}
