{
  "basic_batting": {
    "avg": 0.233,
    "babip": 0.2786458333333333,
    "bb": 54,
    "doubles": 29,
    "h": 116,
    "hr": 9,
    "iso": 0.11299999999999996,
    "k": 106,
    "obp": 0.323,
    "ops": 0.669,
    "ops_plus": 88.29198602236217,
    "slg": 0.346,
    "triples": 0,
    "woba": 0.30348056537102475,
    "wrc_plus": 95.49879894355448
  },
  "basic_pitching": null,
  "current_team_id": 118,
  "metrics": {
    "barrel_pct_last_50": 0.024390243902439025,
    "chase_pct_last_50": 0.24705882352941178,
    "contact_pct_last_50": 0.4659090909090909,
    "hard_hit_pct_last_50": 0.4878048780487805,
    "xwoba_last_50": 0.26516
  },
  "name": "Jonathan India",
  "player_id": 663697,
  "player_name": "Jonathan India",
  "recent_unicorns": [
    {
      "description": "Jonathan India: 2 pulled balls hit 98+ mph with a 20–35° launch angle in the last 50 AB.",
      "metric_value": 2.0,
      "pattern_id": "UNQ-H-0544",
      "run_date": "2025-04-15",
      "score": 2.0
    }
  ],
  "role": "hitter",
  "roles": [
    "hitter"
  ],
  "team_id": 118,
  "team_name": "KC"
}
