{
  "basic_batting": {
    "avg": 0.275,
    "babip": 0.4,
    "bb": 4,
    "doubles": 1,
    "h": 11,
    "hr": 1,
    "iso": 0.14999999999999997,
    "k": 14,
    "obp": 0.3695652173913043,
    "ops": 0.7945652173913043,
    "ops_plus": 130,
    "slg": 0.425,
    "triples": 1,
    "woba": 0.3545652173913044,
    "wrc_plus": 48
  },
  "basic_pitching": null,
  "current_team_id": 134,
  "metrics": {
    "barrel_pct_last_50": 0.038461538461538464,
    "chase_pct_last_50": 0.27058823529411763,
    "contact_pct_last_50": 0.35135135135135137,
    "hard_hit_pct_last_50": 0.2692307692307692,
    "xwoba_last_50": 0.2784285714285714
  },
  "name": "Joey Bart",
  "player_id": 663698,
  "player_name": "Joey Bart",
  "recent_unicorns": [
    {
      "description": "Joey Bart owns the lowest chase rate over his last 50 PA.",
      "metric_value": 0.0,
      "pattern_id": "UNQ-H-0004",
      "run_date": "2025-03-27",
      "score": 0.719133
    }
  ],
  "role": "hitter",
  "roles": [
    "hitter"
  ],
  "team_id": 134,
  "team_name": "PIT"
}
