{
  "basic_batting": {
    "avg": 0.235,
    "babip": 0.3333333333333333,
    "bb": 7,
    "doubles": 3,
    "h": 8,
    "hr": 0,
    "iso": 0.08900000000000002,
    "k": 10,
    "obp": 0.366,
    "ops": 0.689,
    "ops_plus": 96.48762253948355,
    "slg": 0.324,
    "triples": 0,
    "woba": 0.3192682926829269,
    "wrc_plus": 100.46685676462693
  },
  "basic_pitching": null,
  "current_team_id": 138,
  "metrics": {
    "barrel_pct_last_50": 0.0,
    "chase_pct_last_50": 0.2702702702702703,
    "contact_pct_last_50": 0.4,
    "hard_hit_pct_last_50": 0.6666666666666666,
    "xwoba_last_50": 0.30316666666666664
  },
  "name": "Luken Baker",
  "player_id": 663609,
  "player_name": "Luken Baker",
  "recent_unicorns": [],
  "role": "hitter",
  "roles": [
    "hitter"
  ],
  "team_id": 138,
  "team_name": "STL"
}
