{
  "basic_batting": {
    "avg": 0.25,
    "babip": 0.2945945945945946,
    "bb": 53,
    "doubles": 24,
    "h": 126,
    "hr": 17,
    "iso": 0.15400000000000003,
    "k": 122,
    "obp": 0.323,
    "ops": 0.727,
    "ops_plus": 110.30396599130779,
    "slg": 0.404,
    "triples": 1,
    "woba": 0.32157243816254416,
    "wrc_plus": 104.59217812459369
  },
  "basic_pitching": null,
  "current_team_id": 142,
  "metrics": {
    "barrel_pct_last_50": 0.0,
    "chase_pct_last_50": 0.3655913978494624,
    "contact_pct_last_50": 0.4175824175824176,
    "hard_hit_pct_last_50": 0.39473684210526316,
    "xwoba_last_50": 0.22574
  },
  "name": "Trevor Larnach",
  "player_id": 663616,
  "player_name": "Trevor Larnach",
  "recent_unicorns": [],
  "role": "hitter",
  "roles": [
    "hitter"
  ],
  "team_id": 142,
  "team_name": "MIN"
}
