{
  "basic_batting": {
    "avg": 0.21666666666666667,
    "babip": 0.25,
    "bb": 7,
    "doubles": 1,
    "h": 13,
    "hr": 1,
    "iso": 0.09999999999999998,
    "k": 11,
    "obp": 0.29850746268656714,
    "ops": 0.6151741293532338,
    "ops_plus": 78,
    "slg": 0.31666666666666665,
    "triples": 1,
    "woba": 0.2794029850746269,
    "wrc_plus": 72
  },
  "basic_pitching": null,
  "current_team_id": 134,
  "metrics": {
    "barrel_pct_last_50": 0.02564102564102564,
    "chase_pct_last_50": 0.20588235294117646,
    "contact_pct_last_50": 0.5128205128205128,
    "hard_hit_pct_last_50": 0.5384615384615384,
    "xwoba_last_50": 0.3007959183673469
  },
  "name": "Ke'Bryan Hayes",
  "player_id": 663647,
  "player_name": "Ke'Bryan Hayes",
  "recent_unicorns": [],
  "role": "hitter",
  "roles": [
    "hitter"
  ],
  "team_id": 134,
  "team_name": "PIT"
}
