{
  "basic_batting": {
    "avg": 0.249,
    "babip": 0.35638297872340424,
    "bb": 40,
    "doubles": 12,
    "h": 71,
    "hr": 4,
    "iso": 0.09100000000000003,
    "k": 93,
    "obp": 0.355,
    "ops": 0.696,
    "ops_plus": 103.82826497383459,
    "slg": 0.34,
    "triples": 1,
    "woba": 0.3191566265060241,
    "wrc_plus": 103.80642980443918
  },
  "basic_pitching": null,
  "current_team_id": 134,
  "metrics": {
    "barrel_pct_last_50": 0.038461538461538464,
    "chase_pct_last_50": 0.27058823529411763,
    "contact_pct_last_50": 0.35135135135135137,
    "hard_hit_pct_last_50": 0.2692307692307692,
    "xwoba_last_50": 0.2784285714285714
  },
  "name": "Joey Bart",
  "player_id": 663698,
  "player_name": "Joey Bart",
  "recent_unicorns": [
    {
      "description": "Joey Bart owns the lowest chase rate over his last 50 PA.",
      "metric_value": 0.0,
      "pattern_id": "UNQ-H-0004",
      "run_date": "2025-03-27",
      "score": 0.719133
    }
  ],
  "role": "hitter",
  "roles": [
    "hitter"
  ],
  "team_id": 134,
  "team_name": "PIT"
}
