{
  "basic_batting": {
    "avg": 0.32,
    "babip": 0.30303030303030304,
    "bb": 5,
    "doubles": 1,
    "h": 16,
    "hr": 6,
    "iso": 0.37999999999999995,
    "k": 11,
    "obp": 0.39285714285714285,
    "ops": 1.0928571428571427,
    "ops_plus": 207,
    "slg": 0.7,
    "triples": 0,
    "woba": 0.46517857142857144,
    "wrc_plus": 202
  },
  "basic_pitching": null,
  "current_team_id": 147,
  "metrics": {
    "barrel_pct_last_50": 0.05263157894736842,
    "chase_pct_last_50": 0.21212121212121213,
    "contact_pct_last_50": 0.475,
    "hard_hit_pct_last_50": 0.5,
    "xwoba_last_50": 0.36374
  },
  "name": "Trent Grisham",
  "player_id": 663757,
  "player_name": "Trent Grisham",
  "recent_unicorns": [],
  "role": "hitter",
  "roles": [
    "hitter"
  ],
  "team_id": 147,
  "team_name": "NYY"
}
