{
  "basic_batting": {
    "avg": 0.229,
    "babip": 0.25072886297376096,
    "bb": 85,
    "doubles": 11,
    "h": 120,
    "hr": 34,
    "iso": 0.22,
    "k": 147,
    "obp": 0.341,
    "ops": 0.79,
    "ops_plus": 119.5370108357909,
    "slg": 0.449,
    "triples": 1,
    "woba": 0.3497226753670473,
    "wrc_plus": 110.05019520788186
  },
  "basic_pitching": null,
  "current_team_id": 147,
  "metrics": {
    "barrel_pct_last_50": 0.0,
    "chase_pct_last_50": 0.21568627450980393,
    "contact_pct_last_50": 0.49122807017543857,
    "hard_hit_pct_last_50": 0.5357142857142857,
    "xwoba_last_50": 0.34905555555555556
  },
  "name": "Trent Grisham",
  "player_id": 663757,
  "player_name": "Trent Grisham",
  "recent_unicorns": [],
  "role": "hitter",
  "roles": [
    "hitter"
  ],
  "team_id": 147,
  "team_name": "NYY"
}
