{
  "current_team_id": 136,
  "metrics": {
    "barrel_pct_last_50": 0.0967741935483871,
    "chase_pct_last_50": 0.3103448275862069,
    "contact_pct_last_50": 0.2897196261682243,
    "hard_hit_pct_last_50": 0.5483870967741935,
    "xwoba_last_50": 0.4023673469387755
  },
  "name": "Cal Raleigh",
  "player_id": 663728,
  "player_name": "Cal Raleigh",
  "recent_unicorns": [],
  "role": "hitter",
  "roles": [
    "hitter"
  ],
  "team_id": 136,
  "team_name": "SEA"
}
