{
  "basic_batting": {
    "avg": 0.203125,
    "babip": 0.20512820512820512,
    "bb": 8,
    "doubles": 3,
    "h": 13,
    "hr": 5,
    "iso": 0.28125,
    "k": 20,
    "obp": 0.3013698630136986,
    "ops": 0.7857448630136986,
    "ops_plus": 123,
    "slg": 0.484375,
    "triples": 0,
    "woba": 0.3424657534246575,
    "wrc_plus": 107
  },
  "basic_pitching": null,
  "current_team_id": 136,
  "metrics": {
    "barrel_pct_last_50": 0.08823529411764706,
    "chase_pct_last_50": 0.3375,
    "contact_pct_last_50": 0.32075471698113206,
    "hard_hit_pct_last_50": 0.5294117647058824,
    "xwoba_last_50": 0.37258
  },
  "name": "Cal Raleigh",
  "player_id": 663728,
  "player_name": "Cal Raleigh",
  "recent_unicorns": [],
  "role": "hitter",
  "roles": [
    "hitter"
  ],
  "team_id": 136,
  "team_name": "SEA"
}
