{
  "basic_batting": {
    "avg": 0.34285714285714286,
    "babip": 0.3333333333333333,
    "bb": 4,
    "doubles": 1,
    "h": 12,
    "hr": 4,
    "iso": 0.37142857142857144,
    "k": 7,
    "obp": 0.425,
    "ops": 1.1392857142857142,
    "ops_plus": 223,
    "slg": 0.7142857142857143,
    "triples": 0,
    "woba": 0.48450000000000004,
    "wrc_plus": 287
  },
  "basic_pitching": null,
  "current_team_id": 147,
  "metrics": {
    "barrel_pct_last_50": 0.0,
    "chase_pct_last_50": 0.21568627450980393,
    "contact_pct_last_50": 0.49122807017543857,
    "hard_hit_pct_last_50": 0.5357142857142857,
    "xwoba_last_50": 0.34905555555555556
  },
  "name": "Trent Grisham",
  "player_id": 663757,
  "player_name": "Trent Grisham",
  "recent_unicorns": [],
  "role": "hitter",
  "roles": [
    "hitter"
  ],
  "team_id": 147,
  "team_name": "NYY"
}
