{
  "basic_batting": {
    "avg": 0.299,
    "babip": 0.3728813559322034,
    "bb": 18,
    "doubles": 23,
    "h": 97,
    "hr": 9,
    "iso": 0.173,
    "k": 84,
    "obp": 0.337,
    "ops": 0.809,
    "ops_plus": 132.67478491149376,
    "slg": 0.472,
    "triples": 3,
    "woba": 0.3506571428571429,
    "wrc_plus": 114.05204549227224
  },
  "basic_pitching": null,
  "current_team_id": 111,
  "metrics": {
    "barrel_pct_last_50": 0.0,
    "chase_pct_last_50": 0.30434782608695654,
    "contact_pct_last_50": 0.3333333333333333,
    "hard_hit_pct_last_50": 0.6363636363636364,
    "xwoba_last_50": 0.28723076923076923
  },
  "name": "Romy Gonzalez",
  "player_id": 663853,
  "player_name": "Romy Gonzalez",
  "recent_unicorns": [],
  "role": "hitter",
  "roles": [
    "hitter"
  ],
  "team_id": 111,
  "team_name": "BOS"
}
