{
  "basic_batting": {
    "avg": 0.24242424242424243,
    "babip": 0.38095238095238093,
    "bb": 5,
    "doubles": 2,
    "h": 8,
    "hr": 0,
    "iso": 0.06060606060606061,
    "k": 12,
    "obp": 0.34210526315789475,
    "ops": 0.6451355661881978,
    "ops_plus": 89,
    "slg": 0.30303030303030304,
    "triples": 0,
    "woba": 0.29815789473684207,
    "wrc_plus": 30
  },
  "basic_pitching": null,
  "current_team_id": 117,
  "metrics": {
    "barrel_pct_last_50": 0.0,
    "chase_pct_last_50": 0.25806451612903225,
    "contact_pct_last_50": 0.3442622950819672,
    "hard_hit_pct_last_50": 0.5238095238095238,
    "xwoba_last_50": 0.2686969696969697
  },
  "name": "Brendan Rodgers",
  "player_id": 663898,
  "player_name": "Brendan Rodgers",
  "recent_unicorns": [],
  "role": "hitter",
  "roles": [
    "hitter"
  ],
  "team_id": 117,
  "team_name": "HOU"
}
