{
  "basic_batting": {
    "avg": 0.191,
    "babip": 0.29411764705882354,
    "bb": 11,
    "doubles": 4,
    "h": 22,
    "hr": 2,
    "iso": 0.08700000000000002,
    "k": 46,
    "obp": 0.266,
    "ops": 0.544,
    "ops_plus": 53.34341885851379,
    "slg": 0.278,
    "triples": 0,
    "woba": 0.24867187500000001,
    "wrc_plus": 78.25168430310653
  },
  "basic_pitching": null,
  "current_team_id": 117,
  "metrics": {
    "barrel_pct_last_50": 0.0,
    "chase_pct_last_50": 0.25806451612903225,
    "contact_pct_last_50": 0.3442622950819672,
    "hard_hit_pct_last_50": 0.5238095238095238,
    "xwoba_last_50": 0.2686969696969697
  },
  "name": "Brendan Rodgers",
  "player_id": 663898,
  "player_name": "Brendan Rodgers",
  "recent_unicorns": [],
  "role": "hitter",
  "roles": [
    "hitter"
  ],
  "team_id": 117,
  "team_name": "HOU"
}
