{
  "basic_batting": {
    "avg": 0.296,
    "babip": 0.34513274336283184,
    "bb": 19,
    "doubles": 18,
    "h": 120,
    "hr": 3,
    "iso": 0.07200000000000001,
    "k": 64,
    "obp": 0.33,
    "ops": 0.698,
    "ops_plus": 103.11150390897224,
    "slg": 0.368,
    "triples": 1,
    "woba": 0.31042154566744734,
    "wrc_plus": 100.96532458963424
  },
  "basic_pitching": null,
  "current_team_id": 139,
  "metrics": {
    "barrel_pct_last_50": 0.0,
    "chase_pct_last_50": 0.4024390243902439,
    "contact_pct_last_50": 0.38095238095238093,
    "hard_hit_pct_last_50": 0.41025641025641024,
    "xwoba_last_50": 0.25734090909090906
  },
  "name": "Jake Mangum",
  "player_id": 663968,
  "player_name": "Jake Mangum",
  "recent_unicorns": [],
  "role": "hitter",
  "roles": [
    "hitter"
  ],
  "team_id": 139,
  "team_name": "TB"
}
