{
  "basic_batting": {
    "avg": 0.257,
    "babip": 0.3,
    "bb": 22,
    "doubles": 25,
    "h": 115,
    "hr": 7,
    "iso": 0.10199999999999998,
    "k": 84,
    "obp": 0.32,
    "ops": 0.679,
    "ops_plus": 97.52147083792653,
    "slg": 0.359,
    "triples": 0,
    "woba": 0.30489878542510124,
    "wrc_plus": 99.16903406701513
  },
  "basic_pitching": null,
  "current_team_id": 142,
  "metrics": {
    "barrel_pct_last_50": 0.044444444444444446,
    "chase_pct_last_50": 0.38271604938271603,
    "contact_pct_last_50": 0.42452830188679247,
    "hard_hit_pct_last_50": 0.37777777777777777,
    "xwoba_last_50": 0.32774
  },
  "name": "Ty France",
  "player_id": 664034,
  "player_name": "Ty France",
  "recent_unicorns": [],
  "role": "hitter",
  "roles": [
    "hitter"
  ],
  "team_id": 142,
  "team_name": "MIN"
}
