{
  "basic_batting": {
    "avg": 0.278,
    "babip": 0.36,
    "bb": 39,
    "doubles": 24,
    "h": 125,
    "hr": 17,
    "iso": 0.17099999999999999,
    "k": 137,
    "obp": 0.349,
    "ops": 0.797,
    "ops_plus": 130.50893805197603,
    "slg": 0.449,
    "triples": 1,
    "woba": 0.35093069306930696,
    "wrc_plus": 114.14101833049234
  },
  "basic_pitching": null,
  "current_team_id": 142,
  "metrics": {
    "barrel_pct_last_50": 0.08823529411764706,
    "chase_pct_last_50": 0.3655913978494624,
    "contact_pct_last_50": 0.39325842696629215,
    "hard_hit_pct_last_50": 0.4117647058823529,
    "xwoba_last_50": 0.23704255319148937
  },
  "name": "Harrison Bader",
  "player_id": 664056,
  "player_name": "Harrison Bader",
  "recent_unicorns": [
    {
      "description": "Harrison Bader: 2 barrels vs breaking balls (last 50 AB).",
      "metric_value": 2.0,
      "pattern_id": "UNQ-H-0525",
      "run_date": "2025-04-15",
      "score": 2.0
    }
  ],
  "role": "hitter",
  "roles": [
    "hitter"
  ],
  "team_id": 142,
  "team_name": "MIN"
}
