{
  "basic_batting": {
    "avg": 0.25,
    "babip": 0.2972972972972973,
    "bb": 4,
    "doubles": 1,
    "h": 14,
    "hr": 3,
    "iso": 0.17857142857142855,
    "k": 16,
    "obp": 0.3114754098360656,
    "ops": 0.7400468384074941,
    "ops_plus": 111,
    "slg": 0.42857142857142855,
    "triples": 0,
    "woba": 0.32704918032786884,
    "wrc_plus": 125
  },
  "basic_pitching": null,
  "current_team_id": 142,
  "metrics": {
    "barrel_pct_last_50": 0.05714285714285714,
    "chase_pct_last_50": 0.36363636363636365,
    "contact_pct_last_50": 0.391304347826087,
    "hard_hit_pct_last_50": 0.4,
    "xwoba_last_50": 0.20826530612244898
  },
  "name": "Harrison Bader",
  "player_id": 664056,
  "player_name": "Harrison Bader",
  "recent_unicorns": [
    {
      "description": "Harrison Bader: 2 barrels vs breaking balls (last 50 AB).",
      "metric_value": 2.0,
      "pattern_id": "UNQ-H-0525",
      "run_date": "2025-04-15",
      "score": 2.0
    }
  ],
  "role": "hitter",
  "roles": [
    "hitter"
  ],
  "team_id": 142,
  "team_name": "MIN"
}
