{
  "basic_batting": {
    "avg": 0.3055555555555556,
    "babip": 0.30434782608695654,
    "bb": 4,
    "doubles": 0,
    "h": 11,
    "hr": 4,
    "iso": 0.33333333333333326,
    "k": 9,
    "obp": 0.375,
    "ops": 1.0138888888888888,
    "ops_plus": 187,
    "slg": 0.6388888888888888,
    "triples": 0,
    "woba": 0.43475,
    "wrc_plus": 120
  },
  "basic_pitching": null,
  "current_team_id": 136,
  "metrics": {
    "barrel_pct_last_50": 0.07407407407407407,
    "chase_pct_last_50": 0.2698412698412698,
    "contact_pct_last_50": 0.375,
    "hard_hit_pct_last_50": 0.4444444444444444,
    "xwoba_last_50": 0.36283333333333334
  },
  "name": "Dylan Moore",
  "player_id": 664238,
  "player_name": "Dylan Moore",
  "recent_unicorns": [],
  "role": "hitter",
  "roles": [
    "hitter"
  ],
  "team_id": 136,
  "team_name": "SEA"
}
