{
  "basic_batting": {
    "avg": 0.258,
    "babip": 0.2803234501347709,
    "bb": 43,
    "doubles": 23,
    "h": 116,
    "hr": 12,
    "iso": 0.14,
    "k": 70,
    "obp": 0.323,
    "ops": 0.721,
    "ops_plus": 108.7287198590996,
    "slg": 0.398,
    "triples": 2,
    "woba": 0.3194176706827309,
    "wrc_plus": 103.89133502574643
  },
  "basic_pitching": null,
  "current_team_id": 141,
  "metrics": {
    "barrel_pct_last_50": 0.0,
    "chase_pct_last_50": 0.36363636363636365,
    "contact_pct_last_50": 0.4166666666666667,
    "hard_hit_pct_last_50": 0.25,
    "xwoba_last_50": 0.28824
  },
  "name": "Nathan Lukes",
  "player_id": 664770,
  "player_name": "Nathan Lukes",
  "recent_unicorns": [],
  "role": "hitter",
  "roles": [
    "hitter"
  ],
  "team_id": 141,
  "team_name": "TOR"
}
