{
  "basic_batting": {
    "avg": 0.2682926829268293,
    "babip": 0.35714285714285715,
    "bb": 1,
    "doubles": 2,
    "h": 11,
    "hr": 1,
    "iso": 0.12195121951219512,
    "k": 12,
    "obp": 0.2857142857142857,
    "ops": 0.6759581881533101,
    "ops_plus": 94,
    "slg": 0.3902439024390244,
    "triples": 0,
    "woba": 0.29642857142857143,
    "wrc_plus": 96
  },
  "basic_pitching": null,
  "current_team_id": 118,
  "metrics": {
    "barrel_pct_last_50": 0.0,
    "chase_pct_last_50": 0.3023255813953488,
    "contact_pct_last_50": 0.3974358974358974,
    "hard_hit_pct_last_50": 0.16129032258064516,
    "xwoba_last_50": 0.19575609756097562
  },
  "name": "Kyle Isbel",
  "player_id": 664728,
  "player_name": "Kyle Isbel",
  "recent_unicorns": [],
  "role": "hitter",
  "roles": [
    "hitter"
  ],
  "team_id": 118,
  "team_name": "KC"
}
