{
  "basic_batting": {
    "avg": 0.204,
    "babip": 0.2331288343558282,
    "bb": 10,
    "doubles": 7,
    "h": 42,
    "hr": 4,
    "iso": 0.141,
    "k": 40,
    "obp": 0.247,
    "ops": 0.591,
    "ops_plus": 70.28760025848632,
    "slg": 0.345,
    "triples": 5,
    "woba": 0.25968036529680366,
    "wrc_plus": 84.4616384966864
  },
  "basic_pitching": null,
  "current_team_id": 109,
  "metrics": {
    "barrel_pct_last_50": 0.0,
    "chase_pct_last_50": 0.35714285714285715,
    "contact_pct_last_50": 0.45454545454545453,
    "hard_hit_pct_last_50": 0.16,
    "xwoba_last_50": 0.19135483870967743
  },
  "name": "Jake McCarthy",
  "player_id": 664983,
  "player_name": "Jake McCarthy",
  "recent_unicorns": [],
  "role": "hitter",
  "roles": [
    "hitter"
  ],
  "team_id": 109,
  "team_name": "AZ"
}
