{
  "basic_batting": {
    "avg": 0.09090909090909091,
    "babip": 0.10344827586206896,
    "bb": 3,
    "doubles": 1,
    "h": 3,
    "hr": 0,
    "iso": 0.030303030303030304,
    "k": 5,
    "obp": 0.18421052631578946,
    "ops": 0.3054226475279107,
    "ops_plus": -9,
    "slg": 0.12121212121212122,
    "triples": 0,
    "woba": 0.15368421052631578,
    "wrc_plus": -24
  },
  "basic_pitching": null,
  "current_team_id": 109,
  "metrics": {
    "barrel_pct_last_50": 0.0,
    "chase_pct_last_50": 0.35714285714285715,
    "contact_pct_last_50": 0.45454545454545453,
    "hard_hit_pct_last_50": 0.16,
    "xwoba_last_50": 0.19135483870967743
  },
  "name": "Jake McCarthy",
  "player_id": 664983,
  "player_name": "Jake McCarthy",
  "recent_unicorns": [],
  "role": "hitter",
  "roles": [
    "hitter"
  ],
  "team_id": 109,
  "team_name": "AZ"
}
