{
  "basic_batting": {
    "avg": 0.32,
    "babip": 0.42857142857142855,
    "bb": 6,
    "doubles": 5,
    "h": 16,
    "hr": 1,
    "iso": 0.15999999999999998,
    "k": 14,
    "obp": 0.39285714285714285,
    "ops": 0.8728571428571428,
    "ops_plus": 151,
    "slg": 0.48,
    "triples": 0,
    "woba": 0.38375000000000004,
    "wrc_plus": 149
  },
  "basic_pitching": null,
  "current_team_id": 146,
  "metrics": {
    "barrel_pct_last_50": 0.030303030303030304,
    "chase_pct_last_50": 0.23809523809523808,
    "contact_pct_last_50": 0.39759036144578314,
    "hard_hit_pct_last_50": 0.5454545454545454,
    "xwoba_last_50": 0.2855
  },
  "name": "Griffin Conine",
  "player_id": 665052,
  "player_name": "Griffin Conine",
  "recent_unicorns": [],
  "role": "hitter",
  "roles": [
    "hitter"
  ],
  "team_id": 146,
  "team_name": "MIA"
}
