{
  "basic_batting": {
    "avg": 0.2127659574468085,
    "babip": 0.3125,
    "bb": 1,
    "doubles": 0,
    "h": 10,
    "hr": 0,
    "iso": 0.04255319148936168,
    "k": 15,
    "obp": 0.22916666666666666,
    "ops": 0.4844858156028369,
    "ops_plus": 40,
    "slg": 0.2553191489361702,
    "triples": 1,
    "woba": 0.215,
    "wrc_plus": 66
  },
  "basic_pitching": null,
  "current_team_id": 140,
  "metrics": {
    "barrel_pct_last_50": 0.0,
    "chase_pct_last_50": 0.417910447761194,
    "contact_pct_last_50": 0.34408602150537637,
    "hard_hit_pct_last_50": 0.28125,
    "xwoba_last_50": 0.16393617021276596
  },
  "name": "Leody Taveras",
  "player_id": 665750,
  "player_name": "Leody Taveras",
  "recent_unicorns": [],
  "role": "hitter",
  "roles": [
    "hitter"
  ],
  "team_id": 140,
  "team_name": "TEX"
}
