{
  "basic_batting": {
    "avg": 0.2777777777777778,
    "babip": 0.37037037037037035,
    "bb": 2,
    "doubles": 0,
    "h": 10,
    "hr": 0,
    "iso": 0.0,
    "k": 9,
    "obp": 0.3333333333333333,
    "ops": 0.6111111111111112,
    "ops_plus": 80,
    "slg": 0.2777777777777778,
    "triples": 0,
    "woba": 0.28205128205128205,
    "wrc_plus": 217
  },
  "basic_pitching": null,
  "current_team_id": 147,
  "metrics": {
    "barrel_pct_last_50": 0.0,
    "chase_pct_last_50": 0.31746031746031744,
    "contact_pct_last_50": 0.34615384615384615,
    "hard_hit_pct_last_50": 0.3333333333333333,
    "xwoba_last_50": 0.2841351351351351
  },
  "name": "Oswaldo Cabrera",
  "player_id": 665828,
  "player_name": "Oswaldo Cabrera",
  "recent_unicorns": [],
  "role": "hitter",
  "roles": [
    "hitter"
  ],
  "team_id": 147,
  "team_name": "NYY"
}
