{
  "basic_batting": {
    "avg": 0.2,
    "babip": 0.25,
    "bb": 10,
    "doubles": 2,
    "h": 10,
    "hr": 2,
    "iso": 0.15999999999999998,
    "k": 18,
    "obp": 0.3333333333333333,
    "ops": 0.6933333333333334,
    "ops_plus": 101,
    "slg": 0.36,
    "triples": 0,
    "woba": 0.3126984126984127,
    "wrc_plus": 126
  },
  "basic_pitching": null,
  "current_team_id": 134,
  "metrics": {
    "barrel_pct_last_50": 0.03125,
    "chase_pct_last_50": 0.3118279569892473,
    "contact_pct_last_50": 0.3516483516483517,
    "hard_hit_pct_last_50": 0.53125,
    "xwoba_last_50": 0.30338
  },
  "name": "Oneil Cruz",
  "player_id": 665833,
  "player_name": "Oneil Cruz",
  "recent_unicorns": [],
  "role": "hitter",
  "roles": [
    "hitter"
  ],
  "team_id": 134,
  "team_name": "PIT"
}
