{
  "basic_batting": {
    "avg": 0.22916666666666666,
    "babip": 0.2777777777777778,
    "bb": 8,
    "doubles": 3,
    "h": 11,
    "hr": 1,
    "iso": 0.20833333333333334,
    "k": 11,
    "obp": 0.3392857142857143,
    "ops": 0.7767857142857143,
    "ops_plus": 122,
    "slg": 0.4375,
    "triples": 2,
    "woba": 0.34142857142857147,
    "wrc_plus": 153
  },
  "basic_pitching": null,
  "current_team_id": 134,
  "metrics": {
    "barrel_pct_last_50": 0.02702702702702703,
    "chase_pct_last_50": 0.36619718309859156,
    "contact_pct_last_50": 0.43529411764705883,
    "hard_hit_pct_last_50": 0.5135135135135135,
    "xwoba_last_50": 0.3357291666666667
  },
  "name": "Enmanuel Valdez",
  "player_id": 665839,
  "player_name": "Enmanuel Valdez",
  "recent_unicorns": [],
  "role": "hitter",
  "roles": [
    "hitter"
  ],
  "team_id": 134,
  "team_name": "PIT"
}
