{
  "current_team_id": 134,
  "metrics": {
    "barrel_pct_last_50": 0.037037037037037035,
    "chase_pct_last_50": 0.29411764705882354,
    "contact_pct_last_50": 0.3068181818181818,
    "hard_hit_pct_last_50": 0.5185185185185185,
    "xwoba_last_50": 0.28425
  },
  "name": "Oneil Cruz",
  "player_id": 665833,
  "player_name": "Oneil Cruz",
  "recent_unicorns": [],
  "role": "hitter",
  "roles": [
    "hitter"
  ],
  "team_id": 134,
  "team_name": "PIT"
}
