{
  "basic_batting": {
    "avg": 0.2857142857142857,
    "babip": 0.38235294117647056,
    "bb": 5,
    "doubles": 1,
    "h": 14,
    "hr": 1,
    "iso": 0.08163265306122452,
    "k": 14,
    "obp": 0.36363636363636365,
    "ops": 0.7309833024118739,
    "ops_plus": 112,
    "slg": 0.3673469387755102,
    "triples": 0,
    "woba": 0.33127272727272733,
    "wrc_plus": 169
  },
  "basic_pitching": null,
  "current_team_id": 147,
  "metrics": {
    "barrel_pct_last_50": 0.0,
    "chase_pct_last_50": 0.3333333333333333,
    "contact_pct_last_50": 0.33653846153846156,
    "hard_hit_pct_last_50": 0.37142857142857144,
    "xwoba_last_50": 0.2817
  },
  "name": "Oswaldo Cabrera",
  "player_id": 665828,
  "player_name": "Oswaldo Cabrera",
  "recent_unicorns": [],
  "role": "hitter",
  "roles": [
    "hitter"
  ],
  "team_id": 147,
  "team_name": "NYY"
}
