{
  "basic_batting": {
    "avg": 0.16666666666666666,
    "babip": 0.14285714285714285,
    "bb": 5,
    "doubles": 2,
    "h": 11,
    "hr": 6,
    "iso": 0.3030303030303031,
    "k": 25,
    "obp": 0.2465753424657534,
    "ops": 0.7162723121627231,
    "ops_plus": 102,
    "slg": 0.4696969696969697,
    "triples": 0,
    "woba": 0.3109589041095891,
    "wrc_plus": 98
  },
  "basic_pitching": null,
  "current_team_id": 147,
  "metrics": {
    "barrel_pct_last_50": 0.0625,
    "chase_pct_last_50": 0.25,
    "contact_pct_last_50": 0.32989690721649484,
    "hard_hit_pct_last_50": 0.4375,
    "xwoba_last_50": 0.27068
  },
  "name": "Jazz Chisholm Jr.",
  "player_id": 665862,
  "player_name": "Jazz Chisholm Jr.",
  "recent_unicorns": [],
  "role": "hitter",
  "roles": [
    "hitter"
  ],
  "team_id": 147,
  "team_name": "NYY"
}
