{
  "basic_batting": {
    "avg": 0.209,
    "babip": 0.2328767123287671,
    "bb": 11,
    "doubles": 4,
    "h": 19,
    "hr": 2,
    "iso": 0.154,
    "k": 16,
    "obp": 0.294,
    "ops": 0.657,
    "ops_plus": 90.18100885695821,
    "slg": 0.363,
    "triples": 2,
    "woba": 0.2931372549019608,
    "wrc_plus": 95.3435691032786
  },
  "basic_pitching": null,
  "current_team_id": 134,
  "metrics": {
    "barrel_pct_last_50": 0.0,
    "chase_pct_last_50": 0.3584905660377358,
    "contact_pct_last_50": 0.42105263157894735,
    "hard_hit_pct_last_50": 0.5,
    "xwoba_last_50": 0.28254545454545454
  },
  "name": "Enmanuel Valdez",
  "player_id": 665839,
  "player_name": "Enmanuel Valdez",
  "recent_unicorns": [],
  "role": "hitter",
  "roles": [
    "hitter"
  ],
  "team_id": 134,
  "team_name": "PIT"
}
