{
  "basic_batting": {
    "avg": 0.18181818181818182,
    "babip": 0.25,
    "bb": 4,
    "doubles": 3,
    "h": 6,
    "hr": 0,
    "iso": 0.1515151515151515,
    "k": 9,
    "obp": 0.2702702702702703,
    "ops": 0.6036036036036037,
    "ops_plus": 74,
    "slg": 0.3333333333333333,
    "triples": 1,
    "woba": 0.2694594594594594,
    "wrc_plus": 181
  },
  "basic_pitching": null,
  "current_team_id": 134,
  "metrics": {
    "barrel_pct_last_50": 0.0,
    "chase_pct_last_50": 0.3584905660377358,
    "contact_pct_last_50": 0.42105263157894735,
    "hard_hit_pct_last_50": 0.5,
    "xwoba_last_50": 0.28254545454545454
  },
  "name": "Enmanuel Valdez",
  "player_id": 665839,
  "player_name": "Enmanuel Valdez",
  "recent_unicorns": [],
  "role": "hitter",
  "roles": [
    "hitter"
  ],
  "team_id": 134,
  "team_name": "PIT"
}
