{
  "basic_batting": {
    "avg": 0.21568627450980393,
    "babip": 0.2857142857142857,
    "bb": 5,
    "doubles": 4,
    "h": 11,
    "hr": 1,
    "iso": 0.13725490196078433,
    "k": 15,
    "obp": 0.2857142857142857,
    "ops": 0.6386554621848739,
    "ops_plus": 83,
    "slg": 0.35294117647058826,
    "triples": 0,
    "woba": 0.2851785714285714,
    "wrc_plus": 91
  },
  "basic_pitching": null,
  "current_team_id": 111,
  "metrics": {
    "barrel_pct_last_50": 0.034482758620689655,
    "chase_pct_last_50": 0.3333333333333333,
    "contact_pct_last_50": 0.32954545454545453,
    "hard_hit_pct_last_50": 0.3103448275862069,
    "xwoba_last_50": 0.27255
  },
  "name": "Carlos Narváez",
  "player_id": 665966,
  "player_name": "Carlos Narváez",
  "recent_unicorns": [],
  "role": "hitter",
  "roles": [
    "hitter"
  ],
  "team_id": 111,
  "team_name": "BOS"
}
