{
  "basic_batting": {
    "avg": 0.16,
    "babip": 0.2,
    "bb": 1,
    "doubles": 0,
    "h": 4,
    "hr": 0,
    "iso": 0.0,
    "k": 5,
    "obp": 0.2222222222222222,
    "ops": 0.38222222222222224,
    "ops_plus": 13,
    "slg": 0.16,
    "triples": 0,
    "woba": 0.18407407407407406,
    "wrc_plus": -25
  },
  "basic_pitching": null,
  "current_team_id": 118,
  "metrics": {
    "barrel_pct_last_50": 0.0,
    "chase_pct_last_50": 0.3076923076923077,
    "contact_pct_last_50": 0.34545454545454546,
    "hard_hit_pct_last_50": 0.3157894736842105,
    "xwoba_last_50": 0.21624
  },
  "name": "Freddy Fermin",
  "player_id": 666023,
  "player_name": "Freddy Fermin",
  "recent_unicorns": [],
  "role": "hitter",
  "roles": [
    "hitter"
  ],
  "team_id": 118,
  "team_name": "KC"
}
