{
  "basic_batting": {
    "avg": 0.1282051282051282,
    "babip": 0.21739130434782608,
    "bb": 6,
    "doubles": 3,
    "h": 5,
    "hr": 0,
    "iso": 0.07692307692307693,
    "k": 16,
    "obp": 0.24444444444444444,
    "ops": 0.44957264957264953,
    "ops_plus": 32,
    "slg": 0.20512820512820512,
    "triples": 0,
    "woba": 0.21622222222222223,
    "wrc_plus": -55
  },
  "basic_pitching": null,
  "current_team_id": 114,
  "metrics": {
    "barrel_pct_last_50": 0.0,
    "chase_pct_last_50": 0.25,
    "contact_pct_last_50": 0.3013698630136986,
    "hard_hit_pct_last_50": 0.5909090909090909,
    "xwoba_last_50": 0.20926315789473685
  },
  "name": "Nolan Jones",
  "player_id": 666134,
  "player_name": "Nolan Jones",
  "recent_unicorns": [],
  "role": "hitter",
  "roles": [
    "hitter"
  ],
  "team_id": 114,
  "team_name": "CLE"
}
