{
  "basic_batting": {
    "avg": 0.26785714285714285,
    "babip": 0.39473684210526316,
    "bb": 8,
    "doubles": 4,
    "h": 15,
    "hr": 0,
    "iso": 0.07142857142857145,
    "k": 18,
    "obp": 0.359375,
    "ops": 0.6986607142857143,
    "ops_plus": 104,
    "slg": 0.3392857142857143,
    "triples": 0,
    "woba": 0.31859375,
    "wrc_plus": 162
  },
  "basic_pitching": null,
  "current_team_id": 113,
  "metrics": {
    "barrel_pct_last_50": 0.03125,
    "chase_pct_last_50": 0.24719101123595505,
    "contact_pct_last_50": 0.3404255319148936,
    "hard_hit_pct_last_50": 0.40625,
    "xwoba_last_50": 0.23612244897959184
  },
  "name": "Gavin Lux",
  "player_id": 666158,
  "player_name": "Gavin Lux",
  "recent_unicorns": [
    {
      "description": "Gavin Lux owns the lowest chase rate over his last 50 PA.",
      "metric_value": 0.034483,
      "pattern_id": "UNQ-H-0004",
      "run_date": "2025-04-01",
      "score": 1.266364
    }
  ],
  "role": "hitter",
  "roles": [
    "hitter"
  ],
  "team_id": 113,
  "team_name": "CIN"
}
