{
  "basic_batting": {
    "avg": 0.09523809523809523,
    "babip": 0.1111111111111111,
    "bb": 5,
    "doubles": 0,
    "h": 2,
    "hr": 0,
    "iso": 0.0,
    "k": 3,
    "obp": 0.2692307692307692,
    "ops": 0.36446886446886445,
    "ops_plus": 11,
    "slg": 0.09523809523809523,
    "triples": 0,
    "woba": 0.20115384615384613,
    "wrc_plus": 128
  },
  "basic_pitching": null,
  "current_team_id": 139,
  "metrics": {
    "barrel_pct_last_50": 0.0,
    "chase_pct_last_50": 0.21875,
    "contact_pct_last_50": 0.46875,
    "hard_hit_pct_last_50": 0.2,
    "xwoba_last_50": 0.20544444444444446
  },
  "name": "Ben Rortvedt",
  "player_id": 666163,
  "player_name": "Ben Rortvedt",
  "recent_unicorns": [],
  "role": "hitter",
  "roles": [
    "hitter"
  ],
  "team_id": 139,
  "team_name": "TB"
}
