{
  "basic_batting": {
    "avg": 0.2948717948717949,
    "babip": 0.3484848484848485,
    "bb": 4,
    "doubles": 6,
    "h": 23,
    "hr": 0,
    "iso": 0.07692307692307693,
    "k": 13,
    "obp": 0.3411764705882353,
    "ops": 0.7129713423831071,
    "ops_plus": 107,
    "slg": 0.3717948717948718,
    "triples": 0,
    "woba": 0.3170588235294118,
    "wrc_plus": 130
  },
  "basic_pitching": null,
  "current_team_id": 141,
  "metrics": {
    "barrel_pct_last_50": 0.0,
    "chase_pct_last_50": 0.4675324675324675,
    "contact_pct_last_50": 0.375,
    "hard_hit_pct_last_50": 0.5384615384615384,
    "xwoba_last_50": 0.38396
  },
  "name": "Bo Bichette",
  "player_id": 666182,
  "player_name": "Bo Bichette",
  "recent_unicorns": [],
  "role": "hitter",
  "roles": [
    "hitter"
  ],
  "team_id": 141,
  "team_name": "TOR"
}
