{
  "basic_batting": {
    "avg": 0.16666666666666666,
    "babip": 0.25,
    "bb": 0,
    "doubles": 0,
    "h": 1,
    "hr": 0,
    "iso": 0.0,
    "k": 3,
    "obp": 0.14285714285714285,
    "ops": 0.30952380952380953,
    "ops_plus": -11,
    "slg": 0.16666666666666666,
    "triples": 0,
    "woba": 0.12714285714285714,
    "wrc_plus": -266
  },
  "basic_pitching": null,
  "current_team_id": 111,
  "metrics": {
    "barrel_pct_last_50": 0.0,
    "chase_pct_last_50": 0.42105263157894735,
    "contact_pct_last_50": 0.2222222222222222,
    "hard_hit_pct_last_50": 0.5,
    "xwoba_last_50": 0.23385714285714285
  },
  "name": "Blake Sabol",
  "player_id": 666165,
  "player_name": "Blake Sabol",
  "recent_unicorns": [],
  "role": "hitter",
  "roles": [
    "hitter"
  ],
  "team_id": 111,
  "team_name": "BOS"
}
