{
  "basic_batting": {
    "avg": 0.198,
    "babip": 0.23387096774193547,
    "bb": 13,
    "doubles": 4,
    "h": 35,
    "hr": 6,
    "iso": 0.135,
    "k": 47,
    "obp": 0.257,
    "ops": 0.59,
    "ops_plus": 70.36427186680352,
    "slg": 0.333,
    "triples": 1,
    "woba": 0.26361256544502615,
    "wrc_plus": 85.74059567558665
  },
  "basic_pitching": null,
  "current_team_id": 111,
  "metrics": {
    "barrel_pct_last_50": 0.0,
    "chase_pct_last_50": 0.3076923076923077,
    "contact_pct_last_50": 0.41935483870967744,
    "hard_hit_pct_last_50": 0.15384615384615385,
    "xwoba_last_50": 0.11931578947368421
  },
  "name": "David Hamilton",
  "player_id": 666152,
  "player_name": "David Hamilton",
  "recent_unicorns": [],
  "role": "hitter",
  "roles": [
    "hitter"
  ],
  "team_id": 111,
  "team_name": "BOS"
}
