{
  "basic_batting": {
    "avg": 0.272,
    "babip": 0.35435435435435436,
    "bb": 56,
    "doubles": 28,
    "h": 123,
    "hr": 5,
    "iso": 0.10399999999999998,
    "k": 115,
    "obp": 0.352,
    "ops": 0.728,
    "ops_plus": 104.93346382499152,
    "slg": 0.376,
    "triples": 2,
    "woba": 0.3266404715127702,
    "wrc_plus": 102.78672269405278
  },
  "basic_pitching": null,
  "current_team_id": 113,
  "metrics": {
    "barrel_pct_last_50": 0.03125,
    "chase_pct_last_50": 0.24719101123595505,
    "contact_pct_last_50": 0.3404255319148936,
    "hard_hit_pct_last_50": 0.40625,
    "xwoba_last_50": 0.23612244897959184
  },
  "name": "Gavin Lux",
  "player_id": 666158,
  "player_name": "Gavin Lux",
  "recent_unicorns": [
    {
      "description": "Gavin Lux owns the lowest chase rate over his last 50 PA.",
      "metric_value": 0.034483,
      "pattern_id": "UNQ-H-0004",
      "run_date": "2025-04-01",
      "score": 1.266364
    }
  ],
  "role": "hitter",
  "roles": [
    "hitter"
  ],
  "team_id": 113,
  "team_name": "CIN"
}
