{
  "basic_batting": {
    "avg": 0.217,
    "babip": 0.2986111111111111,
    "bb": 17,
    "doubles": 10,
    "h": 47,
    "hr": 4,
    "iso": 0.11000000000000001,
    "k": 70,
    "obp": 0.278,
    "ops": 0.606,
    "ops_plus": 75.5660698673357,
    "slg": 0.327,
    "triples": 1,
    "woba": 0.27160337552742614,
    "wrc_plus": 88.33962510818908
  },
  "basic_pitching": null,
  "current_team_id": 137,
  "metrics": {
    "barrel_pct_last_50": 0.0,
    "chase_pct_last_50": 0.3815789473684211,
    "contact_pct_last_50": 0.37373737373737376,
    "hard_hit_pct_last_50": 0.2972972972972973,
    "xwoba_last_50": 0.22871739130434782
  },
  "name": "Tyler Fitzgerald",
  "player_id": 666149,
  "player_name": "Tyler Fitzgerald",
  "recent_unicorns": [],
  "role": "hitter",
  "roles": [
    "hitter"
  ],
  "team_id": 137,
  "team_name": "SF"
}
