{
  "basic_batting": {
    "avg": 0.047619047619047616,
    "babip": 0.07142857142857142,
    "bb": 1,
    "doubles": 0,
    "h": 1,
    "hr": 0,
    "iso": 0.0,
    "k": 7,
    "obp": 0.09090909090909091,
    "ops": 0.13852813852813853,
    "ops_plus": -58,
    "slg": 0.047619047619047616,
    "triples": 0,
    "woba": 0.07181818181818182,
    "wrc_plus": -174
  },
  "basic_pitching": null,
  "current_team_id": 111,
  "metrics": {
    "barrel_pct_last_50": 0.0,
    "chase_pct_last_50": 0.3076923076923077,
    "contact_pct_last_50": 0.41935483870967744,
    "hard_hit_pct_last_50": 0.15384615384615385,
    "xwoba_last_50": 0.11931578947368421
  },
  "name": "David Hamilton",
  "player_id": 666152,
  "player_name": "David Hamilton",
  "recent_unicorns": [],
  "role": "hitter",
  "roles": [
    "hitter"
  ],
  "team_id": 111,
  "team_name": "BOS"
}
