{
  "basic_batting": {
    "avg": 0.21666666666666667,
    "babip": 0.27906976744186046,
    "bb": 3,
    "doubles": 4,
    "h": 13,
    "hr": 1,
    "iso": 0.11666666666666664,
    "k": 17,
    "obp": 0.26153846153846155,
    "ops": 0.5948717948717949,
    "ops_plus": 70,
    "slg": 0.3333333333333333,
    "triples": 0,
    "woba": 0.2629230769230769,
    "wrc_plus": 34
  },
  "basic_pitching": null,
  "current_team_id": 142,
  "metrics": {
    "barrel_pct_last_50": 0.02857142857142857,
    "chase_pct_last_50": 0.2647058823529412,
    "contact_pct_last_50": 0.3645833333333333,
    "hard_hit_pct_last_50": 0.42857142857142855,
    "xwoba_last_50": 0.2553
  },
  "name": "Edouard Julien",
  "player_id": 666397,
  "player_name": "Edouard Julien",
  "recent_unicorns": [],
  "role": "hitter",
  "roles": [
    "hitter"
  ],
  "team_id": 142,
  "team_name": "MIN"
}
