{
  "current_team_id": 142,
  "metrics": {
    "barrel_pct_last_50": 0.02857142857142857,
    "chase_pct_last_50": 0.2604166666666667,
    "contact_pct_last_50": 0.36082474226804123,
    "hard_hit_pct_last_50": 0.42857142857142855,
    "xwoba_last_50": 0.35002
  },
  "name": "Edouard Julien",
  "player_id": 666397,
  "player_name": "Edouard Julien",
  "recent_unicorns": [],
  "role": "hitter",
  "roles": [
    "hitter"
  ],
  "team_id": 142,
  "team_name": "MIN"
}
