{
  "basic_batting": {
    "avg": 0.18181818181818182,
    "babip": 0.21739130434782608,
    "bb": 6,
    "doubles": 0,
    "h": 6,
    "hr": 1,
    "iso": 0.09090909090909088,
    "k": 10,
    "obp": 0.3,
    "ops": 0.5727272727272728,
    "ops_plus": 67,
    "slg": 0.2727272727272727,
    "triples": 0,
    "woba": 0.26725,
    "wrc_plus": 107
  },
  "basic_pitching": null,
  "current_team_id": 114,
  "metrics": {
    "barrel_pct_last_50": 0.0,
    "chase_pct_last_50": 0.2459016393442623,
    "contact_pct_last_50": 0.36231884057971014,
    "hard_hit_pct_last_50": 0.32,
    "xwoba_last_50": 0.19852941176470587
  },
  "name": "Bo Naylor",
  "player_id": 666310,
  "player_name": "Bo Naylor",
  "recent_unicorns": [],
  "role": "hitter",
  "roles": [
    "hitter"
  ],
  "team_id": 114,
  "team_name": "CLE"
}
