{
  "basic_batting": {
    "avg": 0.25,
    "babip": 0.3142857142857143,
    "bb": 2,
    "doubles": 3,
    "h": 12,
    "hr": 1,
    "iso": 0.125,
    "k": 12,
    "obp": 0.29411764705882354,
    "ops": 0.6691176470588236,
    "ops_plus": 92,
    "slg": 0.375,
    "triples": 0,
    "woba": 0.29666666666666663,
    "wrc_plus": 39
  },
  "basic_pitching": null,
  "current_team_id": 142,
  "metrics": {
    "barrel_pct_last_50": 0.027777777777777776,
    "chase_pct_last_50": 0.2727272727272727,
    "contact_pct_last_50": 0.375,
    "hard_hit_pct_last_50": 0.4166666666666667,
    "xwoba_last_50": 0.33355102040816326
  },
  "name": "Edouard Julien",
  "player_id": 666397,
  "player_name": "Edouard Julien",
  "recent_unicorns": [],
  "role": "hitter",
  "roles": [
    "hitter"
  ],
  "team_id": 142,
  "team_name": "MIN"
}
