{
  "basic_batting": {
    "avg": 0.193,
    "babip": 0.21705426356589147,
    "bb": 45,
    "doubles": 22,
    "h": 71,
    "hr": 15,
    "iso": 0.188,
    "k": 100,
    "obp": 0.279,
    "ops": 0.661,
    "ops_plus": 90.06600144448247,
    "slg": 0.381,
    "triples": 1,
    "woba": 0.2916467780429594,
    "wrc_plus": 94.85878806290702
  },
  "basic_pitching": null,
  "current_team_id": 114,
  "metrics": {
    "barrel_pct_last_50": 0.0,
    "chase_pct_last_50": 0.2459016393442623,
    "contact_pct_last_50": 0.36231884057971014,
    "hard_hit_pct_last_50": 0.32,
    "xwoba_last_50": 0.19852941176470587
  },
  "name": "Bo Naylor",
  "player_id": 666310,
  "player_name": "Bo Naylor",
  "recent_unicorns": [],
  "role": "hitter",
  "roles": [
    "hitter"
  ],
  "team_id": 114,
  "team_name": "CLE"
}
