{
  "basic_batting": {
    "avg": 0.2916666666666667,
    "babip": 0.5,
    "bb": 6,
    "doubles": 3,
    "h": 14,
    "hr": 1,
    "iso": 0.125,
    "k": 21,
    "obp": 0.37037037037037035,
    "ops": 0.787037037037037,
    "ops_plus": 128,
    "slg": 0.4166666666666667,
    "triples": 0,
    "woba": 0.3509259259259259,
    "wrc_plus": 158
  },
  "basic_pitching": null,
  "current_team_id": 139,
  "metrics": {
    "barrel_pct_last_50": 0.07407407407407407,
    "chase_pct_last_50": 0.30927835051546393,
    "contact_pct_last_50": 0.3,
    "hard_hit_pct_last_50": 0.37037037037037035,
    "xwoba_last_50": 0.3280222222222222
  },
  "name": "Christopher Morel",
  "player_id": 666624,
  "player_name": "Christopher Morel",
  "recent_unicorns": [],
  "role": "hitter",
  "roles": [
    "hitter"
  ],
  "team_id": 139,
  "team_name": "TB"
}
