{
  "current_team_id": 146,
  "metrics": {
    "barrel_pct_last_50": 0.0,
    "chase_pct_last_50": 0.1951219512195122,
    "contact_pct_last_50": 0.3728813559322034,
    "hard_hit_pct_last_50": 0.4090909090909091,
    "xwoba_last_50": 0.31083870967741933
  },
  "name": "Dane Myers",
  "player_id": 667472,
  "player_name": "Dane Myers",
  "recent_unicorns": [],
  "role": "hitter",
  "roles": [
    "hitter"
  ],
  "team_id": 146,
  "team_name": "MIA"
}
