{
  "basic_batting": {
    "avg": 0.235,
    "babip": 0.29333333333333333,
    "bb": 23,
    "doubles": 10,
    "h": 72,
    "hr": 6,
    "iso": 0.09100000000000003,
    "k": 77,
    "obp": 0.291,
    "ops": 0.617,
    "ops_plus": 79.49884187985452,
    "slg": 0.326,
    "triples": 0,
    "woba": 0.27762762762762766,
    "wrc_plus": 90.29902701567858
  },
  "basic_pitching": null,
  "current_team_id": 146,
  "metrics": {
    "barrel_pct_last_50": 0.0,
    "chase_pct_last_50": 0.21621621621621623,
    "contact_pct_last_50": 0.3728813559322034,
    "hard_hit_pct_last_50": 0.4090909090909091,
    "xwoba_last_50": 0.2981666666666667
  },
  "name": "Dane Myers",
  "player_id": 667472,
  "player_name": "Dane Myers",
  "recent_unicorns": [],
  "role": "hitter",
  "roles": [
    "hitter"
  ],
  "team_id": 146,
  "team_name": "MIA"
}
