{
  "basic_batting": {
    "avg": 0.194,
    "babip": 0.25,
    "bb": 15,
    "doubles": 5,
    "h": 24,
    "hr": 3,
    "iso": 0.14500000000000002,
    "k": 39,
    "obp": 0.282,
    "ops": 0.62,
    "ops_plus": 80.00742768084538,
    "slg": 0.339,
    "triples": 2,
    "woba": 0.2776056338028169,
    "wrc_plus": 90.29187347336818
  },
  "basic_pitching": {
    "babip": 0.3333333333333333,
    "bb": 0,
    "era": 2.45,
    "fip": 3.94376882401584,
    "h": 5,
    "hr": 0,
    "ip": 3.2,
    "whip": 1.364
  },
  "current_team_id": 116,
  "metrics": {
    "barrel_pct_last_50": 0.07692307692307693,
    "chase_pct_last_50": 0.27586206896551724,
    "contact_pct_last_50": 0.48148148148148145,
    "hard_hit_pct_last_50": 0.23076923076923078,
    "xwoba_last_50": 0.25177777777777777
  },
  "name": "Jake Rogers",
  "player_id": 668670,
  "player_name": "Jake Rogers",
  "recent_unicorns": [],
  "role": "hitter",
  "roles": [
    "hitter"
  ],
  "team_id": 116,
  "team_name": "DET"
}
