{
  "basic_batting": {
    "avg": 0.1896551724137931,
    "babip": 0.2222222222222222,
    "bb": 9,
    "doubles": 2,
    "h": 11,
    "hr": 1,
    "iso": 0.08620689655172414,
    "k": 13,
    "obp": 0.29411764705882354,
    "ops": 0.5699797160243407,
    "ops_plus": 66,
    "slg": 0.27586206896551724,
    "triples": 0,
    "woba": 0.2642647058823529,
    "wrc_plus": 109
  },
  "basic_pitching": null,
  "current_team_id": 133,
  "metrics": {
    "barrel_pct_last_50": 0.02631578947368421,
    "chase_pct_last_50": 0.28169014084507044,
    "contact_pct_last_50": 0.5352112676056338,
    "hard_hit_pct_last_50": 0.5,
    "xwoba_last_50": 0.20658
  },
  "name": "JJ Bleday",
  "player_id": 668709,
  "player_name": "JJ Bleday",
  "recent_unicorns": [],
  "role": "hitter",
  "roles": [
    "hitter"
  ],
  "team_id": 133,
  "team_name": "ATH"
}
