{
  "basic_batting": {
    "avg": 0.10869565217391304,
    "babip": 0.12121212121212122,
    "bb": 4,
    "doubles": 2,
    "h": 5,
    "hr": 1,
    "iso": 0.10869565217391304,
    "k": 12,
    "obp": 0.18,
    "ops": 0.3973913043478261,
    "ops_plus": 14,
    "slg": 0.21739130434782608,
    "triples": 0,
    "woba": 0.18359999999999999,
    "wrc_plus": 23
  },
  "basic_pitching": null,
  "current_team_id": 113,
  "metrics": {
    "barrel_pct_last_50": 0.058823529411764705,
    "chase_pct_last_50": 0.2028985507246377,
    "contact_pct_last_50": 0.39080459770114945,
    "hard_hit_pct_last_50": 0.20588235294117646,
    "xwoba_last_50": 0.18121739130434783
  },
  "name": "Spencer Steer",
  "player_id": 668715,
  "player_name": "Spencer Steer",
  "recent_unicorns": [],
  "role": "hitter",
  "roles": [
    "hitter"
  ],
  "team_id": 113,
  "team_name": "CIN"
}
