{
  "basic_batting": {
    "avg": 0.13333333333333333,
    "babip": 0.17073170731707318,
    "bb": 6,
    "doubles": 3,
    "h": 8,
    "hr": 1,
    "iso": 0.1,
    "k": 18,
    "obp": 0.21212121212121213,
    "ops": 0.44545454545454544,
    "ops_plus": 28,
    "slg": 0.23333333333333334,
    "triples": 0,
    "woba": 0.2062121212121212,
    "wrc_plus": 45
  },
  "basic_pitching": null,
  "current_team_id": 113,
  "metrics": {
    "barrel_pct_last_50": 0.05714285714285714,
    "chase_pct_last_50": 0.22077922077922077,
    "contact_pct_last_50": 0.3431372549019608,
    "hard_hit_pct_last_50": 0.2857142857142857,
    "xwoba_last_50": 0.19902
  },
  "name": "Spencer Steer",
  "player_id": 668715,
  "player_name": "Spencer Steer",
  "recent_unicorns": [],
  "role": "hitter",
  "roles": [
    "hitter"
  ],
  "team_id": 113,
  "team_name": "CIN"
}
