{
  "basic_batting": {
    "avg": 0.2077922077922078,
    "babip": 0.20689655172413793,
    "bb": 10,
    "doubles": 2,
    "h": 16,
    "hr": 4,
    "iso": 0.18181818181818182,
    "k": 15,
    "obp": 0.2988505747126437,
    "ops": 0.6884609643230333,
    "slg": 0.38961038961038963,
    "triples": 0,
    "woba": 0.31494252873563217
  },
  "basic_pitching": null,
  "current_team_id": 110,
  "metrics": {
    "barrel_pct_last_50": 0.05128205128205128,
    "chase_pct_last_50": 0.22448979591836735,
    "contact_pct_last_50": 0.52,
    "hard_hit_pct_last_50": 0.48717948717948717,
    "xwoba_last_50": 0.30396
  },
  "name": "Adley Rutschman",
  "player_id": 668939,
  "player_name": "Adley Rutschman",
  "recent_unicorns": [
    {
      "description": "Adley Rutschman tops MLB in xwOBA over his last 50 PA.",
      "metric_value": 0.586143,
      "pattern_id": "UNQ-H-0003",
      "run_date": "2025-03-29",
      "score": 1.203197
    }
  ],
  "role": "hitter",
  "roles": [
    "hitter"
  ],
  "team_id": 110,
  "team_name": "BAL"
}
