{
  "basic_batting": {
    "avg": 0.2909090909090909,
    "babip": 0.40540540540540543,
    "bb": 8,
    "doubles": 3,
    "h": 16,
    "hr": 1,
    "iso": 0.14545454545454545,
    "k": 18,
    "obp": 0.38461538461538464,
    "ops": 0.820979020979021,
    "ops_plus": 137,
    "slg": 0.43636363636363634,
    "triples": 1,
    "woba": 0.3624615384615385,
    "wrc_plus": 113
  },
  "basic_pitching": null,
  "current_team_id": 146,
  "metrics": {
    "barrel_pct_last_50": 0.09090909090909091,
    "chase_pct_last_50": 0.3333333333333333,
    "contact_pct_last_50": 0.358695652173913,
    "hard_hit_pct_last_50": 0.5757575757575758,
    "xwoba_last_50": 0.328125
  },
  "name": "Kyle Stowers",
  "player_id": 669065,
  "player_name": "Kyle Stowers",
  "recent_unicorns": [
    {
      "description": "Kyle Stowers owns the lowest chase rate over his last 50 PA.",
      "metric_value": 0.0,
      "pattern_id": "UNQ-H-0004",
      "run_date": "2025-03-27",
      "score": 0.784553
    }
  ],
  "role": "hitter",
  "roles": [
    "hitter"
  ],
  "team_id": 146,
  "team_name": "MIA"
}
