{
  "basic_batting": {
    "avg": 0.2222222222222222,
    "babip": 0.32432432432432434,
    "bb": 5,
    "doubles": 4,
    "h": 12,
    "hr": 0,
    "iso": 0.1111111111111111,
    "k": 18,
    "obp": 0.29508196721311475,
    "ops": 0.6284153005464481,
    "ops_plus": 81,
    "slg": 0.3333333333333333,
    "triples": 1,
    "woba": 0.28032786885245903,
    "wrc_plus": 97
  },
  "basic_pitching": null,
  "current_team_id": 158,
  "metrics": {
    "barrel_pct_last_50": 0.0,
    "chase_pct_last_50": 0.25,
    "contact_pct_last_50": 0.358695652173913,
    "hard_hit_pct_last_50": 0.45454545454545453,
    "xwoba_last_50": 0.24763265306122448
  },
  "name": "Garrett Mitchell",
  "player_id": 669003,
  "player_name": "Garrett Mitchell",
  "recent_unicorns": [
    {
      "description": "Garrett Mitchell owns the lowest chase rate over his last 50 PA.",
      "metric_value": 0.04,
      "pattern_id": "UNQ-H-0004",
      "run_date": "2025-04-01",
      "score": 1.170371
    }
  ],
  "role": "hitter",
  "roles": [
    "hitter"
  ],
  "team_id": 158,
  "team_name": "MIL"
}
