{
  "basic_batting": {
    "avg": 0.083,
    "babip": 0.1111111111111111,
    "bb": 3,
    "doubles": 2,
    "h": 5,
    "hr": 1,
    "iso": 0.084,
    "k": 23,
    "obp": 0.154,
    "ops": 0.321,
    "ops_plus": -6.457325680110482,
    "slg": 0.167,
    "triples": 0,
    "woba": 0.15276923076923077,
    "wrc_plus": 49.68854510004978
  },
  "basic_pitching": null,
  "current_team_id": 118,
  "metrics": {
    "barrel_pct_last_50": 0.0,
    "chase_pct_last_50": 0.3404255319148936,
    "contact_pct_last_50": 0.28888888888888886,
    "hard_hit_pct_last_50": 0.4230769230769231,
    "xwoba_last_50": 0.1998
  },
  "name": "MJ Melendez",
  "player_id": 669004,
  "player_name": "MJ Melendez",
  "recent_unicorns": [],
  "role": "hitter",
  "roles": [
    "hitter"
  ],
  "team_id": 118,
  "team_name": "KC"
}
