{
  "basic_batting": {
    "avg": 0.206,
    "babip": 0.3181818181818182,
    "bb": 7,
    "doubles": 4,
    "h": 14,
    "hr": 0,
    "iso": 0.088,
    "k": 25,
    "obp": 0.286,
    "ops": 0.58,
    "ops_plus": 69.48394723837761,
    "slg": 0.294,
    "triples": 1,
    "woba": 0.26311688311688314,
    "wrc_plus": 85.57937385367124
  },
  "basic_pitching": null,
  "current_team_id": 158,
  "metrics": {
    "barrel_pct_last_50": 0.0,
    "chase_pct_last_50": 0.2345679012345679,
    "contact_pct_last_50": 0.3875,
    "hard_hit_pct_last_50": 0.41935483870967744,
    "xwoba_last_50": 0.26356521739130434
  },
  "name": "Garrett Mitchell",
  "player_id": 669003,
  "player_name": "Garrett Mitchell",
  "recent_unicorns": [
    {
      "description": "Garrett Mitchell owns the lowest chase rate over his last 50 PA.",
      "metric_value": 0.04,
      "pattern_id": "UNQ-H-0004",
      "run_date": "2025-04-01",
      "score": 1.170371
    }
  ],
  "role": "hitter",
  "roles": [
    "hitter"
  ],
  "team_id": 158,
  "team_name": "MIL"
}
