{
  "basic_batting": {
    "avg": 0.09302325581395349,
    "babip": 0.12,
    "bb": 3,
    "doubles": 1,
    "h": 4,
    "hr": 1,
    "iso": 0.09302325581395349,
    "k": 17,
    "obp": 0.1875,
    "ops": 0.373546511627907,
    "ops_plus": 9,
    "slg": 0.18604651162790697,
    "triples": 0,
    "woba": 0.18041666666666667,
    "wrc_plus": -7
  },
  "basic_pitching": null,
  "current_team_id": 118,
  "metrics": {
    "barrel_pct_last_50": 0.0,
    "chase_pct_last_50": 0.3404255319148936,
    "contact_pct_last_50": 0.28888888888888886,
    "hard_hit_pct_last_50": 0.4230769230769231,
    "xwoba_last_50": 0.1998
  },
  "name": "MJ Melendez",
  "player_id": 669004,
  "player_name": "MJ Melendez",
  "recent_unicorns": [],
  "role": "hitter",
  "roles": [
    "hitter"
  ],
  "team_id": 118,
  "team_name": "KC"
}
