{
  "basic_batting": {
    "avg": 0.22727272727272727,
    "babip": 0.3225806451612903,
    "bb": 5,
    "doubles": 3,
    "h": 10,
    "hr": 0,
    "iso": 0.0681818181818182,
    "k": 14,
    "obp": 0.3137254901960784,
    "ops": 0.6091800356506238,
    "ops_plus": 78,
    "slg": 0.29545454545454547,
    "triples": 0,
    "woba": 0.27862745098039216,
    "wrc_plus": 108
  },
  "basic_pitching": null,
  "current_team_id": 158,
  "metrics": {
    "barrel_pct_last_50": 0.0,
    "chase_pct_last_50": 0.2345679012345679,
    "contact_pct_last_50": 0.3875,
    "hard_hit_pct_last_50": 0.41935483870967744,
    "xwoba_last_50": 0.26356521739130434
  },
  "name": "Garrett Mitchell",
  "player_id": 669003,
  "player_name": "Garrett Mitchell",
  "recent_unicorns": [
    {
      "description": "Garrett Mitchell owns the lowest chase rate over his last 50 PA.",
      "metric_value": 0.04,
      "pattern_id": "UNQ-H-0004",
      "run_date": "2025-04-01",
      "score": 1.170371
    }
  ],
  "role": "hitter",
  "roles": [
    "hitter"
  ],
  "team_id": 158,
  "team_name": "MIL"
}
