{
  "basic_batting": {
    "avg": 0.09523809523809523,
    "babip": 0.11538461538461539,
    "bb": 7,
    "doubles": 0,
    "h": 4,
    "hr": 1,
    "iso": 0.07142857142857142,
    "k": 16,
    "obp": 0.22,
    "ops": 0.38666666666666666,
    "slg": 0.16666666666666666,
    "triples": 0,
    "woba": 0.196
  },
  "basic_pitching": null,
  "current_team_id": 143,
  "metrics": {
    "barrel_pct_last_50": 0.03571428571428571,
    "chase_pct_last_50": 0.36046511627906974,
    "contact_pct_last_50": 0.32558139534883723,
    "hard_hit_pct_last_50": 0.4642857142857143,
    "xwoba_last_50": 0.1739767441860465
  },
  "name": "Brandon Marsh",
  "player_id": 669016,
  "player_name": "Brandon Marsh",
  "recent_unicorns": [],
  "role": "hitter",
  "roles": [
    "hitter"
  ],
  "team_id": 143,
  "team_name": "PHI"
}
