{
  "basic_batting": {
    "avg": 0.08333333333333333,
    "babip": 0.1111111111111111,
    "bb": 3,
    "doubles": 1,
    "h": 4,
    "hr": 1,
    "iso": 0.08333333333333333,
    "k": 20,
    "obp": 0.16981132075471697,
    "ops": 0.33647798742138363,
    "ops_plus": -2,
    "slg": 0.16666666666666666,
    "triples": 0,
    "woba": 0.16339622641509435,
    "wrc_plus": -17
  },
  "basic_pitching": null,
  "current_team_id": 118,
  "metrics": {
    "barrel_pct_last_50": 0.0,
    "chase_pct_last_50": 0.3333333333333333,
    "contact_pct_last_50": 0.2727272727272727,
    "hard_hit_pct_last_50": 0.4444444444444444,
    "xwoba_last_50": 0.1929591836734694
  },
  "name": "MJ Melendez",
  "player_id": 669004,
  "player_name": "MJ Melendez",
  "recent_unicorns": [],
  "role": "hitter",
  "roles": [
    "hitter"
  ],
  "team_id": 118,
  "team_name": "KC"
}
