{
  "basic_batting": {
    "avg": 0.2,
    "babip": 0.2608695652173913,
    "bb": 4,
    "doubles": 1,
    "h": 7,
    "hr": 1,
    "iso": 0.11399999999999999,
    "k": 11,
    "obp": 0.282,
    "ops": 0.596,
    "ops_plus": 67.3457367160549,
    "slg": 0.314,
    "triples": 0,
    "woba": 0.2712820512820513,
    "wrc_plus": 85.36661990433069
  },
  "basic_pitching": null,
  "current_team_id": 136,
  "metrics": {
    "barrel_pct_last_50": 0.0,
    "chase_pct_last_50": 0.2153846153846154,
    "contact_pct_last_50": 0.3870967741935484,
    "hard_hit_pct_last_50": 0.3333333333333333,
    "xwoba_last_50": 0.25894285714285714
  },
  "name": "Ryan Bliss",
  "player_id": 669208,
  "player_name": "Ryan Bliss",
  "recent_unicorns": [],
  "role": "hitter",
  "roles": [
    "hitter"
  ],
  "team_id": 136,
  "team_name": "SEA"
}
