{
  "basic_batting": {
    "avg": 0.199,
    "babip": 0.24277456647398843,
    "bb": 35,
    "doubles": 13,
    "h": 58,
    "hr": 16,
    "iso": 0.20999999999999996,
    "k": 105,
    "obp": 0.3,
    "ops": 0.709,
    "ops_plus": 104.19419419419418,
    "slg": 0.409,
    "triples": 0,
    "woba": 0.3140356083086054,
    "wrc_plus": 102.14080680968188
  },
  "basic_pitching": null,
  "current_team_id": 144,
  "metrics": {
    "barrel_pct_last_50": 0.13333333333333333,
    "chase_pct_last_50": 0.22,
    "contact_pct_last_50": 0.28846153846153844,
    "hard_hit_pct_last_50": 0.4666666666666667,
    "xwoba_last_50": 0.3548928571428571
  },
  "name": "Sean Murphy",
  "player_id": 669221,
  "player_name": "Sean Murphy",
  "recent_unicorns": [
    {
      "description": "Sean Murphy: barrel rate leader with 2 barrels in the last 50 AB.",
      "metric_value": 2.0,
      "pattern_id": "UNQ-H-0510",
      "run_date": "2025-04-15",
      "score": 2.0
    }
  ],
  "role": "hitter",
  "roles": [
    "hitter"
  ],
  "team_id": 144,
  "team_name": "ATL"
}
