{
  "basic_batting": {
    "avg": 0.15625,
    "babip": 0.29411764705882354,
    "bb": 6,
    "doubles": 1,
    "h": 5,
    "hr": 0,
    "iso": 0.03125,
    "k": 15,
    "obp": 0.2894736842105263,
    "ops": 0.4769736842105263,
    "ops_plus": 42,
    "slg": 0.1875,
    "triples": 0,
    "woba": 0.23605263157894735,
    "wrc_plus": -38
  },
  "basic_pitching": null,
  "current_team_id": 134,
  "metrics": {
    "barrel_pct_last_50": 0.0,
    "chase_pct_last_50": 0.25,
    "contact_pct_last_50": 0.27419354838709675,
    "hard_hit_pct_last_50": 0.47058823529411764,
    "xwoba_last_50": 0.2815
  },
  "name": "Jack Suwinski",
  "player_id": 669261,
  "player_name": "Jack Suwinski",
  "recent_unicorns": [],
  "role": "hitter",
  "roles": [
    "hitter"
  ],
  "team_id": 134,
  "team_name": "PIT"
}
