{
  "basic_batting": {
    "avg": 0.20588235294117646,
    "babip": 0.30434782608695654,
    "bb": 9,
    "doubles": 2,
    "h": 7,
    "hr": 0,
    "iso": 0.05882352941176472,
    "k": 13,
    "obp": 0.3695652173913043,
    "ops": 0.6342710997442456,
    "ops_plus": 88,
    "slg": 0.2647058823529412,
    "triples": 0,
    "woba": 0.30260869565217385,
    "wrc_plus": 89
  },
  "basic_pitching": null,
  "current_team_id": 116,
  "metrics": {
    "barrel_pct_last_50": 0.043478260869565216,
    "chase_pct_last_50": 0.2537313432835821,
    "contact_pct_last_50": 0.3709677419354839,
    "hard_hit_pct_last_50": 0.2608695652173913,
    "xwoba_last_50": 0.19608108108108108
  },
  "name": "Justyn-Henry Malloy",
  "player_id": 669234,
  "player_name": "Justyn-Henry Malloy",
  "recent_unicorns": [],
  "role": "hitter",
  "roles": [
    "hitter"
  ],
  "team_id": 116,
  "team_name": "DET"
}
