{
  "basic_batting": {
    "avg": 0.293,
    "babip": 0.34782608695652173,
    "bb": 70,
    "doubles": 22,
    "h": 123,
    "hr": 19,
    "iso": 0.193,
    "k": 107,
    "obp": 0.398,
    "ops": 0.884,
    "ops_plus": 156.0360588436538,
    "slg": 0.486,
    "triples": 1,
    "woba": 0.3882270916334662,
    "wrc_plus": 126.27175809263764
  },
  "basic_pitching": null,
  "current_team_id": 119,
  "metrics": {
    "barrel_pct_last_50": 0.0625,
    "chase_pct_last_50": 0.2318840579710145,
    "contact_pct_last_50": 0.4383561643835616,
    "hard_hit_pct_last_50": 0.4375,
    "xwoba_last_50": 0.28304255319148935
  },
  "name": "Will Smith",
  "player_id": 669257,
  "player_name": "Will Smith",
  "recent_unicorns": [],
  "role": "hitter",
  "roles": [
    "hitter"
  ],
  "team_id": 119,
  "team_name": "LAD"
}
