{
  "basic_batting": {
    "avg": 0.243,
    "babip": 0.27547169811320754,
    "bb": 21,
    "doubles": 12,
    "h": 73,
    "hr": 0,
    "iso": 0.03899999999999998,
    "k": 38,
    "obp": 0.292,
    "ops": 0.575,
    "ops_plus": 62.587797557956115,
    "slg": 0.282,
    "triples": 0,
    "woba": 0.26073846153846153,
    "wrc_plus": 82.04877925171624
  },
  "basic_pitching": null,
  "current_team_id": 113,
  "metrics": {
    "barrel_pct_last_50": 0.0,
    "chase_pct_last_50": 0.2638888888888889,
    "contact_pct_last_50": 0.6129032258064516,
    "hard_hit_pct_last_50": 0.15789473684210525,
    "xwoba_last_50": 0.239325
  },
  "name": "Santiago Espinal",
  "player_id": 669289,
  "player_name": "Santiago Espinal",
  "recent_unicorns": [],
  "role": "hitter",
  "roles": [
    "hitter"
  ],
  "team_id": 113,
  "team_name": "CIN"
}
