{
  "basic_batting": {
    "avg": 0.2727272727272727,
    "babip": 0.5,
    "bb": 1,
    "doubles": 1,
    "h": 3,
    "hr": 0,
    "iso": 0.09090909090909094,
    "k": 5,
    "obp": 0.3333333333333333,
    "ops": 0.696969696969697,
    "ops_plus": 101,
    "slg": 0.36363636363636365,
    "triples": 0,
    "woba": 0.31166666666666665,
    "wrc_plus": 92
  },
  "basic_pitching": null,
  "current_team_id": 112,
  "metrics": {
    "barrel_pct_last_50": 0.16666666666666666,
    "chase_pct_last_50": 0.5454545454545454,
    "contact_pct_last_50": 0.35294117647058826,
    "hard_hit_pct_last_50": 0.3333333333333333,
    "xwoba_last_50": 0.3440909090909091
  },
  "name": "Gage Workman",
  "player_id": 669398,
  "player_name": "Gage Workman",
  "recent_unicorns": [],
  "role": "hitter",
  "roles": [
    "hitter"
  ],
  "team_id": 112,
  "team_name": "CHC"
}
