{
  "basic_batting": {
    "avg": 0.31746031746031744,
    "babip": 0.4166666666666667,
    "bb": 10,
    "doubles": 3,
    "h": 20,
    "hr": 0,
    "iso": 0.047619047619047616,
    "k": 16,
    "obp": 0.40540540540540543,
    "ops": 0.7704847704847705,
    "ops_plus": 125,
    "slg": 0.36507936507936506,
    "triples": 0,
    "woba": 0.3491891891891892,
    "wrc_plus": 152
  },
  "basic_pitching": null,
  "current_team_id": 146,
  "metrics": {
    "barrel_pct_last_50": 0.0,
    "chase_pct_last_50": 0.3246753246753247,
    "contact_pct_last_50": 0.37755102040816324,
    "hard_hit_pct_last_50": 0.1891891891891892,
    "xwoba_last_50": 0.2126
  },
  "name": "Xavier Edwards",
  "player_id": 669364,
  "player_name": "Xavier Edwards",
  "recent_unicorns": [],
  "role": "hitter",
  "roles": [
    "hitter"
  ],
  "team_id": 146,
  "team_name": "MIA"
}
