{
  "basic_batting": {
    "avg": 0.205,
    "babip": 0.28292682926829266,
    "bb": 47,
    "doubles": 14,
    "h": 72,
    "hr": 14,
    "iso": 0.165,
    "k": 136,
    "obp": 0.296,
    "ops": 0.666,
    "ops_plus": 92.66422878574775,
    "slg": 0.37,
    "triples": 1,
    "woba": 0.29726368159203986,
    "wrc_plus": 96.68569891344806
  },
  "basic_pitching": null,
  "current_team_id": 138,
  "metrics": {
    "barrel_pct_last_50": 0.0,
    "chase_pct_last_50": 0.18181818181818182,
    "contact_pct_last_50": 0.52,
    "hard_hit_pct_last_50": 0.5384615384615384,
    "xwoba_last_50": 0.40694117647058825
  },
  "name": "Nolan Gorman",
  "player_id": 669357,
  "player_name": "Nolan Gorman",
  "recent_unicorns": [],
  "role": "hitter",
  "roles": [
    "hitter"
  ],
  "team_id": 138,
  "team_name": "STL"
}
