{
  "basic_batting": {
    "avg": 0.283,
    "babip": 0.3298097251585624,
    "bb": 49,
    "doubles": 20,
    "h": 159,
    "hr": 3,
    "iso": 0.07,
    "k": 88,
    "obp": 0.343,
    "ops": 0.695,
    "ops_plus": 103.36870161300541,
    "slg": 0.353,
    "triples": 5,
    "woba": 0.3122727272727273,
    "wrc_plus": 101.56742568171397
  },
  "basic_pitching": null,
  "current_team_id": 146,
  "metrics": {
    "barrel_pct_last_50": 0.0,
    "chase_pct_last_50": 0.3246753246753247,
    "contact_pct_last_50": 0.37755102040816324,
    "hard_hit_pct_last_50": 0.1891891891891892,
    "xwoba_last_50": 0.2126
  },
  "name": "Xavier Edwards",
  "player_id": 669364,
  "player_name": "Xavier Edwards",
  "recent_unicorns": [],
  "role": "hitter",
  "roles": [
    "hitter"
  ],
  "team_id": 146,
  "team_name": "MIA"
}
