{
  "basic_batting": {
    "avg": 0.167,
    "babip": 0.22727272727272727,
    "bb": 0,
    "doubles": 0,
    "h": 6,
    "hr": 1,
    "iso": 0.08299999999999999,
    "k": 13,
    "obp": 0.167,
    "ops": 0.417,
    "ops_plus": 19.528892183322565,
    "slg": 0.25,
    "triples": 0,
    "woba": 0.18194444444444446,
    "wrc_plus": 59.17785072268713
  },
  "basic_pitching": null,
  "current_team_id": 142,
  "metrics": {
    "barrel_pct_last_50": 0.043478260869565216,
    "chase_pct_last_50": 0.3898305084745763,
    "contact_pct_last_50": 0.3382352941176471,
    "hard_hit_pct_last_50": 0.43478260869565216,
    "xwoba_last_50": 0.20191666666666666
  },
  "name": "Jose Miranda",
  "player_id": 669304,
  "player_name": "Jose Miranda",
  "recent_unicorns": [],
  "role": "hitter",
  "roles": [
    "hitter"
  ],
  "team_id": 142,
  "team_name": "MIN"
}
