{
  "basic_batting": {
    "avg": 0.3055555555555556,
    "babip": 0.4074074074074074,
    "bb": 1,
    "doubles": 2,
    "h": 11,
    "hr": 0,
    "iso": 0.055555555555555525,
    "k": 9,
    "obp": 0.34210526315789475,
    "ops": 0.7032163742690059,
    "ops_plus": 104,
    "slg": 0.3611111111111111,
    "triples": 0,
    "woba": 0.3147368421052632,
    "wrc_plus": 54
  },
  "basic_pitching": null,
  "current_team_id": 144,
  "metrics": {
    "barrel_pct_last_50": 0.0,
    "chase_pct_last_50": 0.31666666666666665,
    "contact_pct_last_50": 0.391304347826087,
    "hard_hit_pct_last_50": 0.37037037037037035,
    "xwoba_last_50": 0.2652162162162162
  },
  "name": "Nick Allen",
  "player_id": 669397,
  "player_name": "Nick Allen",
  "recent_unicorns": [],
  "role": "hitter",
  "roles": [
    "hitter"
  ],
  "team_id": 144,
  "team_name": "ATL"
}
