{
  "basic_batting": {
    "avg": 0.236,
    "babip": 0.272,
    "bb": 12,
    "doubles": 15,
    "h": 84,
    "hr": 16,
    "iso": 0.183,
    "k": 93,
    "obp": 0.269,
    "ops": 0.687,
    "ops_plus": 96.81539640906732,
    "slg": 0.419,
    "triples": 1,
    "woba": 0.29901595744680853,
    "wrc_plus": 97.25563068176942
  },
  "basic_pitching": null,
  "current_team_id": 140,
  "metrics": {
    "barrel_pct_last_50": 0.0,
    "chase_pct_last_50": 0.3287671232876712,
    "contact_pct_last_50": 0.38461538461538464,
    "hard_hit_pct_last_50": 0.42857142857142855,
    "xwoba_last_50": 0.2676
  },
  "name": "Jake Burger",
  "player_id": 669394,
  "player_name": "Jake Burger",
  "recent_unicorns": [],
  "role": "hitter",
  "roles": [
    "hitter"
  ],
  "team_id": 140,
  "team_name": "TEX"
}
