{
  "basic_batting": {
    "avg": 0.1509433962264151,
    "babip": 0.16666666666666666,
    "bb": 1,
    "doubles": 2,
    "h": 8,
    "hr": 2,
    "iso": 0.1509433962264151,
    "k": 15,
    "obp": 0.18181818181818182,
    "ops": 0.483704974271012,
    "ops_plus": 37,
    "slg": 0.3018867924528302,
    "triples": 0,
    "woba": 0.21290909090909094,
    "wrc_plus": 62
  },
  "basic_pitching": null,
  "current_team_id": 140,
  "metrics": {
    "barrel_pct_last_50": 0.0,
    "chase_pct_last_50": 0.3287671232876712,
    "contact_pct_last_50": 0.38461538461538464,
    "hard_hit_pct_last_50": 0.42857142857142855,
    "xwoba_last_50": 0.2676
  },
  "name": "Jake Burger",
  "player_id": 669394,
  "player_name": "Jake Burger",
  "recent_unicorns": [],
  "role": "hitter",
  "roles": [
    "hitter"
  ],
  "team_id": 140,
  "team_name": "TEX"
}
