{
  "basic_batting": {
    "avg": 0.237,
    "babip": 0.2818181818181818,
    "bb": 27,
    "doubles": 15,
    "h": 74,
    "hr": 12,
    "iso": 0.16400000000000003,
    "k": 83,
    "obp": 0.305,
    "ops": 0.706,
    "ops_plus": 96.21179195043428,
    "slg": 0.401,
    "triples": 0,
    "woba": 0.31213256484149854,
    "wrc_plus": 98.2213968696535
  },
  "basic_pitching": null,
  "current_team_id": 137,
  "metrics": {
    "barrel_pct_last_50": 0.0,
    "chase_pct_last_50": 0.47058823529411764,
    "contact_pct_last_50": 0.3023255813953488,
    "hard_hit_pct_last_50": 0.46153846153846156,
    "xwoba_last_50": 0.35425
  },
  "name": "Casey Schmitt",
  "player_id": 669477,
  "player_name": "Casey Schmitt",
  "recent_unicorns": [],
  "role": "hitter",
  "roles": [
    "hitter"
  ],
  "team_id": 137,
  "team_name": "SF"
}
