{
  "basic_batting": {
    "avg": 0.21052631578947367,
    "babip": 0.3076923076923077,
    "bb": 0,
    "doubles": 2,
    "h": 4,
    "hr": 0,
    "iso": 0.10526315789473684,
    "k": 6,
    "obp": 0.25,
    "ops": 0.5657894736842105,
    "ops_plus": 63,
    "slg": 0.3157894736842105,
    "triples": 0,
    "woba": 0.252,
    "wrc_plus": 37
  },
  "basic_pitching": null,
  "current_team_id": 137,
  "metrics": {
    "barrel_pct_last_50": 0.0,
    "chase_pct_last_50": 0.47058823529411764,
    "contact_pct_last_50": 0.3023255813953488,
    "hard_hit_pct_last_50": 0.46153846153846156,
    "xwoba_last_50": 0.35425
  },
  "name": "Casey Schmitt",
  "player_id": 669477,
  "player_name": "Casey Schmitt",
  "recent_unicorns": [],
  "role": "hitter",
  "roles": [
    "hitter"
  ],
  "team_id": 137,
  "team_name": "SF"
}
