{
  "basic_batting": {
    "avg": 0.251,
    "babip": 0.29533678756476683,
    "bb": 55,
    "doubles": 23,
    "h": 124,
    "hr": 10,
    "iso": 0.11499999999999999,
    "k": 100,
    "obp": 0.335,
    "ops": 0.7,
    "ops_plus": 104.20000380126963,
    "slg": 0.366,
    "triples": 2,
    "woba": 0.3155098389982111,
    "wrc_plus": 102.62030374593995
  },
  "basic_pitching": null,
  "current_team_id": 140,
  "metrics": {
    "barrel_pct_last_50": 0.037037037037037035,
    "chase_pct_last_50": 0.359375,
    "contact_pct_last_50": 0.391304347826087,
    "hard_hit_pct_last_50": 0.4074074074074074,
    "xwoba_last_50": 0.2865526315789474
  },
  "name": "Josh Smith",
  "player_id": 669701,
  "player_name": "Josh Smith",
  "recent_unicorns": [],
  "role": "hitter",
  "roles": [
    "hitter"
  ],
  "team_id": 140,
  "team_name": "TEX"
}
