{
  "basic_batting": {
    "avg": 0.2857142857142857,
    "babip": 0.2926829268292683,
    "bb": 10,
    "doubles": 2,
    "h": 12,
    "hr": 0,
    "iso": 0.09523809523809523,
    "k": 4,
    "obp": 0.4,
    "ops": 0.780952380952381,
    "ops_plus": 127,
    "slg": 0.38095238095238093,
    "triples": 1,
    "woba": 0.3467272727272727,
    "wrc_plus": 118
  },
  "basic_pitching": null,
  "current_team_id": 120,
  "metrics": {
    "barrel_pct_last_50": 0.0,
    "chase_pct_last_50": 0.23076923076923078,
    "contact_pct_last_50": 0.6029411764705882,
    "hard_hit_pct_last_50": 0.2926829268292683,
    "xwoba_last_50": 0.26325
  },
  "name": "Alex Call",
  "player_id": 669743,
  "player_name": "Alex Call",
  "recent_unicorns": [],
  "role": "hitter",
  "roles": [
    "hitter"
  ],
  "team_id": 120,
  "team_name": "WSH"
}
