{
  "basic_batting": {
    "avg": 0.37777777777777777,
    "babip": 0.5161290322580645,
    "bb": 7,
    "doubles": 4,
    "h": 17,
    "hr": 1,
    "iso": 0.15555555555555556,
    "k": 13,
    "obp": 0.46153846153846156,
    "ops": 0.9948717948717949,
    "ops_plus": 186,
    "slg": 0.5333333333333333,
    "triples": 0,
    "woba": 0.4363461538461539,
    "wrc_plus": 184
  },
  "basic_pitching": null,
  "current_team_id": 140,
  "metrics": {
    "barrel_pct_last_50": 0.03125,
    "chase_pct_last_50": 0.33783783783783783,
    "contact_pct_last_50": 0.3950617283950617,
    "hard_hit_pct_last_50": 0.4375,
    "xwoba_last_50": 0.3033777777777778
  },
  "name": "Josh Smith",
  "player_id": 669701,
  "player_name": "Josh Smith",
  "recent_unicorns": [],
  "role": "hitter",
  "roles": [
    "hitter"
  ],
  "team_id": 140,
  "team_name": "TEX"
}
