{
  "basic_batting": {
    "avg": 0.227,
    "babip": 0.27309236947791166,
    "bb": 39,
    "doubles": 18,
    "h": 75,
    "hr": 7,
    "iso": 0.12899999999999998,
    "k": 76,
    "obp": 0.311,
    "ops": 0.667,
    "ops_plus": 86.9617586256337,
    "slg": 0.356,
    "triples": 2,
    "woba": 0.29991957104557637,
    "wrc_plus": 94.37823070977196
  },
  "basic_pitching": {
    "babip": 0.3333333333333333,
    "bb": 1,
    "era": 0.0,
    "fip": 19.12558700583402,
    "h": 3,
    "hr": 1,
    "ip": 1.0,
    "whip": 4.0
  },
  "current_team_id": 134,
  "metrics": {
    "barrel_pct_last_50": 0.08333333333333333,
    "chase_pct_last_50": 0.37037037037037035,
    "contact_pct_last_50": 0.36363636363636365,
    "hard_hit_pct_last_50": 0.25,
    "xwoba_last_50": 0.22347058823529412
  },
  "name": "Jared Triolo",
  "player_id": 669707,
  "player_name": "Jared Triolo",
  "recent_unicorns": [],
  "role": "hitter",
  "roles": [
    "hitter"
  ],
  "team_id": 134,
  "team_name": "PIT"
}
