{
  "current_team_id": 120,
  "metrics": {
    "barrel_pct_last_50": 0.0,
    "chase_pct_last_50": 0.1518987341772152,
    "contact_pct_last_50": 0.5573770491803278,
    "hard_hit_pct_last_50": 0.2647058823529412,
    "xwoba_last_50": 0.3492173913043478
  },
  "name": "Alex Call",
  "player_id": 669743,
  "player_name": "Alex Call",
  "recent_unicorns": [],
  "role": "hitter",
  "roles": [
    "hitter"
  ],
  "team_id": 120,
  "team_name": "WSH"
}
