{
  "basic_batting": {
    "avg": 0.16666666666666666,
    "babip": 0.3225806451612903,
    "bb": 2,
    "doubles": 3,
    "h": 10,
    "hr": 0,
    "iso": 0.05000000000000002,
    "k": 29,
    "obp": 0.20634920634920634,
    "ops": 0.423015873015873,
    "ops_plus": 23,
    "slg": 0.21666666666666667,
    "triples": 0,
    "woba": 0.1926984126984127,
    "wrc_plus": -14
  },
  "basic_pitching": null,
  "current_team_id": 115,
  "metrics": {
    "barrel_pct_last_50": 0.0,
    "chase_pct_last_50": 0.3055555555555556,
    "contact_pct_last_50": 0.26262626262626265,
    "hard_hit_pct_last_50": 0.5384615384615384,
    "xwoba_last_50": 0.19214
  },
  "name": "Michael Toglia",
  "player_id": 669911,
  "player_name": "Michael Toglia",
  "recent_unicorns": [],
  "role": "hitter",
  "roles": [
    "hitter"
  ],
  "team_id": 115,
  "team_name": "COL"
}
