{
  "basic_batting": {
    "avg": 0.19,
    "babip": 0.28484848484848485,
    "bb": 28,
    "doubles": 15,
    "h": 58,
    "hr": 11,
    "iso": 0.16299999999999998,
    "k": 132,
    "obp": 0.258,
    "ops": 0.611,
    "ops_plus": 75.93780869477071,
    "slg": 0.353,
    "triples": 1,
    "woba": 0.2712166172106825,
    "wrc_plus": 88.21383107252123
  },
  "basic_pitching": null,
  "current_team_id": 115,
  "metrics": {
    "barrel_pct_last_50": 0.0,
    "chase_pct_last_50": 0.3055555555555556,
    "contact_pct_last_50": 0.26262626262626265,
    "hard_hit_pct_last_50": 0.5384615384615384,
    "xwoba_last_50": 0.19214
  },
  "name": "Michael Toglia",
  "player_id": 669911,
  "player_name": "Michael Toglia",
  "recent_unicorns": [],
  "role": "hitter",
  "roles": [
    "hitter"
  ],
  "team_id": 115,
  "team_name": "COL"
}
