{
  "basic_batting": {
    "avg": 0.30434782608695654,
    "babip": 0.3333333333333333,
    "bb": 2,
    "doubles": 0,
    "h": 7,
    "hr": 0,
    "iso": 0.0,
    "k": 2,
    "obp": 0.36,
    "ops": 0.6643478260869565,
    "ops_plus": 95,
    "slg": 0.30434782608695654,
    "triples": 0,
    "woba": 0.3044,
    "wrc_plus": 82
  },
  "basic_pitching": {
    "babip": 0.25,
    "bb": 2,
    "era": 0.0,
    "fip": 9.12558700583402,
    "h": 1,
    "hr": 0,
    "ip": 1.0,
    "whip": 3.0
  },
  "current_team_id": 136,
  "metrics": {
    "barrel_pct_last_50": 0.0,
    "chase_pct_last_50": 0.23529411764705882,
    "contact_pct_last_50": 0.6363636363636364,
    "hard_hit_pct_last_50": 0.6190476190476191,
    "xwoba_last_50": 0.33517391304347827
  },
  "name": "Miles Mastrobuoni",
  "player_id": 670156,
  "player_name": "Miles Mastrobuoni",
  "recent_unicorns": [],
  "role": "hitter",
  "roles": [
    "hitter"
  ],
  "team_id": 136,
  "team_name": "SEA"
}
