{
  "basic_batting": {
    "avg": 0.22641509433962265,
    "babip": 0.25,
    "bb": 6,
    "doubles": 1,
    "h": 12,
    "hr": 6,
    "iso": 0.3584905660377358,
    "k": 24,
    "obp": 0.3114754098360656,
    "ops": 0.8963810702134241,
    "ops_plus": 151,
    "slg": 0.5849056603773585,
    "triples": 0,
    "woba": 0.38,
    "wrc_plus": 140
  },
  "basic_pitching": null,
  "current_team_id": 146,
  "metrics": {
    "barrel_pct_last_50": 0.07142857142857142,
    "chase_pct_last_50": 0.4050632911392405,
    "contact_pct_last_50": 0.2641509433962264,
    "hard_hit_pct_last_50": 0.5357142857142857,
    "xwoba_last_50": 0.2824
  },
  "name": "Matt Mervis",
  "player_id": 670223,
  "player_name": "Matt Mervis",
  "recent_unicorns": [
    {
      "description": "Matt Mervis: 100+ mph rate leader with 11 balls hit 100+ mph in the last 50 AB.",
      "metric_value": 11.0,
      "pattern_id": "UNQ-H-0514",
      "run_date": "2025-04-15",
      "score": 11.0
    }
  ],
  "role": "hitter",
  "roles": [
    "hitter"
  ],
  "team_id": 146,
  "team_name": "MIA"
}
