{
  "basic_batting": {
    "avg": 0.2702702702702703,
    "babip": 0.3125,
    "bb": 4,
    "doubles": 0,
    "h": 10,
    "hr": 5,
    "iso": 0.4054054054054054,
    "k": 17,
    "obp": 0.3333333333333333,
    "ops": 1.009009009009009,
    "ops_plus": 183,
    "slg": 0.6756756756756757,
    "triples": 0,
    "woba": 0.4216666666666667,
    "wrc_plus": 193
  },
  "basic_pitching": null,
  "current_team_id": 146,
  "metrics": {
    "barrel_pct_last_50": 0.05,
    "chase_pct_last_50": 0.39285714285714285,
    "contact_pct_last_50": 0.2597402597402597,
    "hard_hit_pct_last_50": 0.6,
    "xwoba_last_50": 0.32011428571428574
  },
  "name": "Matt Mervis",
  "player_id": 670223,
  "player_name": "Matt Mervis",
  "recent_unicorns": [
    {
      "description": "Matt Mervis: 100+ mph rate leader with 11 balls hit 100+ mph in the last 50 AB.",
      "metric_value": 11.0,
      "pattern_id": "UNQ-H-0514",
      "run_date": "2025-04-15",
      "score": 11.0
    }
  ],
  "role": "hitter",
  "roles": [
    "hitter"
  ],
  "team_id": 146,
  "team_name": "MIA"
}
