{
  "basic_batting": {
    "avg": 0.273,
    "babip": 0.29545454545454547,
    "bb": 28,
    "doubles": 8,
    "h": 45,
    "hr": 6,
    "iso": 0.15699999999999997,
    "k": 33,
    "obp": 0.367,
    "ops": 0.797,
    "ops_plus": 131.32955360423716,
    "slg": 0.43,
    "triples": 0,
    "woba": 0.35010050251256275,
    "wrc_plus": 113.87099693473937
  },
  "basic_pitching": null,
  "current_team_id": 117,
  "metrics": {
    "barrel_pct_last_50": 0.07894736842105263,
    "chase_pct_last_50": 0.32407407407407407,
    "contact_pct_last_50": 0.35185185185185186,
    "hard_hit_pct_last_50": 0.5263157894736842,
    "xwoba_last_50": 0.36878
  },
  "name": "Yordan Alvarez",
  "player_id": 670541,
  "player_name": "Yordan Alvarez",
  "recent_unicorns": [
    {
      "description": "Yordan Alvarez has the best xwOBA in MLB in 3-2 counts.",
      "metric_value": 0.691,
      "pattern_id": "UNQ-H-0021",
      "run_date": "2025-03-28",
      "score": 1.972451
    }
  ],
  "role": "hitter",
  "roles": [
    "hitter"
  ],
  "team_id": 117,
  "team_name": "HOU"
}
