{
  "basic_batting": {
    "avg": 0.17777777777777778,
    "babip": 0.23529411764705882,
    "bb": 8,
    "doubles": 0,
    "h": 8,
    "hr": 0,
    "iso": 0.0,
    "k": 11,
    "obp": 0.3018867924528302,
    "ops": 0.47966457023060793,
    "ops_plus": 43,
    "slg": 0.17777777777777778,
    "triples": 0,
    "woba": 0.23849056603773586,
    "wrc_plus": 22
  },
  "basic_pitching": null,
  "current_team_id": 139,
  "metrics": {
    "barrel_pct_last_50": 0.0,
    "chase_pct_last_50": 0.24193548387096775,
    "contact_pct_last_50": 0.35294117647058826,
    "hard_hit_pct_last_50": 0.2,
    "xwoba_last_50": 0.15751219512195122
  },
  "name": "Taylor Walls",
  "player_id": 670764,
  "player_name": "Taylor Walls",
  "recent_unicorns": [],
  "role": "hitter",
  "roles": [
    "hitter"
  ],
  "team_id": 139,
  "team_name": "TB"
}
