{
  "basic_batting": {
    "avg": 0.16666666666666666,
    "babip": 0.21951219512195122,
    "bb": 8,
    "doubles": 0,
    "h": 9,
    "hr": 0,
    "iso": 0.0,
    "k": 14,
    "obp": 0.2698412698412698,
    "ops": 0.4365079365079365,
    "ops_plus": 30,
    "slg": 0.16666666666666666,
    "triples": 0,
    "woba": 0.21476190476190476,
    "wrc_plus": 21
  },
  "basic_pitching": null,
  "current_team_id": 139,
  "metrics": {
    "barrel_pct_last_50": 0.0,
    "chase_pct_last_50": 0.28,
    "contact_pct_last_50": 0.34615384615384615,
    "hard_hit_pct_last_50": 0.2222222222222222,
    "xwoba_last_50": 0.1496
  },
  "name": "Taylor Walls",
  "player_id": 670764,
  "player_name": "Taylor Walls",
  "recent_unicorns": [],
  "role": "hitter",
  "roles": [
    "hitter"
  ],
  "team_id": 139,
  "team_name": "TB"
}
