{
  "basic_batting": {
    "avg": 0.2222222222222222,
    "babip": 0.2765957446808511,
    "bb": 3,
    "doubles": 5,
    "h": 16,
    "hr": 3,
    "iso": 0.19444444444444448,
    "k": 22,
    "obp": 0.2631578947368421,
    "ops": 0.6798245614035088,
    "ops_plus": 93,
    "slg": 0.4166666666666667,
    "triples": 0,
    "woba": 0.29684210526315785,
    "wrc_plus": 71
  },
  "basic_pitching": null,
  "current_team_id": 137,
  "metrics": {
    "barrel_pct_last_50": 0.05714285714285714,
    "chase_pct_last_50": 0.48314606741573035,
    "contact_pct_last_50": 0.3333333333333333,
    "hard_hit_pct_last_50": 0.42857142857142855,
    "xwoba_last_50": 0.2489
  },
  "name": "Heliot Ramos",
  "player_id": 671218,
  "player_name": "Heliot Ramos",
  "recent_unicorns": [],
  "role": "hitter",
  "roles": [
    "hitter"
  ],
  "team_id": 137,
  "team_name": "SF"
}
