{
  "basic_batting": {
    "avg": 0.256,
    "babip": 0.3087248322147651,
    "bb": 52,
    "doubles": 24,
    "h": 159,
    "hr": 21,
    "iso": 0.14400000000000002,
    "k": 158,
    "obp": 0.328,
    "ops": 0.728,
    "ops_plus": 110.86738383953572,
    "slg": 0.4,
    "triples": 1,
    "woba": 0.3235827338129496,
    "wrc_plus": 105.24603142729505
  },
  "basic_pitching": null,
  "current_team_id": 137,
  "metrics": {
    "barrel_pct_last_50": 0.05714285714285714,
    "chase_pct_last_50": 0.48314606741573035,
    "contact_pct_last_50": 0.3333333333333333,
    "hard_hit_pct_last_50": 0.42857142857142855,
    "xwoba_last_50": 0.2489
  },
  "name": "Heliot Ramos",
  "player_id": 671218,
  "player_name": "Heliot Ramos",
  "recent_unicorns": [],
  "role": "hitter",
  "roles": [
    "hitter"
  ],
  "team_id": 137,
  "team_name": "SF"
}
