{
  "basic_batting": {
    "avg": 0.281,
    "babip": 0.3170731707317073,
    "bb": 34,
    "doubles": 20,
    "h": 106,
    "hr": 2,
    "iso": 0.07999999999999996,
    "k": 51,
    "obp": 0.354,
    "ops": 0.715,
    "ops_plus": 109.01891004928981,
    "slg": 0.361,
    "triples": 2,
    "woba": 0.3220657276995305,
    "wrc_plus": 104.7526216856597
  },
  "basic_pitching": null,
  "current_team_id": 115,
  "metrics": {
    "barrel_pct_last_50": 0.0,
    "chase_pct_last_50": 0.3939393939393939,
    "contact_pct_last_50": 0.3,
    "hard_hit_pct_last_50": 0.4444444444444444,
    "xwoba_last_50": 0.23692857142857143
  },
  "name": "Tyler Freeman",
  "player_id": 671289,
  "player_name": "Tyler Freeman",
  "recent_unicorns": [],
  "role": "hitter",
  "roles": [
    "hitter"
  ],
  "team_id": 115,
  "team_name": "COL"
}
