{
  "basic_batting": {
    "avg": 0.23076923076923078,
    "babip": 0.2857142857142857,
    "bb": 6,
    "doubles": 7,
    "h": 21,
    "hr": 3,
    "iso": 0.1758241758241758,
    "k": 25,
    "obp": 0.2857142857142857,
    "ops": 0.6923076923076923,
    "ops_plus": 97,
    "slg": 0.4065934065934066,
    "triples": 0,
    "woba": 0.30448979591836733,
    "wrc_plus": 89
  },
  "basic_pitching": null,
  "current_team_id": 137,
  "metrics": {
    "barrel_pct_last_50": 0.08108108108108109,
    "chase_pct_last_50": 0.4588235294117647,
    "contact_pct_last_50": 0.37,
    "hard_hit_pct_last_50": 0.4594594594594595,
    "xwoba_last_50": 0.2977
  },
  "name": "Heliot Ramos",
  "player_id": 671218,
  "player_name": "Heliot Ramos",
  "recent_unicorns": [],
  "role": "hitter",
  "roles": [
    "hitter"
  ],
  "team_id": 137,
  "team_name": "SF"
}
