{
  "basic_batting": {
    "avg": 0.234,
    "babip": 0.3035230352303523,
    "bb": 59,
    "doubles": 30,
    "h": 133,
    "hr": 21,
    "iso": 0.17,
    "k": 179,
    "obp": 0.306,
    "ops": 0.71,
    "ops_plus": 104.81778740766083,
    "slg": 0.404,
    "triples": 2,
    "woba": 0.31425159235668787,
    "wrc_plus": 102.21105612009602
  },
  "basic_pitching": null,
  "current_team_id": 133,
  "metrics": {
    "barrel_pct_last_50": 0.025,
    "chase_pct_last_50": 0.3118279569892473,
    "contact_pct_last_50": 0.4444444444444444,
    "hard_hit_pct_last_50": 0.5,
    "xwoba_last_50": 0.29002
  },
  "name": "Lawrence Butler",
  "player_id": 671732,
  "player_name": "Lawrence Butler",
  "recent_unicorns": [],
  "role": "hitter",
  "roles": [
    "hitter"
  ],
  "team_id": 133,
  "team_name": "ATH"
}
