{
  "basic_batting": {
    "avg": 0.19047619047619047,
    "babip": 0.20833333333333334,
    "bb": 3,
    "doubles": 2,
    "h": 12,
    "hr": 2,
    "iso": 0.12698412698412698,
    "k": 15,
    "obp": 0.22058823529411764,
    "ops": 0.5380485527544351,
    "ops_plus": 54,
    "slg": 0.31746031746031744,
    "triples": 0,
    "woba": 0.23426470588235293,
    "wrc_plus": 12
  },
  "basic_pitching": null,
  "current_team_id": 144,
  "metrics": {
    "barrel_pct_last_50": 0.047619047619047616,
    "chase_pct_last_50": 0.4383561643835616,
    "contact_pct_last_50": 0.4375,
    "hard_hit_pct_last_50": 0.40476190476190477,
    "xwoba_last_50": 0.3080625
  },
  "name": "Michael Harris II",
  "player_id": 671739,
  "player_name": "Michael Harris II",
  "recent_unicorns": [
    {
      "description": "Michael Harris II: ΔBarrels = 0.692 over the last 50 AB.",
      "metric_value": 0.692308,
      "pattern_id": "UNQ-H-0560",
      "run_date": "2025-04-15",
      "score": 0.692308
    }
  ],
  "role": "hitter",
  "roles": [
    "hitter"
  ],
  "team_id": 144,
  "team_name": "ATL"
}
