{
  "basic_batting": {
    "avg": 0.2804878048780488,
    "babip": 0.3230769230769231,
    "bb": 12,
    "doubles": 5,
    "h": 23,
    "hr": 2,
    "iso": 0.1341463414634146,
    "k": 15,
    "obp": 0.3723404255319149,
    "ops": 0.7869745718733783,
    "ops_plus": 127,
    "slg": 0.4146341463414634,
    "triples": 0,
    "woba": 0.3518085106382979,
    "wrc_plus": 115
  },
  "basic_pitching": null,
  "current_team_id": 133,
  "metrics": {
    "barrel_pct_last_50": 0.0,
    "chase_pct_last_50": 0.2727272727272727,
    "contact_pct_last_50": 0.43333333333333335,
    "hard_hit_pct_last_50": 0.5384615384615384,
    "xwoba_last_50": 0.27016
  },
  "name": "Lawrence Butler",
  "player_id": 671732,
  "player_name": "Lawrence Butler",
  "recent_unicorns": [],
  "role": "hitter",
  "roles": [
    "hitter"
  ],
  "team_id": 133,
  "team_name": "ATH"
}
