{
  "basic_batting": {
    "avg": 0.249,
    "babip": 0.28085106382978725,
    "bb": 16,
    "doubles": 26,
    "h": 152,
    "hr": 20,
    "iso": 0.15999999999999998,
    "k": 128,
    "obp": 0.268,
    "ops": 0.678,
    "ops_plus": 86.45036105146502,
    "slg": 0.409,
    "triples": 6,
    "woba": 0.29346938775510206,
    "wrc_plus": 92.34849692285547
  },
  "basic_pitching": null,
  "current_team_id": 144,
  "metrics": {
    "barrel_pct_last_50": 0.047619047619047616,
    "chase_pct_last_50": 0.4383561643835616,
    "contact_pct_last_50": 0.4375,
    "hard_hit_pct_last_50": 0.40476190476190477,
    "xwoba_last_50": 0.3080625
  },
  "name": "Michael Harris II",
  "player_id": 671739,
  "player_name": "Michael Harris II",
  "recent_unicorns": [
    {
      "description": "Michael Harris II: ΔBarrels = 0.692 over the last 50 AB.",
      "metric_value": 0.692308,
      "pattern_id": "UNQ-H-0560",
      "run_date": "2025-04-15",
      "score": 0.692308
    }
  ],
  "role": "hitter",
  "roles": [
    "hitter"
  ],
  "team_id": 144,
  "team_name": "ATL"
}
