{
  "basic_batting": {
    "avg": 0.16071428571428573,
    "babip": 0.2571428571428571,
    "bb": 5,
    "doubles": 4,
    "h": 9,
    "hr": 0,
    "iso": 0.10714285714285712,
    "k": 21,
    "obp": 0.22950819672131148,
    "ops": 0.4973653395784543,
    "ops_plus": 43,
    "slg": 0.26785714285714285,
    "triples": 1,
    "woba": 0.22475409836065574,
    "wrc_plus": 98
  },
  "basic_pitching": null,
  "current_team_id": 137,
  "metrics": {
    "barrel_pct_last_50": 0.0,
    "chase_pct_last_50": 0.2826086956521739,
    "contact_pct_last_50": 0.3069306930693069,
    "hard_hit_pct_last_50": 0.41935483870967744,
    "xwoba_last_50": 0.17098
  },
  "name": "Patrick Bailey",
  "player_id": 672275,
  "player_name": "Patrick Bailey",
  "recent_unicorns": [],
  "role": "hitter",
  "roles": [
    "hitter"
  ],
  "team_id": 137,
  "team_name": "SF"
}
