{
  "basic_batting": {
    "avg": 0.25,
    "babip": 0.375,
    "bb": 1,
    "doubles": 0,
    "h": 3,
    "hr": 0,
    "iso": 0.0,
    "k": 4,
    "obp": 0.3076923076923077,
    "ops": 0.5576923076923077,
    "ops_plus": 64,
    "slg": 0.25,
    "triples": 0,
    "woba": 0.25846153846153846,
    "wrc_plus": 71
  },
  "basic_pitching": null,
  "current_team_id": 138,
  "metrics": {
    "barrel_pct_last_50": 0.0,
    "chase_pct_last_50": 0.5294117647058824,
    "contact_pct_last_50": 0.3684210526315789,
    "hard_hit_pct_last_50": 0.2857142857142857,
    "xwoba_last_50": 0.2928181818181818
  },
  "name": "Michael Siani",
  "player_id": 672279,
  "player_name": "Michael Siani",
  "recent_unicorns": [],
  "role": "hitter",
  "roles": [
    "hitter"
  ],
  "team_id": 138,
  "team_name": "STL"
}
