{
  "basic_batting": {
    "avg": 0.18,
    "babip": 0.2413793103448276,
    "bb": 5,
    "doubles": 1,
    "h": 9,
    "hr": 2,
    "iso": 0.14,
    "k": 19,
    "obp": 0.2545454545454545,
    "ops": 0.5745454545454545,
    "ops_plus": 64,
    "slg": 0.32,
    "triples": 0,
    "woba": 0.2592727272727272,
    "wrc_plus": -25
  },
  "basic_pitching": null,
  "current_team_id": 144,
  "metrics": {
    "barrel_pct_last_50": 0.0,
    "chase_pct_last_50": 0.3116883116883117,
    "contact_pct_last_50": 0.30434782608695654,
    "hard_hit_pct_last_50": 0.32142857142857145,
    "xwoba_last_50": 0.2028913043478261
  },
  "name": "Jarred Kelenic",
  "player_id": 672284,
  "player_name": "Jarred Kelenic",
  "recent_unicorns": [],
  "role": "hitter",
  "roles": [
    "hitter"
  ],
  "team_id": 144,
  "team_name": "ATL"
}
