{
  "basic_batting": {
    "avg": 0.17777777777777778,
    "babip": 0.2857142857142857,
    "bb": 4,
    "doubles": 4,
    "h": 8,
    "hr": 0,
    "iso": 0.13333333333333333,
    "k": 17,
    "obp": 0.24489795918367346,
    "ops": 0.5560090702947846,
    "ops_plus": 60,
    "slg": 0.3111111111111111,
    "triples": 1,
    "woba": 0.24755102040816324,
    "wrc_plus": 104
  },
  "basic_pitching": null,
  "current_team_id": 137,
  "metrics": {
    "barrel_pct_last_50": 0.0,
    "chase_pct_last_50": 0.26582278481012656,
    "contact_pct_last_50": 0.3181818181818182,
    "hard_hit_pct_last_50": 0.4642857142857143,
    "xwoba_last_50": 0.18631111111111112
  },
  "name": "Patrick Bailey",
  "player_id": 672275,
  "player_name": "Patrick Bailey",
  "recent_unicorns": [],
  "role": "hitter",
  "roles": [
    "hitter"
  ],
  "team_id": 137,
  "team_name": "SF"
}
