{
  "basic_batting": {
    "avg": 0.167,
    "babip": 0.22857142857142856,
    "bb": 5,
    "doubles": 2,
    "h": 10,
    "hr": 2,
    "iso": 0.13299999999999998,
    "k": 23,
    "obp": 0.231,
    "ops": 0.531,
    "ops_plus": 53.30979207055155,
    "slg": 0.3,
    "triples": 0,
    "woba": 0.23892307692307688,
    "wrc_plus": 77.71028251800331
  },
  "basic_pitching": null,
  "current_team_id": 144,
  "metrics": {
    "barrel_pct_last_50": 0.0,
    "chase_pct_last_50": 0.265625,
    "contact_pct_last_50": 0.2894736842105263,
    "hard_hit_pct_last_50": 0.22727272727272727,
    "xwoba_last_50": 0.1834871794871795
  },
  "name": "Jarred Kelenic",
  "player_id": 672284,
  "player_name": "Jarred Kelenic",
  "recent_unicorns": [],
  "role": "hitter",
  "roles": [
    "hitter"
  ],
  "team_id": 144,
  "team_name": "ATL"
}
