{
  "basic_batting": {
    "avg": 0.278,
    "babip": 0.28604118993135014,
    "bb": 57,
    "doubles": 20,
    "h": 145,
    "hr": 20,
    "iso": 0.15299999999999997,
    "k": 72,
    "obp": 0.348,
    "ops": 0.779,
    "ops_plus": 125.46048326807818,
    "slg": 0.431,
    "triples": 0,
    "woba": 0.3435314091680815,
    "wrc_plus": 111.73438415433753
  },
  "basic_pitching": null,
  "current_team_id": 141,
  "metrics": {
    "barrel_pct_last_50": 0.0,
    "chase_pct_last_50": 0.379746835443038,
    "contact_pct_last_50": 0.4574468085106383,
    "hard_hit_pct_last_50": 0.5116279069767442,
    "xwoba_last_50": 0.24034
  },
  "name": "Alejandro Kirk",
  "player_id": 672386,
  "player_name": "Alejandro Kirk",
  "recent_unicorns": [],
  "role": "hitter",
  "roles": [
    "hitter"
  ],
  "team_id": 141,
  "team_name": "TOR"
}
