{
  "basic_batting": {
    "avg": 0.2459016393442623,
    "babip": 0.2692307692307692,
    "bb": 3,
    "doubles": 2,
    "h": 15,
    "hr": 1,
    "iso": 0.08196721311475408,
    "k": 9,
    "obp": 0.2878787878787879,
    "ops": 0.6157476403378043,
    "ops_plus": 77,
    "slg": 0.32786885245901637,
    "triples": 0,
    "woba": 0.2743939393939394,
    "wrc_plus": 6
  },
  "basic_pitching": null,
  "current_team_id": 141,
  "metrics": {
    "barrel_pct_last_50": 0.0,
    "chase_pct_last_50": 0.3764705882352941,
    "contact_pct_last_50": 0.46236559139784944,
    "hard_hit_pct_last_50": 0.4883720930232558,
    "xwoba_last_50": 0.23314
  },
  "name": "Alejandro Kirk",
  "player_id": 672386,
  "player_name": "Alejandro Kirk",
  "recent_unicorns": [],
  "role": "hitter",
  "roles": [
    "hitter"
  ],
  "team_id": 141,
  "team_name": "TOR"
}
