{
  "basic_batting": {
    "avg": 0.2857142857142857,
    "babip": 0.3548387096774194,
    "bb": 4,
    "doubles": 1,
    "h": 14,
    "hr": 3,
    "iso": 0.20408163265306123,
    "k": 16,
    "obp": 0.34545454545454546,
    "ops": 0.8352504638218924,
    "ops_plus": 139,
    "slg": 0.4897959183673469,
    "triples": 0,
    "woba": 0.36272727272727273,
    "wrc_plus": 130
  },
  "basic_pitching": null,
  "current_team_id": 114,
  "metrics": {
    "barrel_pct_last_50": 0.029411764705882353,
    "chase_pct_last_50": 0.37755102040816324,
    "contact_pct_last_50": 0.35051546391752575,
    "hard_hit_pct_last_50": 0.47058823529411764,
    "xwoba_last_50": 0.29208
  },
  "name": "Gabriel Arias",
  "player_id": 672356,
  "player_name": "Gabriel Arias",
  "recent_unicorns": [],
  "role": "hitter",
  "roles": [
    "hitter"
  ],
  "team_id": 114,
  "team_name": "CLE"
}
