{
  "basic_batting": {
    "avg": 0.273972602739726,
    "babip": 0.3050847457627119,
    "bb": 9,
    "doubles": 4,
    "h": 20,
    "hr": 2,
    "iso": 0.136986301369863,
    "k": 13,
    "obp": 0.3493975903614458,
    "ops": 0.7603564944710348,
    "ops_plus": 118,
    "slg": 0.410958904109589,
    "triples": 0,
    "woba": 0.33674698795180724,
    "wrc_plus": 102
  },
  "basic_pitching": null,
  "current_team_id": 118,
  "metrics": {
    "barrel_pct_last_50": 0.025,
    "chase_pct_last_50": 0.3037974683544304,
    "contact_pct_last_50": 0.45454545454545453,
    "hard_hit_pct_last_50": 0.675,
    "xwoba_last_50": 0.33024489795918366
  },
  "name": "Maikel Garcia",
  "player_id": 672580,
  "player_name": "Maikel Garcia",
  "recent_unicorns": [],
  "role": "hitter",
  "roles": [
    "hitter"
  ],
  "team_id": 118,
  "team_name": "KC"
}
