{
  "basic_batting": {
    "avg": 0.27586206896551724,
    "babip": 0.3111111111111111,
    "bb": 2,
    "doubles": 4,
    "h": 16,
    "hr": 2,
    "iso": 0.1724137931034483,
    "k": 12,
    "obp": 0.29508196721311475,
    "ops": 0.7433578292820803,
    "ops_plus": 112,
    "slg": 0.4482758620689655,
    "triples": 0,
    "woba": 0.32065573770491806,
    "wrc_plus": 84
  },
  "basic_pitching": null,
  "current_team_id": 118,
  "metrics": {
    "barrel_pct_last_50": 0.0,
    "chase_pct_last_50": 0.32142857142857145,
    "contact_pct_last_50": 0.47619047619047616,
    "hard_hit_pct_last_50": 0.575,
    "xwoba_last_50": 0.30428
  },
  "name": "Maikel Garcia",
  "player_id": 672580,
  "player_name": "Maikel Garcia",
  "recent_unicorns": [],
  "role": "hitter",
  "roles": [
    "hitter"
  ],
  "team_id": 118,
  "team_name": "KC"
}
