{
  "basic_batting": {
    "avg": 0.28205128205128205,
    "babip": 0.2714285714285714,
    "bb": 16,
    "doubles": 3,
    "h": 22,
    "hr": 3,
    "iso": 0.15384615384615385,
    "k": 9,
    "obp": 0.3877551020408163,
    "ops": 0.8236525379382522,
    "ops_plus": 137,
    "slg": 0.4358974358974359,
    "triples": 0,
    "woba": 0.36112244897959184,
    "wrc_plus": 155
  },
  "basic_pitching": null,
  "current_team_id": 109,
  "metrics": {
    "barrel_pct_last_50": 0.022727272727272728,
    "chase_pct_last_50": 0.2823529411764706,
    "contact_pct_last_50": 0.55,
    "hard_hit_pct_last_50": 0.3409090909090909,
    "xwoba_last_50": 0.2818125
  },
  "name": "Geraldo Perdomo",
  "player_id": 672695,
  "player_name": "Geraldo Perdomo",
  "recent_unicorns": [],
  "role": "hitter",
  "roles": [
    "hitter"
  ],
  "team_id": 109,
  "team_name": "AZ"
}
