{
  "basic_batting": {
    "avg": 0.3157894736842105,
    "babip": 0.2830188679245283,
    "bb": 13,
    "doubles": 2,
    "h": 18,
    "hr": 3,
    "iso": 0.19298245614035092,
    "k": 4,
    "obp": 0.4246575342465753,
    "ops": 0.9334294640711367,
    "ops_plus": 169,
    "slg": 0.5087719298245614,
    "triples": 0,
    "woba": 0.4024657534246575,
    "wrc_plus": 225
  },
  "basic_pitching": null,
  "current_team_id": 109,
  "metrics": {
    "barrel_pct_last_50": 0.021739130434782608,
    "chase_pct_last_50": 0.21739130434782608,
    "contact_pct_last_50": 0.6351351351351351,
    "hard_hit_pct_last_50": 0.34782608695652173,
    "xwoba_last_50": 0.29929787234042554
  },
  "name": "Geraldo Perdomo",
  "player_id": 672695,
  "player_name": "Geraldo Perdomo",
  "recent_unicorns": [],
  "role": "hitter",
  "roles": [
    "hitter"
  ],
  "team_id": 109,
  "team_name": "AZ"
}
