{
  "basic_batting": {
    "avg": 0.246,
    "babip": 0.2644444444444444,
    "bb": 44,
    "doubles": 21,
    "h": 134,
    "hr": 15,
    "iso": 0.122,
    "k": 82,
    "obp": 0.305,
    "ops": 0.672,
    "ops_plus": 88.03179565632333,
    "slg": 0.368,
    "triples": 0,
    "woba": 0.2995117845117845,
    "wrc_plus": 94.24990906863204
  },
  "basic_pitching": null,
  "current_team_id": 146,
  "metrics": {
    "barrel_pct_last_50": 0.06976744186046512,
    "chase_pct_last_50": 0.3875,
    "contact_pct_last_50": 0.55,
    "hard_hit_pct_last_50": 0.32558139534883723,
    "xwoba_last_50": 0.3246938775510204
  },
  "name": "Otto Lopez",
  "player_id": 672640,
  "player_name": "Otto Lopez",
  "recent_unicorns": [
    {
      "description": "Otto Lopez: 3 barrels in the last 50 AB.",
      "metric_value": 3.0,
      "pattern_id": "UNQ-H-0500",
      "run_date": "2025-04-15",
      "score": 3.0
    }
  ],
  "role": "hitter",
  "roles": [
    "hitter"
  ],
  "team_id": 146,
  "team_name": "MIA"
}
