{
  "basic_batting": {
    "avg": 0.08695652173913043,
    "babip": 0.0625,
    "bb": 3,
    "doubles": 0,
    "h": 2,
    "hr": 1,
    "iso": 0.13043478260869565,
    "k": 6,
    "obp": 0.19230769230769232,
    "ops": 0.4096989966555184,
    "ops_plus": 18,
    "slg": 0.21739130434782608,
    "triples": 0,
    "woba": 0.19461538461538463,
    "wrc_plus": -39
  },
  "basic_pitching": null,
  "current_team_id": 134,
  "metrics": {
    "barrel_pct_last_50": 0.058823529411764705,
    "chase_pct_last_50": 0.21428571428571427,
    "contact_pct_last_50": 0.3953488372093023,
    "hard_hit_pct_last_50": 0.5882352941176471,
    "xwoba_last_50": 0.41247826086956524
  },
  "name": "Alexander Canario",
  "player_id": 672744,
  "player_name": "Alexander Canario",
  "recent_unicorns": [],
  "role": "hitter",
  "roles": [
    "hitter"
  ],
  "team_id": 134,
  "team_name": "PIT"
}
