{
  "basic_batting": {
    "avg": 0.21052631578947367,
    "babip": 0.2727272727272727,
    "bb": 1,
    "doubles": 2,
    "h": 4,
    "hr": 1,
    "iso": 0.2631578947368421,
    "k": 7,
    "obp": 0.25,
    "ops": 0.7236842105263157,
    "ops_plus": 104,
    "slg": 0.47368421052631576,
    "triples": 0,
    "woba": 0.31100000000000005,
    "wrc_plus": 118
  },
  "basic_pitching": {
    "babip": 0.5714285714285714,
    "bb": 0,
    "era": 30.86,
    "fip": 9.982729862976878,
    "h": 9,
    "hr": 1,
    "ip": 2.1,
    "whip": 3.857
  },
  "current_team_id": 147,
  "metrics": {
    "barrel_pct_last_50": 0.0,
    "chase_pct_last_50": 0.3157894736842105,
    "contact_pct_last_50": 0.2857142857142857,
    "hard_hit_pct_last_50": 0.4166666666666667,
    "xwoba_last_50": 0.22894736842105262
  },
  "name": "Oswald Peraza",
  "player_id": 672724,
  "player_name": "Oswald Peraza",
  "recent_unicorns": [
    {
      "description": "Oswald Peraza leads MLB in hard-hit rate over his last 50 PA.",
      "metric_value": 0.185185,
      "pattern_id": "UNQ-H-0002",
      "run_date": "2025-04-05",
      "score": 2.447314
    }
  ],
  "role": "hitter",
  "roles": [
    "hitter"
  ],
  "team_id": 147,
  "team_name": "NYY"
}
