{
  "basic_batting": {
    "avg": 0.10526315789473684,
    "babip": 0.07142857142857142,
    "bb": 3,
    "doubles": 0,
    "h": 2,
    "hr": 1,
    "iso": 0.15789473684210525,
    "k": 4,
    "obp": 0.22727272727272727,
    "ops": 0.49043062200956933,
    "ops_plus": 42,
    "slg": 0.2631578947368421,
    "triples": 0,
    "woba": 0.23,
    "wrc_plus": -23
  },
  "basic_pitching": null,
  "current_team_id": 134,
  "metrics": {
    "barrel_pct_last_50": 0.06666666666666667,
    "chase_pct_last_50": 0.23809523809523808,
    "contact_pct_last_50": 0.40540540540540543,
    "hard_hit_pct_last_50": 0.5333333333333333,
    "xwoba_last_50": 0.37705263157894736
  },
  "name": "Alexander Canario",
  "player_id": 672744,
  "player_name": "Alexander Canario",
  "recent_unicorns": [],
  "role": "hitter",
  "roles": [
    "hitter"
  ],
  "team_id": 134,
  "team_name": "PIT"
}
