{
  "basic_batting": {
    "avg": 0.218,
    "babip": 0.31297709923664124,
    "bb": 17,
    "doubles": 6,
    "h": 47,
    "hr": 6,
    "iso": 0.12000000000000002,
    "k": 80,
    "obp": 0.274,
    "ops": 0.611,
    "ops_plus": 77.16315556062395,
    "slg": 0.338,
    "triples": 1,
    "woba": 0.2727777777777778,
    "wrc_plus": 88.7216021521813
  },
  "basic_pitching": null,
  "current_team_id": 134,
  "metrics": {
    "barrel_pct_last_50": 0.06666666666666667,
    "chase_pct_last_50": 0.23809523809523808,
    "contact_pct_last_50": 0.40540540540540543,
    "hard_hit_pct_last_50": 0.5333333333333333,
    "xwoba_last_50": 0.37705263157894736
  },
  "name": "Alexander Canario",
  "player_id": 672744,
  "player_name": "Alexander Canario",
  "recent_unicorns": [],
  "role": "hitter",
  "roles": [
    "hitter"
  ],
  "team_id": 134,
  "team_name": "PIT"
}
