{
  "basic_batting": {
    "avg": 0.256,
    "babip": 0.27674418604651163,
    "bb": 20,
    "doubles": 25,
    "h": 139,
    "hr": 20,
    "iso": 0.16099999999999998,
    "k": 95,
    "obp": 0.284,
    "ops": 0.701,
    "ops_plus": 101.13106017409814,
    "slg": 0.417,
    "triples": 1,
    "woba": 0.3057848324514991,
    "wrc_plus": 99.45722290851322
  },
  "basic_pitching": null,
  "current_team_id": 117,
  "metrics": {
    "barrel_pct_last_50": 0.05263157894736842,
    "chase_pct_last_50": 0.42424242424242425,
    "contact_pct_last_50": 0.3917525773195876,
    "hard_hit_pct_last_50": 0.3157894736842105,
    "xwoba_last_50": 0.2143
  },
  "name": "Yainer Diaz",
  "player_id": 673237,
  "player_name": "Yainer Diaz",
  "recent_unicorns": [],
  "role": "hitter",
  "roles": [
    "hitter"
  ],
  "team_id": 117,
  "team_name": "HOU"
}
