{
  "basic_batting": {
    "avg": 0.12,
    "babip": 0.13513513513513514,
    "bb": 3,
    "doubles": 1,
    "h": 6,
    "hr": 1,
    "iso": 0.08000000000000002,
    "k": 12,
    "obp": 0.16981132075471697,
    "ops": 0.369811320754717,
    "ops_plus": 7,
    "slg": 0.2,
    "triples": 0,
    "woba": 0.16981132075471697,
    "wrc_plus": 2
  },
  "basic_pitching": null,
  "current_team_id": 117,
  "metrics": {
    "barrel_pct_last_50": 0.05263157894736842,
    "chase_pct_last_50": 0.42424242424242425,
    "contact_pct_last_50": 0.3917525773195876,
    "hard_hit_pct_last_50": 0.3157894736842105,
    "xwoba_last_50": 0.2143
  },
  "name": "Yainer Diaz",
  "player_id": 673237,
  "player_name": "Yainer Diaz",
  "recent_unicorns": [],
  "role": "hitter",
  "roles": [
    "hitter"
  ],
  "team_id": 117,
  "team_name": "HOU"
}
