{
  "basic_batting": {
    "avg": 0.223,
    "babip": 0.27413127413127414,
    "bb": 40,
    "doubles": 12,
    "h": 85,
    "hr": 14,
    "iso": 0.141,
    "k": 112,
    "obp": 0.297,
    "ops": 0.661,
    "ops_plus": 84.50093818566043,
    "slg": 0.364,
    "triples": 0,
    "woba": 0.29552693208430914,
    "wrc_plus": 92.99596181726206
  },
  "basic_pitching": null,
  "current_team_id": 145,
  "metrics": {
    "barrel_pct_last_50": 0.06666666666666667,
    "chase_pct_last_50": 0.42696629213483145,
    "contact_pct_last_50": 0.3069306930693069,
    "hard_hit_pct_last_50": 0.4,
    "xwoba_last_50": 0.23585106382978724
  },
  "name": "Luis Robert Jr.",
  "player_id": 673357,
  "player_name": "Luis Robert Jr.",
  "recent_unicorns": [],
  "role": "hitter",
  "roles": [
    "hitter"
  ],
  "team_id": 145,
  "team_name": "CWS"
}
