{
  "basic_batting": {
    "avg": 0.244,
    "babip": 0.2793017456359102,
    "bb": 72,
    "doubles": 34,
    "h": 147,
    "hr": 35,
    "iso": 0.241,
    "k": 174,
    "obp": 0.322,
    "ops": 0.807,
    "ops_plus": 131.24707238884454,
    "slg": 0.485,
    "triples": 3,
    "woba": 0.34947291361639826,
    "wrc_plus": 113.66687219696108
  },
  "basic_pitching": null,
  "current_team_id": 112,
  "metrics": {
    "barrel_pct_last_50": 0.029411764705882353,
    "chase_pct_last_50": 0.29245283018867924,
    "contact_pct_last_50": 0.3695652173913043,
    "hard_hit_pct_last_50": 0.5294117647058824,
    "xwoba_last_50": 0.3623
  },
  "name": "Seiya Suzuki",
  "player_id": 673548,
  "player_name": "Seiya Suzuki",
  "recent_unicorns": [],
  "role": "hitter",
  "roles": [
    "hitter"
  ],
  "team_id": 112,
  "team_name": "CHC"
}
