{
  "basic_batting": {
    "avg": 0.251,
    "babip": 0.31563421828908556,
    "bb": 27,
    "doubles": 23,
    "h": 121,
    "hr": 14,
    "iso": 0.139,
    "k": 129,
    "obp": 0.294,
    "ops": 0.684,
    "ops_plus": 97.26961645189493,
    "slg": 0.39,
    "triples": 1,
    "woba": 0.3017025440313112,
    "wrc_plus": 98.12944917255504
  },
  "basic_pitching": null,
  "current_team_id": 140,
  "metrics": {
    "barrel_pct_last_50": 0.08695652173913043,
    "chase_pct_last_50": 0.3939393939393939,
    "contact_pct_last_50": 0.45098039215686275,
    "hard_hit_pct_last_50": 0.34782608695652173,
    "xwoba_last_50": 0.32103225806451613
  },
  "name": "Josh Jung",
  "player_id": 673962,
  "player_name": "Josh Jung",
  "recent_unicorns": [],
  "role": "hitter",
  "roles": [
    "hitter"
  ],
  "team_id": 140,
  "team_name": "TEX"
}
