{
  "current_team_id": 140,
  "metrics": {
    "barrel_pct_last_50": 0.08695652173913043,
    "chase_pct_last_50": 0.3939393939393939,
    "contact_pct_last_50": 0.45098039215686275,
    "hard_hit_pct_last_50": 0.34782608695652173,
    "xwoba_last_50": 0.32103225806451613
  },
  "name": "Josh Jung",
  "player_id": 673962,
  "player_name": "Josh Jung",
  "recent_unicorns": [],
  "role": "hitter",
  "roles": [
    "hitter"
  ],
  "team_id": 140,
  "team_name": "TEX"
}
