{
  "basic_batting": {
    "avg": 0.09523809523809523,
    "babip": 0.125,
    "bb": 2,
    "doubles": 1,
    "h": 4,
    "hr": 0,
    "iso": 0.023809523809523808,
    "k": 11,
    "obp": 0.13333333333333333,
    "ops": 0.2523809523809524,
    "ops_plus": -26,
    "slg": 0.11904761904761904,
    "triples": 0,
    "woba": 0.11822222222222223,
    "wrc_plus": -4
  },
  "basic_pitching": {
    "babip": 0.0,
    "bb": 0,
    "era": 0.0,
    "fip": 3.1255870058340216,
    "h": 0,
    "hr": 0,
    "ip": 1.0,
    "whip": 0.0
  },
  "current_team_id": 145,
  "metrics": {
    "barrel_pct_last_50": 0.0,
    "chase_pct_last_50": 0.22580645161290322,
    "contact_pct_last_50": 0.5636363636363636,
    "hard_hit_pct_last_50": 0.25806451612903225,
    "xwoba_last_50": 0.175390243902439
  },
  "name": "Jacob Amaya",
  "player_id": 676070,
  "player_name": "Jacob Amaya",
  "recent_unicorns": [],
  "role": "hitter",
  "roles": [
    "hitter"
  ],
  "team_id": 145,
  "team_name": "CWS"
}
