{
  "basic_batting": {
    "avg": 0.10810810810810811,
    "babip": 0.13793103448275862,
    "bb": 1,
    "doubles": 1,
    "h": 4,
    "hr": 0,
    "iso": 0.02702702702702703,
    "k": 9,
    "obp": 0.1282051282051282,
    "ops": 0.26334026334026334,
    "ops_plus": -24,
    "slg": 0.13513513513513514,
    "triples": 0,
    "woba": 0.11871794871794872,
    "wrc_plus": -8
  },
  "basic_pitching": {
    "babip": 0.0,
    "bb": 0,
    "era": 0.0,
    "fip": 3.1255870058340216,
    "h": 0,
    "hr": 0,
    "ip": 1.0,
    "whip": 0.0
  },
  "current_team_id": 145,
  "metrics": {
    "barrel_pct_last_50": 0.0,
    "chase_pct_last_50": 0.22033898305084745,
    "contact_pct_last_50": 0.5686274509803921,
    "hard_hit_pct_last_50": 0.2413793103448276,
    "xwoba_last_50": 0.17826315789473685
  },
  "name": "Jacob Amaya",
  "player_id": 676070,
  "player_name": "Jacob Amaya",
  "recent_unicorns": [],
  "role": "hitter",
  "roles": [
    "hitter"
  ],
  "team_id": 145,
  "team_name": "CWS"
}
