{
  "basic_batting": {
    "avg": 0.333,
    "babip": 0.4318181818181818,
    "bb": 2,
    "doubles": 1,
    "h": 19,
    "hr": 0,
    "iso": 0.123,
    "k": 13,
    "obp": 0.356,
    "ops": 0.812,
    "ops_plus": 126.03342925549433,
    "slg": 0.456,
    "triples": 3,
    "woba": 0.3535593220338983,
    "wrc_plus": 111.25750529776228
  },
  "basic_pitching": null,
  "current_team_id": 139,
  "metrics": {
    "barrel_pct_last_50": 0.0,
    "chase_pct_last_50": 0.48717948717948717,
    "contact_pct_last_50": 0.3958333333333333,
    "hard_hit_pct_last_50": 0.10526315789473684,
    "xwoba_last_50": 0.2818695652173913
  },
  "name": "Jonny DeLuca",
  "player_id": 676356,
  "player_name": "Jonny DeLuca",
  "recent_unicorns": [],
  "role": "hitter",
  "roles": [
    "hitter"
  ],
  "team_id": 139,
  "team_name": "TB"
}
