{
  "basic_batting": {
    "avg": 0.293,
    "babip": 0.3114754098360656,
    "bb": 28,
    "doubles": 41,
    "h": 181,
    "hr": 10,
    "iso": 0.124,
    "k": 66,
    "obp": 0.325,
    "ops": 0.743,
    "ops_plus": 114.36243205230548,
    "slg": 0.417,
    "triples": 3,
    "woba": 0.32504559270516714,
    "wrc_plus": 105.72182966019155
  },
  "basic_pitching": null,
  "current_team_id": 141,
  "metrics": {
    "barrel_pct_last_50": 0.02857142857142857,
    "chase_pct_last_50": 0.37254901960784315,
    "contact_pct_last_50": 0.5384615384615384,
    "hard_hit_pct_last_50": 0.17142857142857143,
    "xwoba_last_50": 0.24658536585365853
  },
  "name": "Ernie Clement",
  "player_id": 676391,
  "player_name": "Ernie Clement",
  "recent_unicorns": [],
  "role": "hitter",
  "roles": [
    "hitter"
  ],
  "team_id": 141,
  "team_name": "TOR"
}
