{
  "basic_batting": {
    "avg": 0.2653061224489796,
    "babip": 0.3023255813953488,
    "bb": 4,
    "doubles": 3,
    "h": 13,
    "hr": 0,
    "iso": 0.061224489795918324,
    "k": 6,
    "obp": 0.32075471698113206,
    "ops": 0.64728532922603,
    "ops_plus": 88,
    "slg": 0.32653061224489793,
    "triples": 0,
    "woba": 0.2918867924528302,
    "wrc_plus": 83
  },
  "basic_pitching": {
    "babip": 0.3333333333333333,
    "bb": 0,
    "era": 0.0,
    "fip": 6.125587005834022,
    "h": 1,
    "hr": 0,
    "ip": 1.0,
    "whip": 1.0
  },
  "current_team_id": 138,
  "metrics": {
    "barrel_pct_last_50": 0.0,
    "chase_pct_last_50": 0.4067796610169492,
    "contact_pct_last_50": 0.47619047619047616,
    "hard_hit_pct_last_50": 0.4,
    "xwoba_last_50": 0.23152272727272727
  },
  "name": "Alec Burleson",
  "player_id": 676475,
  "player_name": "Alec Burleson",
  "recent_unicorns": [],
  "role": "hitter",
  "roles": [
    "hitter"
  ],
  "team_id": 138,
  "team_name": "STL"
}
