{
  "basic_batting": {
    "avg": 0.29,
    "babip": 0.3118811881188119,
    "bb": 39,
    "doubles": 26,
    "h": 144,
    "hr": 18,
    "iso": 0.16900000000000004,
    "k": 79,
    "obp": 0.343,
    "ops": 0.801,
    "ops_plus": 122.65063328366872,
    "slg": 0.459,
    "triples": 2,
    "woba": 0.35055248618784535,
    "wrc_plus": 110.3113188045105
  },
  "basic_pitching": {
    "babip": 0.3333333333333333,
    "bb": 0,
    "era": 0.0,
    "fip": 6.125587005834022,
    "h": 1,
    "hr": 0,
    "ip": 1.0,
    "whip": 1.0
  },
  "current_team_id": 138,
  "metrics": {
    "barrel_pct_last_50": 0.0,
    "chase_pct_last_50": 0.4067796610169492,
    "contact_pct_last_50": 0.47619047619047616,
    "hard_hit_pct_last_50": 0.4,
    "xwoba_last_50": 0.23152272727272727
  },
  "name": "Alec Burleson",
  "player_id": 676475,
  "player_name": "Alec Burleson",
  "recent_unicorns": [],
  "role": "hitter",
  "roles": [
    "hitter"
  ],
  "team_id": 138,
  "team_name": "STL"
}
