{
  "basic_batting": {
    "avg": 0.23255813953488372,
    "babip": 0.24324324324324326,
    "bb": 5,
    "doubles": 2,
    "h": 10,
    "hr": 1,
    "iso": 0.11627906976744187,
    "k": 5,
    "obp": 0.3125,
    "ops": 0.6613372093023255,
    "ops_plus": 91,
    "slg": 0.3488372093023256,
    "triples": 0,
    "woba": 0.2983333333333333,
    "wrc_plus": 20
  },
  "basic_pitching": null,
  "current_team_id": 146,
  "metrics": {
    "barrel_pct_last_50": 0.02857142857142857,
    "chase_pct_last_50": 0.2727272727272727,
    "contact_pct_last_50": 0.6140350877192983,
    "hard_hit_pct_last_50": 0.42857142857142855,
    "xwoba_last_50": 0.32861538461538464
  },
  "name": "Eric Wagaman",
  "player_id": 676572,
  "player_name": "Eric Wagaman",
  "recent_unicorns": [
    {
      "description": "Eric Wagaman has the best xwOBA in MLB in 3-2 counts.",
      "metric_value": 0.7278,
      "pattern_id": "UNQ-H-0021",
      "run_date": "2025-04-05",
      "score": 2.840903
    }
  ],
  "role": "hitter",
  "roles": [
    "hitter"
  ],
  "team_id": 146,
  "team_name": "MIA"
}
