{
  "basic_batting": {
    "avg": 0.3,
    "babip": 0.35294117647058826,
    "bb": 5,
    "doubles": 4,
    "h": 18,
    "hr": 0,
    "iso": 0.06666666666666665,
    "k": 10,
    "obp": 0.3484848484848485,
    "ops": 0.7151515151515151,
    "slg": 0.36666666666666664,
    "triples": 0,
    "woba": 0.34923076923076923
  },
  "basic_pitching": null,
  "current_team_id": 117,
  "metrics": {
    "barrel_pct_last_50": 0.0,
    "chase_pct_last_50": 0.20588235294117646,
    "contact_pct_last_50": 0.46153846153846156,
    "hard_hit_pct_last_50": 0.38095238095238093,
    "xwoba_last_50": 0.28991836734693877
  },
  "name": "Jake Meyers",
  "player_id": 676694,
  "player_name": "Jake Meyers",
  "recent_unicorns": [],
  "role": "hitter",
  "roles": [
    "hitter"
  ],
  "team_id": 117,
  "team_name": "HOU"
}
