{
  "current_team_id": 117,
  "metrics": {
    "barrel_pct_last_50": 0.0,
    "chase_pct_last_50": 0.22093023255813954,
    "contact_pct_last_50": 0.38461538461538464,
    "hard_hit_pct_last_50": 0.37142857142857144,
    "xwoba_last_50": 0.282734693877551
  },
  "name": "Jake Meyers",
  "player_id": 676694,
  "player_name": "Jake Meyers",
  "recent_unicorns": [],
  "role": "hitter",
  "roles": [
    "hitter"
  ],
  "team_id": 117,
  "team_name": "HOU"
}
