{
  "basic_batting": {
    "avg": 0.3333333333333333,
    "babip": 0.5333333333333333,
    "bb": 6,
    "doubles": 1,
    "h": 9,
    "hr": 1,
    "iso": 0.22222222222222227,
    "k": 11,
    "obp": 0.45454545454545453,
    "ops": 1.0101010101010102,
    "ops_plus": 191,
    "slg": 0.5555555555555556,
    "triples": 1,
    "woba": 0.4384848484848485,
    "wrc_plus": 260
  },
  "basic_pitching": {
    "babip": 0.5,
    "bb": 1,
    "era": 54.0,
    "fip": 32.12558700583402,
    "h": 5,
    "hr": 2,
    "ip": 1.0,
    "whip": 6.0
  },
  "current_team_id": 139,
  "metrics": {
    "barrel_pct_last_50": 0.0,
    "chase_pct_last_50": 0.2807017543859649,
    "contact_pct_last_50": 0.3333333333333333,
    "hard_hit_pct_last_50": 0.1875,
    "xwoba_last_50": 0.24014814814814814
  },
  "name": "José Caballero",
  "player_id": 676609,
  "player_name": "José Caballero",
  "recent_unicorns": [],
  "role": "hitter",
  "roles": [
    "hitter"
  ],
  "team_id": 139,
  "team_name": "TB"
}
