{
  "basic_batting": {
    "avg": 0.2826086956521739,
    "babip": 0.34210526315789475,
    "bb": 5,
    "doubles": 2,
    "h": 13,
    "hr": 0,
    "iso": 0.043478260869565244,
    "k": 9,
    "obp": 0.34615384615384615,
    "ops": 0.6722408026755853,
    "ops_plus": 96,
    "slg": 0.32608695652173914,
    "triples": 0,
    "woba": 0.3034615384615385,
    "wrc_plus": 90
  },
  "basic_pitching": null,
  "current_team_id": 117,
  "metrics": {
    "barrel_pct_last_50": 0.0,
    "chase_pct_last_50": 0.25757575757575757,
    "contact_pct_last_50": 0.4157303370786517,
    "hard_hit_pct_last_50": 0.3783783783783784,
    "xwoba_last_50": 0.23502173913043478
  },
  "name": "Jake Meyers",
  "player_id": 676694,
  "player_name": "Jake Meyers",
  "recent_unicorns": [],
  "role": "hitter",
  "roles": [
    "hitter"
  ],
  "team_id": 117,
  "team_name": "HOU"
}
