{
  "basic_batting": {
    "avg": 0.236,
    "babip": 0.32407407407407407,
    "bb": 47,
    "doubles": 18,
    "h": 75,
    "hr": 5,
    "iso": 0.10999999999999999,
    "k": 99,
    "obp": 0.34,
    "ops": 0.686,
    "ops_plus": 100.56276529694247,
    "slg": 0.346,
    "triples": 1,
    "woba": 0.31180592991913747,
    "wrc_plus": 101.4155987644765
  },
  "basic_pitching": {
    "babip": 0.5,
    "bb": 1,
    "era": 54.0,
    "fip": 32.12558700583402,
    "h": 5,
    "hr": 2,
    "ip": 1.0,
    "whip": 6.0
  },
  "current_team_id": 139,
  "metrics": {
    "barrel_pct_last_50": 0.0,
    "chase_pct_last_50": 0.2807017543859649,
    "contact_pct_last_50": 0.3333333333333333,
    "hard_hit_pct_last_50": 0.1875,
    "xwoba_last_50": 0.24014814814814814
  },
  "name": "José Caballero",
  "player_id": 676609,
  "player_name": "José Caballero",
  "recent_unicorns": [],
  "role": "hitter",
  "roles": [
    "hitter"
  ],
  "team_id": 139,
  "team_name": "TB"
}
