{
  "basic_batting": {
    "avg": 0.21621621621621623,
    "babip": 0.2692307692307692,
    "bb": 0,
    "doubles": 2,
    "h": 8,
    "hr": 1,
    "iso": 0.13513513513513514,
    "k": 11,
    "obp": 0.23076923076923078,
    "ops": 0.5821205821205822,
    "ops_plus": 66,
    "slg": 0.35135135135135137,
    "triples": 0,
    "woba": 0.25153846153846154,
    "wrc_plus": -14
  },
  "basic_pitching": null,
  "current_team_id": 110,
  "metrics": {
    "barrel_pct_last_50": 0.037037037037037035,
    "chase_pct_last_50": 0.40476190476190477,
    "contact_pct_last_50": 0.3068181818181818,
    "hard_hit_pct_last_50": 0.4444444444444444,
    "xwoba_last_50": 0.26682051282051283
  },
  "name": "Heston Kjerstad",
  "player_id": 677008,
  "player_name": "Heston Kjerstad",
  "recent_unicorns": [],
  "role": "hitter",
  "roles": [
    "hitter"
  ],
  "team_id": 110,
  "team_name": "BAL"
}
