{
  "basic_batting": {
    "avg": 0.192,
    "babip": 0.24074074074074073,
    "bb": 6,
    "doubles": 5,
    "h": 30,
    "hr": 4,
    "iso": 0.135,
    "k": 45,
    "obp": 0.24,
    "ops": 0.566,
    "ops_plus": 63.30284715094842,
    "slg": 0.327,
    "triples": 2,
    "woba": 0.2510179640718563,
    "wrc_plus": 81.64417249405457
  },
  "basic_pitching": null,
  "current_team_id": 110,
  "metrics": {
    "barrel_pct_last_50": 0.037037037037037035,
    "chase_pct_last_50": 0.40476190476190477,
    "contact_pct_last_50": 0.3068181818181818,
    "hard_hit_pct_last_50": 0.4444444444444444,
    "xwoba_last_50": 0.26682051282051283
  },
  "name": "Heston Kjerstad",
  "player_id": 677008,
  "player_name": "Heston Kjerstad",
  "recent_unicorns": [],
  "role": "hitter",
  "roles": [
    "hitter"
  ],
  "team_id": 110,
  "team_name": "BAL"
}
