{
  "basic_batting": {
    "avg": 0.19,
    "babip": 0.29508196721311475,
    "bb": 10,
    "doubles": 4,
    "h": 24,
    "hr": 6,
    "iso": 0.191,
    "k": 59,
    "obp": 0.266,
    "ops": 0.647,
    "ops_plus": 85.87068840992893,
    "slg": 0.381,
    "triples": 1,
    "woba": 0.2872661870503598,
    "wrc_plus": 93.43399072639717
  },
  "basic_pitching": null,
  "current_team_id": 108,
  "metrics": {
    "barrel_pct_last_50": 0.034482758620689655,
    "chase_pct_last_50": 0.328125,
    "contact_pct_last_50": 0.3918918918918919,
    "hard_hit_pct_last_50": 0.5862068965517241,
    "xwoba_last_50": 0.3637674418604651
  },
  "name": "Kyren Paris",
  "player_id": 677347,
  "player_name": "Kyren Paris",
  "recent_unicorns": [],
  "role": "hitter",
  "roles": [
    "hitter"
  ],
  "team_id": 108,
  "team_name": "LAA"
}
