{
  "basic_batting": {
    "avg": 0.2,
    "babip": 0.24390243902439024,
    "bb": 10,
    "doubles": 1,
    "h": 13,
    "hr": 3,
    "iso": 0.2153846153846154,
    "k": 21,
    "obp": 0.3246753246753247,
    "ops": 0.7400599400599401,
    "ops_plus": 113,
    "slg": 0.4153846153846154,
    "triples": 2,
    "woba": 0.3296103896103896,
    "wrc_plus": 110
  },
  "basic_pitching": null,
  "current_team_id": 136,
  "metrics": {
    "barrel_pct_last_50": 0.0,
    "chase_pct_last_50": 0.5,
    "contact_pct_last_50": 0.30701754385964913,
    "hard_hit_pct_last_50": 0.5142857142857142,
    "xwoba_last_50": 0.28562
  },
  "name": "Julio Rodríguez",
  "player_id": 677594,
  "player_name": "Julio Rodríguez",
  "recent_unicorns": [],
  "role": "hitter",
  "roles": [
    "hitter"
  ],
  "team_id": 136,
  "team_name": "SEA"
}
