{
  "basic_batting": {
    "avg": 0.263,
    "babip": 0.298989898989899,
    "bb": 51,
    "doubles": 33,
    "h": 184,
    "hr": 36,
    "iso": 0.21299999999999997,
    "k": 171,
    "obp": 0.323,
    "ops": 0.799,
    "ops_plus": 129.20691957780565,
    "slg": 0.476,
    "triples": 4,
    "woba": 0.34850980392156866,
    "wrc_plus": 113.35361854459356
  },
  "basic_pitching": null,
  "current_team_id": 136,
  "metrics": {
    "barrel_pct_last_50": 0.0,
    "chase_pct_last_50": 0.5,
    "contact_pct_last_50": 0.30701754385964913,
    "hard_hit_pct_last_50": 0.5142857142857142,
    "xwoba_last_50": 0.28562
  },
  "name": "Julio Rodríguez",
  "player_id": 677594,
  "player_name": "Julio Rodríguez",
  "recent_unicorns": [],
  "role": "hitter",
  "roles": [
    "hitter"
  ],
  "team_id": 136,
  "team_name": "SEA"
}
