{
  "basic_batting": {
    "avg": 0.22727272727272727,
    "babip": 0.2631578947368421,
    "bb": 3,
    "doubles": 2,
    "h": 10,
    "hr": 0,
    "iso": 0.04545454545454544,
    "k": 7,
    "obp": 0.3,
    "ops": 0.5727272727272728,
    "ops_plus": 67,
    "slg": 0.2727272727272727,
    "triples": 0,
    "woba": 0.26339999999999997,
    "wrc_plus": 75
  },
  "basic_pitching": null,
  "current_team_id": 114,
  "metrics": {
    "barrel_pct_last_50": 0.0,
    "chase_pct_last_50": 0.5070422535211268,
    "contact_pct_last_50": 0.3838383838383838,
    "hard_hit_pct_last_50": 0.3157894736842105,
    "xwoba_last_50": 0.2876808510638298
  },
  "name": "Brayan Rocchio",
  "player_id": 677587,
  "player_name": "Brayan Rocchio",
  "recent_unicorns": [],
  "role": "hitter",
  "roles": [
    "hitter"
  ],
  "team_id": 114,
  "team_name": "CLE"
}
