{
  "basic_batting": {
    "avg": 0.2222222222222222,
    "babip": 0.2553191489361702,
    "bb": 4,
    "doubles": 2,
    "h": 12,
    "hr": 0,
    "iso": 0.037037037037037035,
    "k": 9,
    "obp": 0.2903225806451613,
    "ops": 0.5495818399044206,
    "slg": 0.25925925925925924,
    "triples": 0,
    "woba": 0.2532258064516129
  },
  "basic_pitching": null,
  "current_team_id": 114,
  "metrics": {
    "barrel_pct_last_50": 0.0,
    "chase_pct_last_50": 0.40963855421686746,
    "contact_pct_last_50": 0.4020618556701031,
    "hard_hit_pct_last_50": 0.3076923076923077,
    "xwoba_last_50": 0.30774
  },
  "name": "Brayan Rocchio",
  "player_id": 677587,
  "player_name": "Brayan Rocchio",
  "recent_unicorns": [],
  "role": "hitter",
  "roles": [
    "hitter"
  ],
  "team_id": 114,
  "team_name": "CLE"
}
