{
  "basic_batting": {
    "avg": 0.249,
    "babip": 0.3235294117647059,
    "bb": 21,
    "doubles": 19,
    "h": 108,
    "hr": 9,
    "iso": 0.121,
    "k": 122,
    "obp": 0.289,
    "ops": 0.659,
    "ops_plus": 90.40521407483433,
    "slg": 0.37,
    "triples": 3,
    "woba": 0.29051835853131747,
    "wrc_plus": 94.49176701086878
  },
  "basic_pitching": null,
  "current_team_id": 109,
  "metrics": {
    "barrel_pct_last_50": 0.0,
    "chase_pct_last_50": 0.42592592592592593,
    "contact_pct_last_50": 0.40298507462686567,
    "hard_hit_pct_last_50": 0.4444444444444444,
    "xwoba_last_50": 0.38132352941176473
  },
  "name": "Alek Thomas",
  "player_id": 677950,
  "player_name": "Alek Thomas",
  "recent_unicorns": [],
  "role": "hitter",
  "roles": [
    "hitter"
  ],
  "team_id": 109,
  "team_name": "AZ"
}
