{
  "basic_batting": {
    "avg": 0.295,
    "babip": 0.33402489626556015,
    "bb": 49,
    "doubles": 47,
    "h": 184,
    "hr": 23,
    "iso": 0.20600000000000002,
    "k": 125,
    "obp": 0.351,
    "ops": 0.852,
    "ops_plus": 135.60088042633814,
    "slg": 0.501,
    "triples": 6,
    "woba": 0.3688500727802038,
    "wrc_plus": 116.06917529525353
  },
  "basic_pitching": null,
  "current_team_id": 118,
  "metrics": {
    "barrel_pct_last_50": 0.0,
    "chase_pct_last_50": 0.4,
    "contact_pct_last_50": 0.4095238095238095,
    "hard_hit_pct_last_50": 0.5952380952380952,
    "xwoba_last_50": 0.4027551020408163
  },
  "name": "Bobby Witt Jr.",
  "player_id": 677951,
  "player_name": "Bobby Witt Jr.",
  "recent_unicorns": [
    {
      "description": "Bobby Witt Jr.: 7 balls hit 100+ mph vs breaking balls (last 50 AB).",
      "metric_value": 7.0,
      "pattern_id": "UNQ-H-0526",
      "run_date": "2025-04-15",
      "score": 7.0
    }
  ],
  "role": "hitter",
  "roles": [
    "hitter"
  ],
  "team_id": 118,
  "team_name": "KC"
}
