{
  "basic_batting": {
    "avg": 0.15517241379310345,
    "babip": 0.225,
    "bb": 7,
    "doubles": 4,
    "h": 9,
    "hr": 0,
    "iso": 0.06896551724137931,
    "k": 18,
    "obp": 0.25757575757575757,
    "ops": 0.48171368861024033,
    "ops_plus": 41,
    "slg": 0.22413793103448276,
    "triples": 0,
    "woba": 0.22848484848484849,
    "wrc_plus": 84
  },
  "basic_pitching": null,
  "current_team_id": 145,
  "metrics": {
    "barrel_pct_last_50": 0.0,
    "chase_pct_last_50": 0.25301204819277107,
    "contact_pct_last_50": 0.3645833333333333,
    "hard_hit_pct_last_50": 0.4857142857142857,
    "xwoba_last_50": 0.22662
  },
  "name": "Miguel Vargas",
  "player_id": 678246,
  "player_name": "Miguel Vargas",
  "recent_unicorns": [],
  "role": "hitter",
  "roles": [
    "hitter"
  ],
  "team_id": 145,
  "team_name": "CWS"
}
