{
  "basic_batting": {
    "avg": 0.233,
    "babip": 0.3028571428571429,
    "bb": 15,
    "doubles": 10,
    "h": 56,
    "hr": 3,
    "iso": 0.088,
    "k": 63,
    "obp": 0.299,
    "ops": 0.62,
    "ops_plus": 80.76786786786786,
    "slg": 0.321,
    "triples": 1,
    "woba": 0.28071969696969695,
    "wrc_plus": 91.30472970975036
  },
  "basic_pitching": null,
  "current_team_id": 139,
  "metrics": {
    "barrel_pct_last_50": 0.0,
    "chase_pct_last_50": 0.3125,
    "contact_pct_last_50": 0.3333333333333333,
    "hard_hit_pct_last_50": 0.42857142857142855,
    "xwoba_last_50": 0.2813333333333333
  },
  "name": "Curtis Mead",
  "player_id": 678554,
  "player_name": "Curtis Mead",
  "recent_unicorns": [],
  "role": "hitter",
  "roles": [
    "hitter"
  ],
  "team_id": 139,
  "team_name": "TB"
}
