{
  "basic_batting": {
    "avg": 0.13793103448275862,
    "babip": 0.21052631578947367,
    "bb": 3,
    "doubles": 1,
    "h": 4,
    "hr": 0,
    "iso": 0.03448275862068967,
    "k": 10,
    "obp": 0.2647058823529412,
    "ops": 0.43711967545638947,
    "ops_plus": 30,
    "slg": 0.1724137931034483,
    "triples": 0,
    "woba": 0.2191176470588235,
    "wrc_plus": -29
  },
  "basic_pitching": null,
  "current_team_id": 139,
  "metrics": {
    "barrel_pct_last_50": 0.05555555555555555,
    "chase_pct_last_50": 0.3181818181818182,
    "contact_pct_last_50": 0.27941176470588236,
    "hard_hit_pct_last_50": 0.3888888888888889,
    "xwoba_last_50": 0.2782413793103448
  },
  "name": "Curtis Mead",
  "player_id": 678554,
  "player_name": "Curtis Mead",
  "recent_unicorns": [],
  "role": "hitter",
  "roles": [
    "hitter"
  ],
  "team_id": 139,
  "team_name": "TB"
}
