{
  "current_team_id": 139,
  "metrics": {
    "barrel_pct_last_50": 0.0,
    "chase_pct_last_50": 0.2727272727272727,
    "contact_pct_last_50": 0.3333333333333333,
    "hard_hit_pct_last_50": 0.42857142857142855,
    "xwoba_last_50": 0.3169565217391304
  },
  "name": "Curtis Mead",
  "player_id": 678554,
  "player_name": "Curtis Mead",
  "recent_unicorns": [],
  "role": "hitter",
  "roles": [
    "hitter"
  ],
  "team_id": 139,
  "team_name": "TB"
}
