{
  "basic_batting": {
    "avg": 0.18181818181818182,
    "babip": 0.26666666666666666,
    "bb": 2,
    "doubles": 1,
    "h": 4,
    "hr": 0,
    "iso": 0.04545454545454544,
    "k": 7,
    "obp": 0.28,
    "ops": 0.5072727272727273,
    "ops_plus": 49,
    "slg": 0.22727272727272727,
    "triples": 0,
    "woba": 0.24159999999999995,
    "wrc_plus": 18
  },
  "basic_pitching": null,
  "current_team_id": 139,
  "metrics": {
    "barrel_pct_last_50": 0.0,
    "chase_pct_last_50": 0.3125,
    "contact_pct_last_50": 0.3333333333333333,
    "hard_hit_pct_last_50": 0.42857142857142855,
    "xwoba_last_50": 0.2813333333333333
  },
  "name": "Curtis Mead",
  "player_id": 678554,
  "player_name": "Curtis Mead",
  "recent_unicorns": [],
  "role": "hitter",
  "roles": [
    "hitter"
  ],
  "team_id": 139,
  "team_name": "TB"
}
