{
  "basic_batting": {
    "avg": 0.21212121212121213,
    "babip": 0.2641509433962264,
    "bb": 3,
    "doubles": 4,
    "h": 14,
    "hr": 0,
    "iso": 0.09090909090909091,
    "k": 13,
    "obp": 0.2571428571428571,
    "ops": 0.5601731601731601,
    "ops_plus": 61,
    "slg": 0.30303030303030304,
    "triples": 1,
    "woba": 0.25,
    "wrc_plus": 44
  },
  "basic_pitching": null,
  "current_team_id": 115,
  "metrics": {
    "barrel_pct_last_50": 0.02564102564102564,
    "chase_pct_last_50": 0.44086021505376344,
    "contact_pct_last_50": 0.3786407766990291,
    "hard_hit_pct_last_50": 0.4358974358974359,
    "xwoba_last_50": 0.30342
  },
  "name": "Ezequiel Tovar",
  "player_id": 678662,
  "player_name": "Ezequiel Tovar",
  "recent_unicorns": [
    {
      "description": "Ezequiel Tovar leads MLB in hard-hit rate over his last 50 PA.",
      "metric_value": 0.15,
      "pattern_id": "UNQ-H-0002",
      "run_date": "2025-04-03",
      "score": 2.059902
    }
  ],
  "role": "hitter",
  "roles": [
    "hitter"
  ],
  "team_id": 115,
  "team_name": "COL"
}
