{
  "basic_batting": {
    "avg": 0.253,
    "babip": 0.3215686274509804,
    "bb": 21,
    "doubles": 18,
    "h": 91,
    "hr": 9,
    "iso": 0.14700000000000002,
    "k": 98,
    "obp": 0.294,
    "ops": 0.694,
    "ops_plus": 99.89502667224185,
    "slg": 0.4,
    "triples": 4,
    "woba": 0.304296875,
    "wrc_plus": 98.97326131124989
  },
  "basic_pitching": null,
  "current_team_id": 115,
  "metrics": {
    "barrel_pct_last_50": 0.02564102564102564,
    "chase_pct_last_50": 0.44086021505376344,
    "contact_pct_last_50": 0.3786407766990291,
    "hard_hit_pct_last_50": 0.4358974358974359,
    "xwoba_last_50": 0.30342
  },
  "name": "Ezequiel Tovar",
  "player_id": 678662,
  "player_name": "Ezequiel Tovar",
  "recent_unicorns": [
    {
      "description": "Ezequiel Tovar leads MLB in hard-hit rate over his last 50 PA.",
      "metric_value": 0.15,
      "pattern_id": "UNQ-H-0002",
      "run_date": "2025-04-03",
      "score": 2.059902
    }
  ],
  "role": "hitter",
  "roles": [
    "hitter"
  ],
  "team_id": 115,
  "team_name": "COL"
}
