{
  "basic_batting": {
    "avg": 0.1875,
    "babip": 0.2222222222222222,
    "bb": 2,
    "doubles": 0,
    "h": 6,
    "hr": 0,
    "iso": 0.0,
    "k": 6,
    "obp": 0.22857142857142856,
    "ops": 0.41607142857142854,
    "ops_plus": 22,
    "slg": 0.1875,
    "triples": 0,
    "woba": 0.192,
    "wrc_plus": 40
  },
  "basic_pitching": null,
  "current_team_id": 114,
  "metrics": {
    "barrel_pct_last_50": 0.0,
    "chase_pct_last_50": 0.4117647058823529,
    "contact_pct_last_50": 0.4153846153846154,
    "hard_hit_pct_last_50": 0.5555555555555556,
    "xwoba_last_50": 0.16684848484848486
  },
  "name": "Jhonkensy Noel",
  "player_id": 678877,
  "player_name": "Jhonkensy Noel",
  "recent_unicorns": [
    {
      "description": "Jhonkensy Noel: second-highest exit velocity = 116.100 mph (last 50 AB).",
      "metric_value": 116.1,
      "pattern_id": "UNQ-H-0581",
      "run_date": "2025-04-15",
      "score": 116.1
    }
  ],
  "role": "hitter",
  "roles": [
    "hitter"
  ],
  "team_id": 114,
  "team_name": "CLE"
}
