{
  "basic_batting": {
    "avg": 0.25,
    "babip": 0.36363636363636365,
    "bb": 2,
    "doubles": 0,
    "h": 4,
    "hr": 0,
    "iso": 0.0,
    "k": 5,
    "obp": 0.3333333333333333,
    "ops": 0.5833333333333333,
    "ops_plus": 72,
    "slg": 0.25,
    "triples": 0,
    "woba": 0.27444444444444444,
    "wrc_plus": 89
  },
  "basic_pitching": null,
  "current_team_id": 143,
  "metrics": {
    "barrel_pct_last_50": 0.0,
    "chase_pct_last_50": 0.3076923076923077,
    "contact_pct_last_50": 0.3870967741935484,
    "hard_hit_pct_last_50": 0.4166666666666667,
    "xwoba_last_50": 0.1514375
  },
  "name": "Johan Rojas",
  "player_id": 679032,
  "player_name": "Johan Rojas",
  "recent_unicorns": [],
  "role": "hitter",
  "roles": [
    "hitter"
  ],
  "team_id": 143,
  "team_name": "PHI"
}
