{
  "basic_batting": {
    "avg": 0.224,
    "babip": 0.2894736842105263,
    "bb": 13,
    "doubles": 3,
    "h": 34,
    "hr": 1,
    "iso": 0.06499999999999997,
    "k": 40,
    "obp": 0.28,
    "ops": 0.569,
    "ops_plus": 66.23494380456405,
    "slg": 0.289,
    "triples": 2,
    "woba": 0.25619047619047625,
    "wrc_plus": 83.3265440055983
  },
  "basic_pitching": null,
  "current_team_id": 143,
  "metrics": {
    "barrel_pct_last_50": 0.0,
    "chase_pct_last_50": 0.3076923076923077,
    "contact_pct_last_50": 0.3870967741935484,
    "hard_hit_pct_last_50": 0.4166666666666667,
    "xwoba_last_50": 0.1514375
  },
  "name": "Johan Rojas",
  "player_id": 679032,
  "player_name": "Johan Rojas",
  "recent_unicorns": [],
  "role": "hitter",
  "roles": [
    "hitter"
  ],
  "team_id": 143,
  "team_name": "PHI"
}
