{
  "current_team_id": 143,
  "metrics": {
    "barrel_pct_last_50": 0.0,
    "chase_pct_last_50": 0.2571428571428571,
    "contact_pct_last_50": 0.36363636363636365,
    "hard_hit_pct_last_50": 0.4166666666666667,
    "xwoba_last_50": 0.21138888888888888
  },
  "name": "Johan Rojas",
  "player_id": 679032,
  "player_name": "Johan Rojas",
  "recent_unicorns": [],
  "role": "hitter",
  "roles": [
    "hitter"
  ],
  "team_id": 143,
  "team_name": "PHI"
}
