{
  "basic_batting": {
    "avg": 0.2,
    "babip": 0.1875,
    "bb": 5,
    "doubles": 1,
    "h": 6,
    "hr": 3,
    "iso": 0.3333333333333333,
    "k": 11,
    "obp": 0.3333333333333333,
    "ops": 0.8666666666666667,
    "ops_plus": 146,
    "slg": 0.5333333333333333,
    "triples": 0,
    "woba": 0.3755555555555556,
    "wrc_plus": 226
  },
  "basic_pitching": null,
  "current_team_id": 113,
  "metrics": {
    "barrel_pct_last_50": 0.05263157894736842,
    "chase_pct_last_50": 0.23636363636363636,
    "contact_pct_last_50": 0.38,
    "hard_hit_pct_last_50": 0.5789473684210527,
    "xwoba_last_50": 0.37070967741935484
  },
  "name": "Matt McLain",
  "player_id": 680574,
  "player_name": "Matt McLain",
  "recent_unicorns": [],
  "role": "hitter",
  "roles": [
    "hitter"
  ],
  "team_id": 113,
  "team_name": "CIN"
}
