{
  "basic_batting": {
    "avg": 0.10526315789473684,
    "babip": 0.15384615384615385,
    "bb": 0,
    "doubles": 0,
    "h": 2,
    "hr": 0,
    "iso": 0.0,
    "k": 6,
    "obp": 0.10526315789473684,
    "ops": 0.21052631578947367,
    "ops_plus": -39,
    "slg": 0.10526315789473684,
    "triples": 0,
    "woba": 0.09368421052631579,
    "wrc_plus": -46
  },
  "basic_pitching": null,
  "current_team_id": 142,
  "metrics": {
    "barrel_pct_last_50": 0.0,
    "chase_pct_last_50": 0.2972972972972973,
    "contact_pct_last_50": 0.35135135135135137,
    "hard_hit_pct_last_50": 0.23076923076923078,
    "xwoba_last_50": 0.1371111111111111
  },
  "name": "DaShawn Keirsey Jr.",
  "player_id": 680577,
  "player_name": "DaShawn Keirsey Jr.",
  "recent_unicorns": [],
  "role": "hitter",
  "roles": [
    "hitter"
  ],
  "team_id": 142,
  "team_name": "MIN"
}
