{
  "basic_batting": {
    "avg": 0.2631578947368421,
    "babip": 0.3333333333333333,
    "bb": 3,
    "doubles": 3,
    "h": 10,
    "hr": 0,
    "iso": 0.07894736842105265,
    "k": 8,
    "obp": 0.3333333333333333,
    "ops": 0.6754385964912281,
    "ops_plus": 96,
    "slg": 0.34210526315789475,
    "triples": 0,
    "woba": 0.30547619047619046,
    "wrc_plus": 140
  },
  "basic_pitching": null,
  "current_team_id": 142,
  "metrics": {
    "barrel_pct_last_50": 0.06896551724137931,
    "chase_pct_last_50": 0.30434782608695654,
    "contact_pct_last_50": 0.38461538461538464,
    "hard_hit_pct_last_50": 0.41379310344827586,
    "xwoba_last_50": 0.37157894736842106
  },
  "name": "Ryan Jeffers",
  "player_id": 680777,
  "player_name": "Ryan Jeffers",
  "recent_unicorns": [],
  "role": "hitter",
  "roles": [
    "hitter"
  ],
  "team_id": 142,
  "team_name": "MIN"
}
