{
  "basic_batting": {
    "avg": 0.27,
    "babip": 0.28097731239092494,
    "bb": 55,
    "doubles": 31,
    "h": 172,
    "hr": 11,
    "iso": 0.10399999999999998,
    "k": 60,
    "obp": 0.328,
    "ops": 0.701,
    "ops_plus": 104.04131726663373,
    "slg": 0.374,
    "triples": 1,
    "woba": 0.311980056980057,
    "wrc_plus": 101.47223399315489
  },
  "basic_pitching": null,
  "current_team_id": 114,
  "metrics": {
    "barrel_pct_last_50": 0.0,
    "chase_pct_last_50": 0.24324324324324326,
    "contact_pct_last_50": 0.5189873417721519,
    "hard_hit_pct_last_50": 0.2682926829268293,
    "xwoba_last_50": 0.3157142857142857
  },
  "name": "Steven Kwan",
  "player_id": 680757,
  "player_name": "Steven Kwan",
  "recent_unicorns": [],
  "role": "hitter",
  "roles": [
    "hitter"
  ],
  "team_id": 114,
  "team_name": "CLE"
}
