{
  "basic_batting": {
    "avg": 0.287,
    "babip": 0.3152454780361757,
    "bb": 42,
    "doubles": 32,
    "h": 132,
    "hr": 10,
    "iso": 0.135,
    "k": 67,
    "obp": 0.353,
    "ops": 0.775,
    "ops_plus": 124.71119600613267,
    "slg": 0.422,
    "triples": 0,
    "woba": 0.3426120857699805,
    "wrc_plus": 111.43537209609737
  },
  "basic_pitching": null,
  "current_team_id": 138,
  "metrics": {
    "barrel_pct_last_50": 0.023809523809523808,
    "chase_pct_last_50": 0.2727272727272727,
    "contact_pct_last_50": 0.4375,
    "hard_hit_pct_last_50": 0.42857142857142855,
    "xwoba_last_50": 0.35718
  },
  "name": "Brendan Donovan",
  "player_id": 680977,
  "player_name": "Brendan Donovan",
  "recent_unicorns": [],
  "role": "hitter",
  "roles": [
    "hitter"
  ],
  "team_id": 138,
  "team_name": "STL"
}
