{
  "basic_batting": {
    "avg": 0.26785714285714285,
    "babip": 0.34146341463414637,
    "bb": 6,
    "doubles": 3,
    "h": 15,
    "hr": 1,
    "iso": 0.14285714285714285,
    "k": 14,
    "obp": 0.3387096774193548,
    "ops": 0.7494239631336406,
    "ops_plus": 116,
    "slg": 0.4107142857142857,
    "triples": 1,
    "woba": 0.3317741935483871,
    "wrc_plus": 112
  },
  "basic_pitching": null,
  "current_team_id": 143,
  "metrics": {
    "barrel_pct_last_50": 0.0,
    "chase_pct_last_50": 0.22727272727272727,
    "contact_pct_last_50": 0.41304347826086957,
    "hard_hit_pct_last_50": 0.18421052631578946,
    "xwoba_last_50": 0.19202
  },
  "name": "Bryson Stott",
  "player_id": 681082,
  "player_name": "Bryson Stott",
  "recent_unicorns": [],
  "role": "hitter",
  "roles": [
    "hitter"
  ],
  "team_id": 143,
  "team_name": "PHI"
}
