{
  "basic_batting": {
    "avg": 0.2876712328767123,
    "babip": 0.37037037037037035,
    "bb": 8,
    "doubles": 4,
    "h": 21,
    "hr": 1,
    "iso": 0.1232876712328767,
    "k": 19,
    "obp": 0.35365853658536583,
    "ops": 0.7646174406949549,
    "ops_plus": 120,
    "slg": 0.410958904109589,
    "triples": 1,
    "woba": 0.33743902439024387,
    "wrc_plus": 129
  },
  "basic_pitching": null,
  "current_team_id": 143,
  "metrics": {
    "barrel_pct_last_50": 0.0,
    "chase_pct_last_50": 0.18181818181818182,
    "contact_pct_last_50": 0.42696629213483145,
    "hard_hit_pct_last_50": 0.23684210526315788,
    "xwoba_last_50": 0.24698
  },
  "name": "Bryson Stott",
  "player_id": 681082,
  "player_name": "Bryson Stott",
  "recent_unicorns": [],
  "role": "hitter",
  "roles": [
    "hitter"
  ],
  "team_id": 143,
  "team_name": "PHI"
}
