{
  "basic_batting": {
    "avg": 0.0975609756097561,
    "babip": 0.15384615384615385,
    "bb": 5,
    "doubles": 0,
    "h": 4,
    "hr": 0,
    "iso": 0.0,
    "k": 15,
    "obp": 0.1956521739130435,
    "ops": 0.2932131495227996,
    "ops_plus": -12,
    "slg": 0.0975609756097561,
    "triples": 0,
    "woba": 0.15239130434782608,
    "wrc_plus": 19
  },
  "basic_pitching": {
    "babip": 0.4482758620689655,
    "bb": 3,
    "era": 15.0,
    "fip": 7.125587005834022,
    "h": 14,
    "hr": 1,
    "ip": 6.0,
    "whip": 2.833
  },
  "current_team_id": 146,
  "metrics": {
    "barrel_pct_last_50": 0.0,
    "chase_pct_last_50": 0.25287356321839083,
    "contact_pct_last_50": 0.3333333333333333,
    "hard_hit_pct_last_50": 0.28,
    "xwoba_last_50": 0.14925
  },
  "name": "Jonah Bride",
  "player_id": 681146,
  "player_name": "Jonah Bride",
  "recent_unicorns": [],
  "role": "hitter",
  "roles": [
    "hitter"
  ],
  "team_id": 146,
  "team_name": "MIA"
}
