{
  "basic_batting": {
    "avg": 0.17,
    "babip": 0.25675675675675674,
    "bb": 11,
    "doubles": 2,
    "h": 19,
    "hr": 0,
    "iso": 0.017999999999999988,
    "k": 39,
    "obp": 0.248,
    "ops": 0.436,
    "ops_plus": 29.39137618631289,
    "slg": 0.188,
    "triples": 0,
    "woba": 0.20784,
    "wrc_plus": 67.60043996814024
  },
  "basic_pitching": {
    "babip": 0.4482758620689655,
    "bb": 3,
    "era": 15.0,
    "fip": 7.125587005834022,
    "h": 14,
    "hr": 1,
    "ip": 6.0,
    "whip": 2.833
  },
  "current_team_id": 146,
  "metrics": {
    "barrel_pct_last_50": 0.0,
    "chase_pct_last_50": 0.25287356321839083,
    "contact_pct_last_50": 0.3333333333333333,
    "hard_hit_pct_last_50": 0.28,
    "xwoba_last_50": 0.14925
  },
  "name": "Jonah Bride",
  "player_id": 681146,
  "player_name": "Jonah Bride",
  "recent_unicorns": [],
  "role": "hitter",
  "roles": [
    "hitter"
  ],
  "team_id": 146,
  "team_name": "MIA"
}
