{
  "basic_batting": {
    "avg": 0.3333333333333333,
    "babip": 0.44,
    "bb": 1,
    "doubles": 1,
    "h": 16,
    "hr": 5,
    "iso": 0.3333333333333333,
    "k": 18,
    "obp": 0.3469387755102041,
    "ops": 1.0136054421768708,
    "ops_plus": 185,
    "slg": 0.6666666666666666,
    "triples": 0,
    "woba": 0.4359183673469388,
    "wrc_plus": 130
  },
  "basic_pitching": null,
  "current_team_id": 108,
  "metrics": {
    "barrel_pct_last_50": 0.1,
    "chase_pct_last_50": 0.35353535353535354,
    "contact_pct_last_50": 0.2777777777777778,
    "hard_hit_pct_last_50": 0.5333333333333333,
    "xwoba_last_50": 0.3602708333333333
  },
  "name": "Logan O'Hoppe",
  "player_id": 681351,
  "player_name": "Logan O'Hoppe",
  "recent_unicorns": [
    {
      "description": "Logan O'Hoppe: barrel rate vs 95+ mph fastballs: 2 barrels (last 50 AB).",
      "metric_value": 2.0,
      "pattern_id": "UNQ-H-0520",
      "run_date": "2025-04-15",
      "score": 2.0
    }
  ],
  "role": "hitter",
  "roles": [
    "hitter"
  ],
  "team_id": 108,
  "team_name": "LAA"
}
