{
  "basic_batting": {
    "avg": 0.24,
    "babip": 0.2975609756097561,
    "bb": 21,
    "doubles": 15,
    "h": 72,
    "hr": 11,
    "iso": 0.16699999999999998,
    "k": 86,
    "obp": 0.29,
    "ops": 0.697,
    "ops_plus": 100.44194827739128,
    "slg": 0.407,
    "triples": 1,
    "woba": 0.30564814814814817,
    "wrc_plus": 99.41276602320113
  },
  "basic_pitching": null,
  "current_team_id": 145,
  "metrics": {
    "barrel_pct_last_50": 0.03125,
    "chase_pct_last_50": 0.3764705882352941,
    "contact_pct_last_50": 0.36363636363636365,
    "hard_hit_pct_last_50": 0.40625,
    "xwoba_last_50": 0.24402380952380953
  },
  "name": "Brooks Baldwin",
  "player_id": 681460,
  "player_name": "Brooks Baldwin",
  "recent_unicorns": [],
  "role": "hitter",
  "roles": [
    "hitter"
  ],
  "team_id": 145,
  "team_name": "CWS"
}
