{
  "current_team_id": 119,
  "metrics": {
    "barrel_pct_last_50": 0.03225806451612903,
    "chase_pct_last_50": 0.34513274336283184,
    "contact_pct_last_50": 0.25203252032520324,
    "hard_hit_pct_last_50": 0.25806451612903225,
    "xwoba_last_50": 0.21592
  },
  "name": "Andy Pages",
  "player_id": 681624,
  "player_name": "Andy Pages",
  "recent_unicorns": [],
  "role": "hitter",
  "roles": [
    "hitter"
  ],
  "team_id": 119,
  "team_name": "LAD"
}
