{
  "basic_batting": {
    "avg": 0.14583333333333334,
    "babip": 0.16129032258064516,
    "bb": 4,
    "doubles": 0,
    "h": 7,
    "hr": 2,
    "iso": 0.12499999999999997,
    "k": 15,
    "obp": 0.2545454545454545,
    "ops": 0.5253787878787879,
    "ops_plus": 52,
    "slg": 0.2708333333333333,
    "triples": 0,
    "woba": 0.24672727272727274,
    "wrc_plus": 27
  },
  "basic_pitching": null,
  "current_team_id": 119,
  "metrics": {
    "barrel_pct_last_50": 0.03125,
    "chase_pct_last_50": 0.37272727272727274,
    "contact_pct_last_50": 0.25196850393700787,
    "hard_hit_pct_last_50": 0.25,
    "xwoba_last_50": 0.19312
  },
  "name": "Andy Pages",
  "player_id": 681624,
  "player_name": "Andy Pages",
  "recent_unicorns": [],
  "role": "hitter",
  "roles": [
    "hitter"
  ],
  "team_id": 119,
  "team_name": "LAD"
}
