{
  "basic_batting": {
    "avg": 0.125,
    "babip": 0.1527777777777778,
    "bb": 3,
    "doubles": 2,
    "h": 12,
    "hr": 1,
    "iso": 0.05199999999999999,
    "k": 25,
    "obp": 0.157,
    "ops": 0.334,
    "ops_plus": -6.290872593697316,
    "slg": 0.177,
    "triples": 0,
    "woba": 0.15137254901960784,
    "wrc_plus": 47.63368160568569
  },
  "basic_pitching": {
    "babip": 0.3076923076923077,
    "bb": 0,
    "era": 6.0,
    "fip": 6.792253672500689,
    "h": 5,
    "hr": 1,
    "ip": 3.0,
    "whip": 1.667
  },
  "current_team_id": 158,
  "metrics": {
    "barrel_pct_last_50": 0.0,
    "chase_pct_last_50": 0.2777777777777778,
    "contact_pct_last_50": 0.3620689655172414,
    "hard_hit_pct_last_50": 0.2857142857142857,
    "xwoba_last_50": 0.20609677419354838
  },
  "name": "Vinny Capra",
  "player_id": 681962,
  "player_name": "Vinny Capra",
  "recent_unicorns": [],
  "role": "hitter",
  "roles": [
    "hitter"
  ],
  "team_id": 158,
  "team_name": "MIL"
}
