{
  "basic_batting": {
    "avg": 0.207,
    "babip": 0.2648221343873518,
    "bb": 38,
    "doubles": 19,
    "h": 79,
    "hr": 12,
    "iso": 0.149,
    "k": 118,
    "obp": 0.283,
    "ops": 0.639,
    "ops_plus": 78.07405893642124,
    "slg": 0.356,
    "triples": 1,
    "woba": 0.2857547169811321,
    "wrc_plus": 89.92085615364061
  },
  "basic_pitching": null,
  "current_team_id": 114,
  "metrics": {
    "barrel_pct_last_50": 0.0,
    "chase_pct_last_50": 0.2830188679245283,
    "contact_pct_last_50": 0.27906976744186046,
    "hard_hit_pct_last_50": 0.4166666666666667,
    "xwoba_last_50": 0.1620909090909091
  },
  "name": "Daniel Schneemann",
  "player_id": 682177,
  "player_name": "Daniel Schneemann",
  "recent_unicorns": [],
  "role": "hitter",
  "roles": [
    "hitter"
  ],
  "team_id": 114,
  "team_name": "CLE"
}
