{
  "basic_batting": {
    "avg": 0.221,
    "babip": 0.21739130434782608,
    "bb": 11,
    "doubles": 9,
    "h": 38,
    "hr": 8,
    "iso": 0.20299999999999999,
    "k": 27,
    "obp": 0.266,
    "ops": 0.691,
    "ops_plus": 97.15995235742072,
    "slg": 0.424,
    "triples": 1,
    "woba": 0.3002173913043478,
    "wrc_plus": 97.64639981842393
  },
  "basic_pitching": null,
  "current_team_id": 137,
  "metrics": {
    "barrel_pct_last_50": 0.047619047619047616,
    "chase_pct_last_50": 0.4444444444444444,
    "contact_pct_last_50": 0.525,
    "hard_hit_pct_last_50": 0.42857142857142855,
    "xwoba_last_50": 0.3557619047619048
  },
  "name": "Luis Matos",
  "player_id": 682641,
  "player_name": "Luis Matos",
  "recent_unicorns": [],
  "role": "hitter",
  "roles": [
    "hitter"
  ],
  "team_id": 137,
  "team_name": "SF"
}
