{
  "basic_batting": {
    "avg": 0.2647058823529412,
    "babip": 0.3103448275862069,
    "bb": 5,
    "doubles": 3,
    "h": 9,
    "hr": 0,
    "iso": 0.08823529411764708,
    "k": 5,
    "obp": 0.358974358974359,
    "ops": 0.7119155354449472,
    "ops_plus": 107,
    "slg": 0.35294117647058826,
    "triples": 0,
    "woba": 0.3230769230769231,
    "wrc_plus": 45
  },
  "basic_pitching": null,
  "current_team_id": 121,
  "metrics": {
    "barrel_pct_last_50": 0.0,
    "chase_pct_last_50": 0.3,
    "contact_pct_last_50": 0.4915254237288136,
    "hard_hit_pct_last_50": 0.35714285714285715,
    "xwoba_last_50": 0.22754545454545455
  },
  "name": "Luisangel Acuña",
  "player_id": 682668,
  "player_name": "Luisangel Acuña",
  "recent_unicorns": [],
  "role": "hitter",
  "roles": [
    "hitter"
  ],
  "team_id": 121,
  "team_name": "NYM"
}
