{
  "basic_batting": {
    "avg": 0.28888888888888886,
    "babip": 0.3611111111111111,
    "bb": 5,
    "doubles": 5,
    "h": 13,
    "hr": 0,
    "iso": 0.11111111111111116,
    "k": 9,
    "obp": 0.36,
    "ops": 0.76,
    "ops_plus": 119,
    "slg": 0.4,
    "triples": 0,
    "woba": 0.33840000000000003,
    "wrc_plus": 82
  },
  "basic_pitching": null,
  "current_team_id": 121,
  "metrics": {
    "barrel_pct_last_50": 0.0,
    "chase_pct_last_50": 0.3333333333333333,
    "contact_pct_last_50": 0.4358974358974359,
    "hard_hit_pct_last_50": 0.3333333333333333,
    "xwoba_last_50": 0.23375609756097562
  },
  "name": "Luisangel Acuña",
  "player_id": 682668,
  "player_name": "Luisangel Acuña",
  "recent_unicorns": [],
  "role": "hitter",
  "roles": [
    "hitter"
  ],
  "team_id": 121,
  "team_name": "NYM"
}
