{
  "basic_batting": {
    "avg": 0.21666666666666667,
    "babip": 0.23076923076923078,
    "bb": 9,
    "doubles": 3,
    "h": 13,
    "hr": 4,
    "iso": 0.25,
    "k": 18,
    "obp": 0.323943661971831,
    "ops": 0.7906103286384977,
    "ops_plus": 126,
    "slg": 0.4666666666666667,
    "triples": 0,
    "woba": 0.34478873239436614,
    "wrc_plus": 135
  },
  "basic_pitching": null,
  "current_team_id": 147,
  "metrics": {
    "barrel_pct_last_50": 0.029411764705882353,
    "chase_pct_last_50": 0.29411764705882354,
    "contact_pct_last_50": 0.4,
    "hard_hit_pct_last_50": 0.4117647058823529,
    "xwoba_last_50": 0.2464
  },
  "name": "Anthony Volpe",
  "player_id": 683011,
  "player_name": "Anthony Volpe",
  "recent_unicorns": [],
  "role": "hitter",
  "roles": [
    "hitter"
  ],
  "team_id": 147,
  "team_name": "NYY"
}
