{
  "basic_batting": {
    "avg": 0.5714285714285714,
    "babip": 0.6666666666666666,
    "bb": 0,
    "doubles": 1,
    "h": 4,
    "hr": 0,
    "iso": 0.1428571428571429,
    "k": 1,
    "obp": 0.5714285714285714,
    "ops": 1.2857142857142856,
    "ops_plus": 270,
    "slg": 0.7142857142857143,
    "triples": 0,
    "woba": 0.5628571428571428,
    "wrc_plus": 480
  },
  "basic_pitching": null,
  "current_team_id": 120,
  "metrics": {
    "barrel_pct_last_50": 0.0,
    "chase_pct_last_50": 0.26666666666666666,
    "contact_pct_last_50": 0.42857142857142855,
    "hard_hit_pct_last_50": 0.16666666666666666,
    "xwoba_last_50": 0.37085714285714283
  },
  "name": "Nasim Nuñez",
  "player_id": 683083,
  "player_name": "Nasim Nuñez",
  "recent_unicorns": [],
  "role": "hitter",
  "roles": [
    "hitter"
  ],
  "team_id": 120,
  "team_name": "WSH"
}
