{
  "basic_batting": {
    "avg": 0.2,
    "babip": 0.3125,
    "bb": 2,
    "doubles": 3,
    "h": 10,
    "hr": 0,
    "iso": 0.09999999999999998,
    "k": 18,
    "obp": 0.23076923076923078,
    "ops": 0.5307692307692308,
    "ops_plus": 52,
    "slg": 0.3,
    "triples": 1,
    "woba": 0.23365384615384613,
    "wrc_plus": 50
  },
  "basic_pitching": null,
  "current_team_id": 121,
  "metrics": {
    "barrel_pct_last_50": 0.0,
    "chase_pct_last_50": 0.3263157894736842,
    "contact_pct_last_50": 0.28703703703703703,
    "hard_hit_pct_last_50": 0.45161290322580644,
    "xwoba_last_50": 0.22351020408163266
  },
  "name": "Brett Baty",
  "player_id": 683146,
  "player_name": "Brett Baty",
  "recent_unicorns": [
    {
      "description": "Brett Baty: 4 balls hit 100+ mph vs offspeed pitches (last 50 AB).",
      "metric_value": 4.0,
      "pattern_id": "UNQ-H-0530",
      "run_date": "2025-04-15",
      "score": 4.0
    }
  ],
  "role": "hitter",
  "roles": [
    "hitter"
  ],
  "team_id": 121,
  "team_name": "NYM"
}
