{
  "basic_batting": {
    "avg": 0.254,
    "babip": 0.3037037037037037,
    "bb": 33,
    "doubles": 13,
    "h": 100,
    "hr": 18,
    "iso": 0.181,
    "k": 108,
    "obp": 0.313,
    "ops": 0.748,
    "ops_plus": 115.21557380164973,
    "slg": 0.435,
    "triples": 2,
    "woba": 0.3280510440835267,
    "wrc_plus": 106.69935966153854
  },
  "basic_pitching": null,
  "current_team_id": 121,
  "metrics": {
    "barrel_pct_last_50": 0.0,
    "chase_pct_last_50": 0.3333333333333333,
    "contact_pct_last_50": 0.25925925925925924,
    "hard_hit_pct_last_50": 0.5238095238095238,
    "xwoba_last_50": 0.2085
  },
  "name": "Brett Baty",
  "player_id": 683146,
  "player_name": "Brett Baty",
  "recent_unicorns": [
    {
      "description": "Brett Baty: 4 balls hit 100+ mph vs offspeed pitches (last 50 AB).",
      "metric_value": 4.0,
      "pattern_id": "UNQ-H-0530",
      "run_date": "2025-04-15",
      "score": 4.0
    }
  ],
  "role": "hitter",
  "roles": [
    "hitter"
  ],
  "team_id": 121,
  "team_name": "NYM"
}
