{
  "basic_batting": {
    "avg": 0.1388888888888889,
    "babip": 0.23809523809523808,
    "bb": 0,
    "doubles": 1,
    "h": 5,
    "hr": 0,
    "iso": 0.08333333333333331,
    "k": 15,
    "obp": 0.1388888888888889,
    "ops": 0.3611111111111111,
    "ops_plus": 3,
    "slg": 0.2222222222222222,
    "triples": 1,
    "woba": 0.15444444444444447,
    "wrc_plus": -70
  },
  "basic_pitching": null,
  "current_team_id": 121,
  "metrics": {
    "barrel_pct_last_50": 0.0,
    "chase_pct_last_50": 0.3333333333333333,
    "contact_pct_last_50": 0.25925925925925924,
    "hard_hit_pct_last_50": 0.5238095238095238,
    "xwoba_last_50": 0.2085
  },
  "name": "Brett Baty",
  "player_id": 683146,
  "player_name": "Brett Baty",
  "recent_unicorns": [
    {
      "description": "Brett Baty: 4 balls hit 100+ mph vs offspeed pitches (last 50 AB).",
      "metric_value": 4.0,
      "pattern_id": "UNQ-H-0530",
      "run_date": "2025-04-15",
      "score": 4.0
    }
  ],
  "role": "hitter",
  "roles": [
    "hitter"
  ],
  "team_id": 121,
  "team_name": "NYM"
}
