{
  "basic_batting": {
    "avg": 0.3333333333333333,
    "babip": 0.375,
    "bb": 4,
    "doubles": 5,
    "h": 19,
    "hr": 4,
    "iso": 0.3333333333333333,
    "k": 13,
    "obp": 0.40625,
    "ops": 1.0729166666666665,
    "ops_plus": 204,
    "slg": 0.6666666666666666,
    "triples": 1,
    "woba": 0.45781250000000007,
    "wrc_plus": 193
  },
  "basic_pitching": null,
  "current_team_id": 112,
  "metrics": {
    "barrel_pct_last_50": 0.05555555555555555,
    "chase_pct_last_50": 0.23655913978494625,
    "contact_pct_last_50": 0.42857142857142855,
    "hard_hit_pct_last_50": 0.4722222222222222,
    "xwoba_last_50": 0.39148
  },
  "name": "Michael Busch",
  "player_id": 683737,
  "player_name": "Michael Busch",
  "recent_unicorns": [],
  "role": "hitter",
  "roles": [
    "hitter"
  ],
  "team_id": 112,
  "team_name": "CHC"
}
