{
  "basic_batting": {
    "avg": 0.264,
    "babip": 0.3359375,
    "bb": 9,
    "doubles": 9,
    "h": 46,
    "hr": 3,
    "iso": 0.10399999999999998,
    "k": 45,
    "obp": 0.309,
    "ops": 0.676,
    "ops_plus": 96.33445977623194,
    "slg": 0.368,
    "triples": 0,
    "woba": 0.2997872340425532,
    "wrc_plus": 97.5064901756564
  },
  "basic_pitching": {
    "babip": 0.25,
    "bb": 0,
    "era": 0.0,
    "fip": 3.1255870058340216,
    "h": 4,
    "hr": 0,
    "ip": 4.0,
    "whip": 1.0
  },
  "current_team_id": 137,
  "metrics": {
    "barrel_pct_last_50": 0.0,
    "chase_pct_last_50": 0.4,
    "contact_pct_last_50": 0.2727272727272727,
    "hard_hit_pct_last_50": 0.5,
    "xwoba_last_50": 0.1164
  },
  "name": "Christian Koss",
  "player_id": 683766,
  "player_name": "Christian Koss",
  "recent_unicorns": [],
  "role": "hitter",
  "roles": [
    "hitter"
  ],
  "team_id": 137,
  "team_name": "SF"
}
