{
  "basic_batting": {
    "avg": 0.1935483870967742,
    "babip": 0.2,
    "bb": 6,
    "doubles": 2,
    "h": 12,
    "hr": 2,
    "iso": 0.16129032258064518,
    "k": 11,
    "obp": 0.2714285714285714,
    "ops": 0.6262672811059908,
    "ops_plus": 80,
    "slg": 0.3548387096774194,
    "triples": 1,
    "woba": 0.27785714285714286,
    "wrc_plus": 135
  },
  "basic_pitching": null,
  "current_team_id": 118,
  "metrics": {
    "barrel_pct_last_50": 0.0,
    "chase_pct_last_50": 0.4375,
    "contact_pct_last_50": 0.43617021276595747,
    "hard_hit_pct_last_50": 0.34146341463414637,
    "xwoba_last_50": 0.23088
  },
  "name": "Vinnie Pasquantino",
  "player_id": 686469,
  "player_name": "Vinnie Pasquantino",
  "recent_unicorns": [],
  "role": "hitter",
  "roles": [
    "hitter"
  ],
  "team_id": 118,
  "team_name": "KC"
}
