{
  "basic_batting": {
    "avg": 0.28,
    "babip": 0.325,
    "bb": 1,
    "doubles": 2,
    "h": 14,
    "hr": 1,
    "iso": 0.09999999999999998,
    "k": 11,
    "obp": 0.321,
    "ops": 0.701,
    "ops_plus": 103.35754868792844,
    "slg": 0.38,
    "triples": 0,
    "woba": 0.3085714285714286,
    "wrc_plus": 100.36356973164997
  },
  "basic_pitching": null,
  "current_team_id": 118,
  "metrics": {
    "barrel_pct_last_50": 0.0,
    "chase_pct_last_50": 0.6363636363636364,
    "contact_pct_last_50": 0.08333333333333333,
    "hard_hit_pct_last_50": 0.0,
    "xwoba_last_50": 0.01633333333333333
  },
  "name": "Tyler Tolbert",
  "player_id": 686475,
  "player_name": "Tyler Tolbert",
  "recent_unicorns": [
    {
      "description": "Tyler Tolbert leads MLB in hard-hit rate over his last 50 PA.",
      "metric_value": 0.230769,
      "pattern_id": "UNQ-H-0002",
      "run_date": "2025-04-04",
      "score": 2.550777
    }
  ],
  "role": "hitter",
  "roles": [
    "hitter"
  ],
  "team_id": 118,
  "team_name": "KC"
}
