{
  "basic_batting": {
    "avg": 0.264,
    "babip": 0.27104722792607805,
    "bb": 49,
    "doubles": 33,
    "h": 164,
    "hr": 32,
    "iso": 0.21099999999999997,
    "k": 107,
    "obp": 0.323,
    "ops": 0.798,
    "ops_plus": 128.94437855577098,
    "slg": 0.475,
    "triples": 1,
    "woba": 0.3472140762463343,
    "wrc_plus": 112.93218012597954
  },
  "basic_pitching": null,
  "current_team_id": 118,
  "metrics": {
    "barrel_pct_last_50": 0.0,
    "chase_pct_last_50": 0.4375,
    "contact_pct_last_50": 0.43617021276595747,
    "hard_hit_pct_last_50": 0.34146341463414637,
    "xwoba_last_50": 0.23088
  },
  "name": "Vinnie Pasquantino",
  "player_id": 686469,
  "player_name": "Vinnie Pasquantino",
  "recent_unicorns": [],
  "role": "hitter",
  "roles": [
    "hitter"
  ],
  "team_id": 118,
  "team_name": "KC"
}
