{
  "basic_batting": {
    "avg": 0.279,
    "babip": 0.33505154639175255,
    "bb": 21,
    "doubles": 11,
    "h": 76,
    "hr": 11,
    "iso": 0.16199999999999998,
    "k": 69,
    "obp": 0.336,
    "ops": 0.777,
    "ops_plus": 115.96689220094146,
    "slg": 0.441,
    "triples": 0,
    "woba": 0.3415436241610738,
    "wrc_plus": 107.47642391642086
  },
  "basic_pitching": null,
  "current_team_id": 136,
  "metrics": {
    "barrel_pct_last_50": 0.0,
    "chase_pct_last_50": 0.75,
    "contact_pct_last_50": 0.14285714285714285,
    "hard_hit_pct_last_50": 0.0,
    "xwoba_last_50": 0.0026666666666666666
  },
  "name": "Dominic Canzone",
  "player_id": 686527,
  "player_name": "Dominic Canzone",
  "recent_unicorns": [],
  "role": "hitter",
  "roles": [
    "hitter"
  ],
  "team_id": 136,
  "team_name": "SEA"
}
