{
  "basic_batting": {
    "avg": 0.257,
    "babip": 0.2962962962962963,
    "bb": 4,
    "doubles": 3,
    "h": 9,
    "hr": 1,
    "iso": 0.172,
    "k": 7,
    "obp": 0.333,
    "ops": 0.762,
    "ops_plus": 120.09465541490857,
    "slg": 0.429,
    "triples": 0,
    "woba": 0.3364102564102564,
    "wrc_plus": 109.41821277486625
  },
  "basic_pitching": {
    "babip": 0.3333333333333333,
    "bb": 2,
    "era": 3.0,
    "fip": 5.125587005834022,
    "h": 4,
    "hr": 0,
    "ip": 3.0,
    "whip": 2.0
  },
  "current_team_id": 145,
  "metrics": {
    "barrel_pct_last_50": 0.0,
    "chase_pct_last_50": 0.3076923076923077,
    "contact_pct_last_50": 0.48,
    "hard_hit_pct_last_50": 0.25,
    "xwoba_last_50": 0.1856
  },
  "name": "Korey Lee",
  "player_id": 686676,
  "player_name": "Korey Lee",
  "recent_unicorns": [],
  "role": "hitter",
  "roles": [
    "hitter"
  ],
  "team_id": 145,
  "team_name": "CWS"
}
