{
  "current_team_id": 115,
  "metrics": {
    "barrel_pct_last_50": 0.05128205128205128,
    "chase_pct_last_50": 0.2619047619047619,
    "contact_pct_last_50": 0.46987951807228917,
    "hard_hit_pct_last_50": 0.46153846153846156,
    "xwoba_last_50": 0.4212448979591837
  },
  "name": "Brenton Doyle",
  "player_id": 686668,
  "player_name": "Brenton Doyle",
  "recent_unicorns": [],
  "role": "hitter",
  "roles": [
    "hitter"
  ],
  "team_id": 115,
  "team_name": "COL"
}
