{
  "basic_batting": {
    "avg": 0.244,
    "babip": 0.2772727272727273,
    "bb": 9,
    "doubles": 9,
    "h": 64,
    "hr": 3,
    "iso": 0.069,
    "k": 43,
    "obp": 0.268,
    "ops": 0.581,
    "ops_plus": 68.66333168611649,
    "slg": 0.313,
    "triples": 0,
    "woba": 0.25702898550724634,
    "wrc_plus": 83.59927109726037
  },
  "basic_pitching": null,
  "current_team_id": 118,
  "metrics": {
    "barrel_pct_last_50": 0.0,
    "chase_pct_last_50": 0.4105263157894737,
    "contact_pct_last_50": 0.39215686274509803,
    "hard_hit_pct_last_50": 0.275,
    "xwoba_last_50": 0.21736
  },
  "name": "Michael Massey",
  "player_id": 686681,
  "player_name": "Michael Massey",
  "recent_unicorns": [],
  "role": "hitter",
  "roles": [
    "hitter"
  ],
  "team_id": 118,
  "team_name": "KC"
}
