{
  "basic_batting": {
    "avg": 0.12,
    "babip": 0.1875,
    "bb": 3,
    "doubles": 0,
    "h": 6,
    "hr": 0,
    "iso": 0.0,
    "k": 18,
    "obp": 0.16981132075471697,
    "ops": 0.28981132075471694,
    "ops_plus": -14,
    "slg": 0.12,
    "triples": 0,
    "woba": 0.13981132075471697,
    "wrc_plus": -48
  },
  "basic_pitching": null,
  "current_team_id": 120,
  "metrics": {
    "barrel_pct_last_50": 0.07142857142857142,
    "chase_pct_last_50": 0.3108108108108108,
    "contact_pct_last_50": 0.358974358974359,
    "hard_hit_pct_last_50": 0.32142857142857145,
    "xwoba_last_50": 0.20719565217391303
  },
  "name": "Dylan Crews",
  "player_id": 686611,
  "player_name": "Dylan Crews",
  "recent_unicorns": [],
  "role": "hitter",
  "roles": [
    "hitter"
  ],
  "team_id": 120,
  "team_name": "WSH"
}
