{
  "basic_batting": {
    "avg": 0.208,
    "babip": 0.2463768115942029,
    "bb": 24,
    "doubles": 8,
    "h": 61,
    "hr": 10,
    "iso": 0.144,
    "k": 76,
    "obp": 0.28,
    "ops": 0.631,
    "ops_plus": 76.13029069597484,
    "slg": 0.352,
    "triples": 2,
    "woba": 0.2827639751552795,
    "wrc_plus": 88.97973410198635
  },
  "basic_pitching": null,
  "current_team_id": 120,
  "metrics": {
    "barrel_pct_last_50": 0.07142857142857142,
    "chase_pct_last_50": 0.3108108108108108,
    "contact_pct_last_50": 0.358974358974359,
    "hard_hit_pct_last_50": 0.32142857142857145,
    "xwoba_last_50": 0.20719565217391303
  },
  "name": "Dylan Crews",
  "player_id": 686611,
  "player_name": "Dylan Crews",
  "recent_unicorns": [],
  "role": "hitter",
  "roles": [
    "hitter"
  ],
  "team_id": 120,
  "team_name": "WSH"
}
