{
  "current_team_id": 120,
  "metrics": {
    "barrel_pct_last_50": 0.07142857142857142,
    "chase_pct_last_50": 0.28735632183908044,
    "contact_pct_last_50": 0.34146341463414637,
    "hard_hit_pct_last_50": 0.32142857142857145,
    "xwoba_last_50": 0.23681632653061224
  },
  "name": "Dylan Crews",
  "player_id": 686611,
  "player_name": "Dylan Crews",
  "recent_unicorns": [],
  "role": "hitter",
  "roles": [
    "hitter"
  ],
  "team_id": 120,
  "team_name": "WSH"
}
