{
  "basic_batting": {
    "avg": 0.236,
    "babip": 0.2578125,
    "bb": 31,
    "doubles": 15,
    "h": 115,
    "hr": 16,
    "iso": 0.134,
    "k": 92,
    "obp": 0.285,
    "ops": 0.654,
    "ops_plus": 89.11434852574092,
    "slg": 0.37,
    "triples": 1,
    "woba": 0.2892030360531309,
    "wrc_plus": 94.06395533734397
  },
  "basic_pitching": null,
  "current_team_id": 142,
  "metrics": {
    "barrel_pct_last_50": 0.0,
    "chase_pct_last_50": 0.3,
    "contact_pct_last_50": 0.5454545454545454,
    "hard_hit_pct_last_50": 0.8333333333333334,
    "xwoba_last_50": 0.517
  },
  "name": "Brooks Lee",
  "player_id": 686797,
  "player_name": "Brooks Lee",
  "recent_unicorns": [],
  "role": "hitter",
  "roles": [
    "hitter"
  ],
  "team_id": 142,
  "team_name": "MIN"
}
