{
  "basic_batting": {
    "avg": 0.23,
    "babip": 0.2926829268292683,
    "bb": 19,
    "doubles": 15,
    "h": 83,
    "hr": 11,
    "iso": 0.13299999999999998,
    "k": 107,
    "obp": 0.272,
    "ops": 0.635,
    "ops_plus": 76.31761335899876,
    "slg": 0.363,
    "triples": 0,
    "woba": 0.2801813471502591,
    "wrc_plus": 88.16703668165597
  },
  "basic_pitching": null,
  "current_team_id": 138,
  "metrics": {
    "barrel_pct_last_50": 0.0,
    "chase_pct_last_50": 0.32,
    "contact_pct_last_50": 0.4915254237288136,
    "hard_hit_pct_last_50": 0.3448275862068966,
    "xwoba_last_50": 0.3078888888888889
  },
  "name": "Pedro Pagés",
  "player_id": 686780,
  "player_name": "Pedro Pagés",
  "recent_unicorns": [],
  "role": "hitter",
  "roles": [
    "hitter"
  ],
  "team_id": 138,
  "team_name": "STL"
}
