{
  "basic_batting": {
    "avg": 0.10526315789473684,
    "babip": 0.07142857142857142,
    "bb": 3,
    "doubles": 0,
    "h": 2,
    "hr": 1,
    "iso": 0.15789473684210525,
    "k": 4,
    "obp": 0.22727272727272727,
    "ops": 0.49043062200956933,
    "ops_plus": 41,
    "slg": 0.2631578947368421,
    "triples": 0,
    "woba": 0.23,
    "wrc_plus": 64
  },
  "basic_pitching": null,
  "current_team_id": 142,
  "metrics": {
    "barrel_pct_last_50": 0.0,
    "chase_pct_last_50": 0.32142857142857145,
    "contact_pct_last_50": 0.4375,
    "hard_hit_pct_last_50": 0.7142857142857143,
    "xwoba_last_50": 0.2786470588235294
  },
  "name": "Brooks Lee",
  "player_id": 686797,
  "player_name": "Brooks Lee",
  "recent_unicorns": [],
  "role": "hitter",
  "roles": [
    "hitter"
  ],
  "team_id": 142,
  "team_name": "MIN"
}
