{
  "basic_batting": {
    "avg": 0.21212121212121213,
    "babip": 0.2692307692307692,
    "bb": 4,
    "doubles": 2,
    "h": 7,
    "hr": 0,
    "iso": 0.06060606060606058,
    "k": 7,
    "obp": 0.2972972972972973,
    "ops": 0.5700245700245701,
    "ops_plus": 67,
    "slg": 0.2727272727272727,
    "triples": 0,
    "woba": 0.2635135135135135,
    "wrc_plus": 15
  },
  "basic_pitching": null,
  "current_team_id": 144,
  "metrics": {
    "barrel_pct_last_50": 0.038461538461538464,
    "chase_pct_last_50": 0.2972972972972973,
    "contact_pct_last_50": 0.3880597014925373,
    "hard_hit_pct_last_50": 0.6923076923076923,
    "xwoba_last_50": 0.3278787878787879
  },
  "name": "Drake Baldwin",
  "player_id": 686948,
  "player_name": "Drake Baldwin",
  "recent_unicorns": [
    {
      "description": "Drake Baldwin has the best xwOBA in MLB in 3-2 counts.",
      "metric_value": 0.601833,
      "pattern_id": "UNQ-H-0021",
      "run_date": "2025-03-30",
      "score": 1.799664
    }
  ],
  "role": "hitter",
  "roles": [
    "hitter"
  ],
  "team_id": 144,
  "team_name": "ATL"
}
