{
  "basic_batting": {
    "avg": 0.25925925925925924,
    "babip": 0.34210526315789475,
    "bb": 6,
    "doubles": 2,
    "h": 14,
    "hr": 1,
    "iso": 0.12962962962962965,
    "k": 16,
    "obp": 0.32786885245901637,
    "ops": 0.7167577413479053,
    "ops_plus": 107,
    "slg": 0.3888888888888889,
    "triples": 1,
    "woba": 0.3163934426229508,
    "wrc_plus": 112
  },
  "basic_pitching": null,
  "current_team_id": 138,
  "metrics": {
    "barrel_pct_last_50": 0.027777777777777776,
    "chase_pct_last_50": 0.27450980392156865,
    "contact_pct_last_50": 0.35294117647058826,
    "hard_hit_pct_last_50": 0.3333333333333333,
    "xwoba_last_50": 0.20746938775510204
  },
  "name": "Victor Scott II",
  "player_id": 687363,
  "player_name": "Victor Scott II",
  "recent_unicorns": [],
  "role": "hitter",
  "roles": [
    "hitter"
  ],
  "team_id": 138,
  "team_name": "STL"
}
