{
  "basic_batting": {
    "avg": 0.225,
    "babip": 0.25495049504950495,
    "bb": 30,
    "doubles": 18,
    "h": 110,
    "hr": 7,
    "iso": 0.08399999999999999,
    "k": 78,
    "obp": 0.274,
    "ops": 0.583,
    "ops_plus": 69.54946592161781,
    "slg": 0.309,
    "triples": 1,
    "woba": 0.2620689655172414,
    "wrc_plus": 85.23853623441538
  },
  "basic_pitching": null,
  "current_team_id": 158,
  "metrics": {
    "barrel_pct_last_50": 0.0,
    "chase_pct_last_50": 0.2702702702702703,
    "contact_pct_last_50": 0.4878048780487805,
    "hard_hit_pct_last_50": 0.375,
    "xwoba_last_50": 0.24710416666666668
  },
  "name": "Joey Ortiz",
  "player_id": 687401,
  "player_name": "Joey Ortiz",
  "recent_unicorns": [],
  "role": "hitter",
  "roles": [
    "hitter"
  ],
  "team_id": 158,
  "team_name": "MIL"
}
