{
  "basic_batting": {
    "avg": 0.15,
    "babip": 0.25,
    "bb": 3,
    "doubles": 0,
    "h": 3,
    "hr": 0,
    "iso": 0.0,
    "k": 8,
    "obp": 0.2608695652173913,
    "ops": 0.41086956521739126,
    "ops_plus": 23,
    "slg": 0.15,
    "triples": 0,
    "woba": 0.20608695652173914,
    "wrc_plus": 13
  },
  "basic_pitching": null,
  "current_team_id": 115,
  "metrics": {
    "barrel_pct_last_50": 0.0,
    "chase_pct_last_50": 0.30952380952380953,
    "contact_pct_last_50": 0.26666666666666666,
    "hard_hit_pct_last_50": 0.3333333333333333,
    "xwoba_last_50": 0.1201
  },
  "name": "Jordan Beck",
  "player_id": 687597,
  "player_name": "Jordan Beck",
  "recent_unicorns": [],
  "role": "hitter",
  "roles": [
    "hitter"
  ],
  "team_id": 115,
  "team_name": "COL"
}
