{
  "basic_batting": {
    "avg": 0.17857142857142858,
    "babip": 0.3333333333333333,
    "bb": 4,
    "doubles": 0,
    "h": 5,
    "hr": 0,
    "iso": 0.07142857142857142,
    "k": 13,
    "obp": 0.28125,
    "ops": 0.53125,
    "ops_plus": 55,
    "slg": 0.25,
    "triples": 1,
    "woba": 0.248125,
    "wrc_plus": 105
  },
  "basic_pitching": null,
  "current_team_id": 115,
  "metrics": {
    "barrel_pct_last_50": 0.0,
    "chase_pct_last_50": 0.34545454545454546,
    "contact_pct_last_50": 0.2459016393442623,
    "hard_hit_pct_last_50": 0.4,
    "xwoba_last_50": 0.12785714285714286
  },
  "name": "Jordan Beck",
  "player_id": 687597,
  "player_name": "Jordan Beck",
  "recent_unicorns": [],
  "role": "hitter",
  "roles": [
    "hitter"
  ],
  "team_id": 115,
  "team_name": "COL"
}
