{
  "basic_batting": {
    "avg": 0.1509433962264151,
    "babip": 0.15384615384615385,
    "bb": 1,
    "doubles": 1,
    "h": 8,
    "hr": 2,
    "iso": 0.1320754716981132,
    "k": 13,
    "obp": 0.17857142857142858,
    "ops": 0.46159029649595684,
    "ops_plus": 31,
    "slg": 0.2830188679245283,
    "triples": 0,
    "woba": 0.2023214285714286,
    "wrc_plus": -58
  },
  "basic_pitching": null,
  "current_team_id": 113,
  "metrics": {
    "barrel_pct_last_50": 0.027777777777777776,
    "chase_pct_last_50": 0.5443037974683544,
    "contact_pct_last_50": 0.37894736842105264,
    "hard_hit_pct_last_50": 0.3888888888888889,
    "xwoba_last_50": 0.22836
  },
  "name": "Christian Encarnacion-Strand",
  "player_id": 687952,
  "player_name": "Christian Encarnacion-Strand",
  "recent_unicorns": [],
  "role": "hitter",
  "roles": [
    "hitter"
  ],
  "team_id": 113,
  "team_name": "CIN"
}
