{
  "basic_batting": {
    "avg": 0.15789473684210525,
    "babip": 0.16279069767441862,
    "bb": 1,
    "doubles": 2,
    "h": 9,
    "hr": 2,
    "iso": 0.14035087719298245,
    "k": 13,
    "obp": 0.18333333333333332,
    "ops": 0.481578947368421,
    "ops_plus": 36,
    "slg": 0.2982456140350877,
    "triples": 0,
    "woba": 0.21000000000000002,
    "wrc_plus": -1
  },
  "basic_pitching": null,
  "current_team_id": 113,
  "metrics": {
    "barrel_pct_last_50": 0.02631578947368421,
    "chase_pct_last_50": 0.5135135135135135,
    "contact_pct_last_50": 0.41304347826086957,
    "hard_hit_pct_last_50": 0.39473684210526316,
    "xwoba_last_50": 0.21
  },
  "name": "Christian Encarnacion-Strand",
  "player_id": 687952,
  "player_name": "Christian Encarnacion-Strand",
  "recent_unicorns": [],
  "role": "hitter",
  "roles": [
    "hitter"
  ],
  "team_id": 113,
  "team_name": "CIN"
}
