{
  "basic_batting": {
    "avg": 0.3,
    "babip": 0.4166666666666667,
    "bb": 1,
    "doubles": 2,
    "h": 6,
    "hr": 1,
    "iso": 0.25000000000000006,
    "k": 7,
    "obp": 0.3333333333333333,
    "ops": 0.8833333333333333,
    "ops_plus": 149,
    "slg": 0.55,
    "triples": 0,
    "woba": 0.38095238095238093,
    "wrc_plus": 74
  },
  "basic_pitching": null,
  "current_team_id": 140,
  "metrics": {
    "barrel_pct_last_50": 0.07692307692307693,
    "chase_pct_last_50": 0.35294117647058826,
    "contact_pct_last_50": 0.3333333333333333,
    "hard_hit_pct_last_50": 0.38461538461538464,
    "xwoba_last_50": 0.2985
  },
  "name": "Dustin Harris",
  "player_id": 687957,
  "player_name": "Dustin Harris",
  "recent_unicorns": [],
  "role": "hitter",
  "roles": [
    "hitter"
  ],
  "team_id": 140,
  "team_name": "TEX"
}
