{
  "basic_batting": {
    "avg": 0.20454545454545456,
    "babip": 0.2727272727272727,
    "bb": 2,
    "doubles": 4,
    "h": 9,
    "hr": 0,
    "iso": 0.09090909090909091,
    "k": 12,
    "obp": 0.23404255319148937,
    "ops": 0.5294970986460348,
    "ops_plus": 52,
    "slg": 0.29545454545454547,
    "triples": 0,
    "woba": 0.2321276595744681,
    "wrc_plus": 89
  },
  "basic_pitching": null,
  "current_team_id": 146,
  "metrics": {
    "barrel_pct_last_50": 0.03125,
    "chase_pct_last_50": 0.3815789473684211,
    "contact_pct_last_50": 0.4266666666666667,
    "hard_hit_pct_last_50": 0.40625,
    "xwoba_last_50": 0.24578048780487805
  },
  "name": "Graham Pauley",
  "player_id": 688363,
  "player_name": "Graham Pauley",
  "recent_unicorns": [],
  "role": "hitter",
  "roles": [
    "hitter"
  ],
  "team_id": 146,
  "team_name": "MIA"
}
