{
  "basic_batting": {
    "avg": 0.2391304347826087,
    "babip": 0.2777777777777778,
    "bb": 4,
    "doubles": 2,
    "h": 11,
    "hr": 1,
    "iso": 0.10869565217391303,
    "k": 10,
    "obp": 0.32075471698113206,
    "ops": 0.6685808039376537,
    "ops_plus": 93,
    "slg": 0.34782608695652173,
    "triples": 0,
    "woba": 0.30113207547169807,
    "wrc_plus": 130
  },
  "basic_pitching": null,
  "current_team_id": 146,
  "metrics": {
    "barrel_pct_last_50": 0.0,
    "chase_pct_last_50": 0.2571428571428571,
    "contact_pct_last_50": 0.45569620253164556,
    "hard_hit_pct_last_50": 0.2857142857142857,
    "xwoba_last_50": 0.2892272727272727
  },
  "name": "Liam Hicks",
  "player_id": 689414,
  "player_name": "Liam Hicks",
  "recent_unicorns": [],
  "role": "hitter",
  "roles": [
    "hitter"
  ],
  "team_id": 146,
  "team_name": "MIA"
}
