{
  "basic_batting": {
    "avg": 0.21875,
    "babip": 0.2692307692307692,
    "bb": 2,
    "doubles": 2,
    "h": 7,
    "hr": 0,
    "iso": 0.0625,
    "k": 7,
    "obp": 0.2972972972972973,
    "ops": 0.5785472972972974,
    "ops_plus": 69,
    "slg": 0.28125,
    "triples": 0,
    "woba": 0.2651351351351351,
    "wrc_plus": 62
  },
  "basic_pitching": null,
  "current_team_id": 146,
  "metrics": {
    "barrel_pct_last_50": 0.0,
    "chase_pct_last_50": 0.23636363636363636,
    "contact_pct_last_50": 0.46296296296296297,
    "hard_hit_pct_last_50": 0.3333333333333333,
    "xwoba_last_50": 0.2803
  },
  "name": "Liam Hicks",
  "player_id": 689414,
  "player_name": "Liam Hicks",
  "recent_unicorns": [],
  "role": "hitter",
  "roles": [
    "hitter"
  ],
  "team_id": 146,
  "team_name": "MIA"
}
