{
  "basic_batting": {
    "avg": 0.328125,
    "babip": 0.3023255813953488,
    "bb": 8,
    "doubles": 2,
    "h": 21,
    "hr": 8,
    "iso": 0.40625,
    "k": 13,
    "obp": 0.4027777777777778,
    "ops": 1.1371527777777777,
    "ops_plus": 221,
    "slg": 0.734375,
    "triples": 0,
    "woba": 0.48125000000000007,
    "wrc_plus": 239
  },
  "basic_pitching": null,
  "current_team_id": 133,
  "metrics": {
    "barrel_pct_last_50": 0.047619047619047616,
    "chase_pct_last_50": 0.26136363636363635,
    "contact_pct_last_50": 0.4827586206896552,
    "hard_hit_pct_last_50": 0.4523809523809524,
    "xwoba_last_50": 0.36714
  },
  "name": "Tyler Soderstrom",
  "player_id": 691016,
  "player_name": "Tyler Soderstrom",
  "recent_unicorns": [],
  "role": "hitter",
  "roles": [
    "hitter"
  ],
  "team_id": 133,
  "team_name": "ATH"
}
