{
  "current_team_id": 133,
  "metrics": {
    "barrel_pct_last_50": 0.05405405405405406,
    "chase_pct_last_50": 0.20588235294117646,
    "contact_pct_last_50": 0.46835443037974683,
    "hard_hit_pct_last_50": 0.40540540540540543,
    "xwoba_last_50": 0.42538
  },
  "name": "Tyler Soderstrom",
  "player_id": 691016,
  "player_name": "Tyler Soderstrom",
  "recent_unicorns": [],
  "role": "hitter",
  "roles": [
    "hitter"
  ],
  "team_id": 133,
  "team_name": "ATH"
}
