{
  "current_team_id": 139,
  "metrics": {
    "barrel_pct_last_50": 0.027777777777777776,
    "chase_pct_last_50": 0.38596491228070173,
    "contact_pct_last_50": 0.33962264150943394,
    "hard_hit_pct_last_50": 0.4444444444444444,
    "xwoba_last_50": 0.34636
  },
  "name": "Junior Caminero",
  "player_id": 691406,
  "player_name": "Junior Caminero",
  "recent_unicorns": [],
  "role": "hitter",
  "roles": [
    "hitter"
  ],
  "team_id": 139,
  "team_name": "TB"
}
