{
  "basic_batting": {
    "avg": 0.27586206896551724,
    "babip": 0.2926829268292683,
    "bb": 4,
    "doubles": 2,
    "h": 16,
    "hr": 4,
    "iso": 0.24137931034482762,
    "k": 14,
    "obp": 0.31746031746031744,
    "ops": 0.8347016967706623,
    "ops_plus": 137,
    "slg": 0.5172413793103449,
    "triples": 0,
    "woba": 0.35873015873015873,
    "wrc_plus": 141
  },
  "basic_pitching": null,
  "current_team_id": 139,
  "metrics": {
    "barrel_pct_last_50": 0.02631578947368421,
    "chase_pct_last_50": 0.42592592592592593,
    "contact_pct_last_50": 0.34234234234234234,
    "hard_hit_pct_last_50": 0.4473684210526316,
    "xwoba_last_50": 0.3077
  },
  "name": "Junior Caminero",
  "player_id": 691406,
  "player_name": "Junior Caminero",
  "recent_unicorns": [],
  "role": "hitter",
  "roles": [
    "hitter"
  ],
  "team_id": 139,
  "team_name": "TB"
}
