{
  "basic_batting": {
    "avg": 0.2962962962962963,
    "babip": 0.4444444444444444,
    "bb": 2,
    "doubles": 0,
    "h": 8,
    "hr": 0,
    "iso": 0.0,
    "k": 9,
    "obp": 0.3448275862068966,
    "ops": 0.6411238825031929,
    "ops_plus": 88,
    "slg": 0.2962962962962963,
    "triples": 0,
    "woba": 0.29310344827586204,
    "wrc_plus": 31
  },
  "basic_pitching": {
    "babip": 0.45454545454545453,
    "bb": 5,
    "era": 16.39,
    "fip": 10.089872720119736,
    "h": 24,
    "hr": 4,
    "ip": 9.1,
    "whip": 3.107
  },
  "current_team_id": 146,
  "metrics": {
    "barrel_pct_last_50": 0.0,
    "chase_pct_last_50": 0.3125,
    "contact_pct_last_50": 0.3958,
    "hard_hit_pct_last_50": 0.3889,
    "xwoba_last_50": 0.2755
  },
  "name": "Javier Sanoja",
  "player_id": 691594,
  "player_name": "Javier Sanoja",
  "recent_unicorns": [],
  "role": "reliever",
  "roles": [
    "reliever"
  ],
  "team_id": 146,
  "team_name": "MIA"
}
