{
  "basic_batting": {
    "avg": 0.28169014084507044,
    "babip": 0.34615384615384615,
    "bb": 5,
    "doubles": 6,
    "h": 20,
    "hr": 2,
    "iso": 0.19718309859154926,
    "k": 17,
    "obp": 0.33766233766233766,
    "ops": 0.8165355770989573,
    "ops_plus": 133,
    "slg": 0.4788732394366197,
    "triples": 1,
    "woba": 0.35584415584415585,
    "wrc_plus": 124
  },
  "basic_pitching": null,
  "current_team_id": 112,
  "metrics": {
    "barrel_pct_last_50": 0.05405405405405406,
    "chase_pct_last_50": 0.38961038961038963,
    "contact_pct_last_50": 0.4111111111111111,
    "hard_hit_pct_last_50": 0.2972972972972973,
    "xwoba_last_50": 0.30953191489361703
  },
  "name": "Pete Crow-Armstrong",
  "player_id": 691718,
  "player_name": "Pete Crow-Armstrong",
  "recent_unicorns": [
    {
      "description": "Pete Crow-Armstrong leads MLB in hard-hit rate over his last 50 PA.",
      "metric_value": 0.25,
      "pattern_id": "UNQ-H-0002",
      "run_date": "2025-03-28",
      "score": 2.063148
    }
  ],
  "role": "hitter",
  "roles": [
    "hitter"
  ],
  "team_id": 112,
  "team_name": "CHC"
}
