{
  "basic_batting": {
    "avg": 0.17647058823529413,
    "babip": 0.2391304347826087,
    "bb": 3,
    "doubles": 4,
    "h": 12,
    "hr": 1,
    "iso": 0.10294117647058823,
    "k": 21,
    "obp": 0.2112676056338028,
    "ops": 0.4906793703396852,
    "ops_plus": 40,
    "slg": 0.27941176470588236,
    "triples": 0,
    "woba": 0.2180281690140845,
    "wrc_plus": 8
  },
  "basic_pitching": null,
  "current_team_id": 133,
  "metrics": {
    "barrel_pct_last_50": 0.0,
    "chase_pct_last_50": 0.35106382978723405,
    "contact_pct_last_50": 0.3829787234042553,
    "hard_hit_pct_last_50": 0.2222222222222222,
    "xwoba_last_50": 0.19796
  },
  "name": "Max Muncy",
  "player_id": 691777,
  "player_name": "Max Muncy",
  "recent_unicorns": [
    {
      "description": "Max Muncy: barrel rate vs offspeed pitches: 1 barrels (last 50 AB).",
      "metric_value": 1.0,
      "pattern_id": "UNQ-H-0528",
      "run_date": "2025-04-15",
      "score": 1.0
    }
  ],
  "role": "hitter",
  "roles": [
    "hitter"
  ],
  "team_id": 133,
  "team_name": "ATH"
}
