{
  "basic_batting": {
    "avg": 0.244,
    "babip": 0.2777777777777778,
    "bb": 30,
    "doubles": 37,
    "h": 151,
    "hr": 31,
    "iso": 0.22400000000000003,
    "k": 167,
    "obp": 0.284,
    "ops": 0.752,
    "ops_plus": 106.15388844732591,
    "slg": 0.468,
    "triples": 4,
    "woba": 0.3229596412556054,
    "wrc_plus": 101.6284446730382
  },
  "basic_pitching": null,
  "current_team_id": 112,
  "metrics": {
    "barrel_pct_last_50": 0.05405405405405406,
    "chase_pct_last_50": 0.38961038961038963,
    "contact_pct_last_50": 0.4111111111111111,
    "hard_hit_pct_last_50": 0.2972972972972973,
    "xwoba_last_50": 0.30953191489361703
  },
  "name": "Pete Crow-Armstrong",
  "player_id": 691718,
  "player_name": "Pete Crow-Armstrong",
  "recent_unicorns": [
    {
      "description": "Pete Crow-Armstrong leads MLB in hard-hit rate over his last 50 PA.",
      "metric_value": 0.25,
      "pattern_id": "UNQ-H-0002",
      "run_date": "2025-03-28",
      "score": 2.063148
    }
  ],
  "role": "hitter",
  "roles": [
    "hitter"
  ],
  "team_id": 112,
  "team_name": "CHC"
}
