{
  "basic_batting": {
    "avg": 0.214,
    "babip": 0.2692307692307692,
    "bb": 10,
    "doubles": 7,
    "h": 44,
    "hr": 9,
    "iso": 0.165,
    "k": 68,
    "obp": 0.259,
    "ops": 0.638,
    "ops_plus": 76.15724016970171,
    "slg": 0.379,
    "triples": 0,
    "woba": 0.28077272727272734,
    "wrc_plus": 88.35313127175193
  },
  "basic_pitching": null,
  "current_team_id": 133,
  "metrics": {
    "barrel_pct_last_50": 0.027777777777777776,
    "chase_pct_last_50": 0.3291139240506329,
    "contact_pct_last_50": 0.4,
    "hard_hit_pct_last_50": 0.2777777777777778,
    "xwoba_last_50": 0.24008
  },
  "name": "Max Muncy",
  "player_id": 691777,
  "player_name": "Max Muncy",
  "recent_unicorns": [
    {
      "description": "Max Muncy: barrel rate vs offspeed pitches: 1 barrels (last 50 AB).",
      "metric_value": 1.0,
      "pattern_id": "UNQ-H-0528",
      "run_date": "2025-04-15",
      "score": 1.0
    }
  ],
  "role": "hitter",
  "roles": [
    "hitter"
  ],
  "team_id": 133,
  "team_name": "ATH"
}
