{
  "basic_batting": {
    "avg": 0.11764705882352941,
    "babip": 0.15789473684210525,
    "bb": 2,
    "doubles": 1,
    "h": 4,
    "hr": 1,
    "iso": 0.11764705882352941,
    "k": 14,
    "obp": 0.1891891891891892,
    "ops": 0.424483306836248,
    "ops_plus": 22,
    "slg": 0.23529411764705882,
    "triples": 0,
    "woba": 0.19594594594594594,
    "wrc_plus": 16
  },
  "basic_pitching": null,
  "current_team_id": 115,
  "metrics": {
    "barrel_pct_last_50": 0.0,
    "chase_pct_last_50": 0.3269230769230769,
    "contact_pct_last_50": 0.2465753424657534,
    "hard_hit_pct_last_50": 0.2777777777777778,
    "xwoba_last_50": 0.105
  },
  "name": "Zac Veen",
  "player_id": 691728,
  "player_name": "Zac Veen",
  "recent_unicorns": [],
  "role": "hitter",
  "roles": [
    "hitter"
  ],
  "team_id": 115,
  "team_name": "COL"
}
