{
  "basic_batting": {
    "avg": 0.223,
    "babip": 0.29605263157894735,
    "bb": 29,
    "doubles": 10,
    "h": 51,
    "hr": 6,
    "iso": 0.12199999999999997,
    "k": 72,
    "obp": 0.319,
    "ops": 0.664,
    "ops_plus": 93.52318014216748,
    "slg": 0.345,
    "triples": 0,
    "woba": 0.3016730038022814,
    "wrc_plus": 98.11984114484538
  },
  "basic_pitching": null,
  "current_team_id": 111,
  "metrics": {
    "barrel_pct_last_50": 0.0,
    "chase_pct_last_50": 0.32558139534883723,
    "contact_pct_last_50": 0.35353535353535354,
    "hard_hit_pct_last_50": 0.4,
    "xwoba_last_50": 0.32784
  },
  "name": "Kristian Campbell",
  "player_id": 692225,
  "player_name": "Kristian Campbell",
  "recent_unicorns": [],
  "role": "hitter",
  "roles": [
    "hitter"
  ],
  "team_id": 111,
  "team_name": "BOS"
}
