{
  "basic_batting": {
    "avg": 0.30158730158730157,
    "babip": 0.37209302325581395,
    "bb": 10,
    "doubles": 4,
    "h": 19,
    "hr": 3,
    "iso": 0.20634920634920634,
    "k": 18,
    "obp": 0.3918918918918919,
    "ops": 0.8998283998283998,
    "ops_plus": 158,
    "slg": 0.5079365079365079,
    "triples": 0,
    "woba": 0.3913513513513513,
    "wrc_plus": 135
  },
  "basic_pitching": null,
  "current_team_id": 111,
  "metrics": {
    "barrel_pct_last_50": 0.0,
    "chase_pct_last_50": 0.32558139534883723,
    "contact_pct_last_50": 0.35353535353535354,
    "hard_hit_pct_last_50": 0.4,
    "xwoba_last_50": 0.32784
  },
  "name": "Kristian Campbell",
  "player_id": 692225,
  "player_name": "Kristian Campbell",
  "recent_unicorns": [],
  "role": "hitter",
  "roles": [
    "hitter"
  ],
  "team_id": 111,
  "team_name": "BOS"
}
