{
  "basic_batting": {
    "avg": 0.271,
    "babip": 0.3373493975903614,
    "bb": 28,
    "doubles": 23,
    "h": 126,
    "hr": 14,
    "iso": 0.14799999999999996,
    "k": 120,
    "obp": 0.325,
    "ops": 0.745,
    "ops_plus": 107.02196503172448,
    "slg": 0.419,
    "triples": 2,
    "woba": 0.32896825396825397,
    "wrc_plus": 103.51922570764378
  },
  "basic_pitching": null,
  "current_team_id": 116,
  "metrics": {
    "barrel_pct_last_50": 0.0967741935483871,
    "chase_pct_last_50": 0.35,
    "contact_pct_last_50": 0.34065934065934067,
    "hard_hit_pct_last_50": 0.5161290322580645,
    "xwoba_last_50": 0.3569090909090909
  },
  "name": "Dillon Dingler",
  "player_id": 693307,
  "player_name": "Dillon Dingler",
  "recent_unicorns": [],
  "role": "hitter",
  "roles": [
    "hitter"
  ],
  "team_id": 116,
  "team_name": "DET"
}
