{
  "basic_batting": {
    "avg": 0.26,
    "babip": 0.30618892508143325,
    "bb": 21,
    "doubles": 18,
    "h": 99,
    "hr": 5,
    "iso": 0.10199999999999998,
    "k": 73,
    "obp": 0.299,
    "ops": 0.661,
    "ops_plus": 91.53204977129027,
    "slg": 0.362,
    "triples": 3,
    "woba": 0.29196078431372546,
    "wrc_plus": 94.96091932761324
  },
  "basic_pitching": null,
  "current_team_id": 134,
  "metrics": {
    "barrel_pct_last_50": 0.0,
    "chase_pct_last_50": 0.25,
    "contact_pct_last_50": 0.14285714285714285,
    "hard_hit_pct_last_50": 1.0,
    "xwoba_last_50": 0.24966666666666668
  },
  "name": "Nick Gonzales",
  "player_id": 693304,
  "player_name": "Nick Gonzales",
  "recent_unicorns": [],
  "role": "hitter",
  "roles": [
    "hitter"
  ],
  "team_id": 134,
  "team_name": "PIT"
}
