{
  "basic_batting": {
    "avg": 0.1875,
    "babip": 0.2777777777777778,
    "bb": 6,
    "doubles": 1,
    "h": 6,
    "hr": 1,
    "iso": 0.125,
    "k": 13,
    "obp": 0.4090909090909091,
    "ops": 0.7215909090909092,
    "ops_plus": 112,
    "slg": 0.3125,
    "triples": 0,
    "woba": 0.3497727272727273,
    "wrc_plus": 185
  },
  "basic_pitching": null,
  "current_team_id": 113,
  "metrics": {
    "barrel_pct_last_50": 0.10526315789473684,
    "chase_pct_last_50": 0.30666666666666664,
    "contact_pct_last_50": 0.2714285714285714,
    "hard_hit_pct_last_50": 0.3684210526315789,
    "xwoba_last_50": 0.33102631578947367
  },
  "name": "Blake Dunn",
  "player_id": 694362,
  "player_name": "Blake Dunn",
  "recent_unicorns": [
    {
      "description": "Blake Dunn: 0 weak-contact balls (under 80 mph) in the last 50 AB.",
      "metric_value": 0.0,
      "pattern_id": "UNQ-H-0570",
      "run_date": "2025-04-15",
      "score": 0.0
    }
  ],
  "role": "hitter",
  "roles": [
    "hitter"
  ],
  "team_id": 113,
  "team_name": "CIN"
}
