{
  "basic_batting": {
    "avg": 0.15,
    "babip": 0.23529411764705882,
    "bb": 8,
    "doubles": 2,
    "h": 9,
    "hr": 1,
    "iso": 0.08300000000000002,
    "k": 25,
    "obp": 0.32,
    "ops": 0.553,
    "ops_plus": 64.4413020615552,
    "slg": 0.233,
    "triples": 0,
    "woba": 0.27386666666666665,
    "wrc_plus": 89.07576577788045
  },
  "basic_pitching": null,
  "current_team_id": 113,
  "metrics": {
    "barrel_pct_last_50": 0.08333333333333333,
    "chase_pct_last_50": 0.32142857142857145,
    "contact_pct_last_50": 0.21428571428571427,
    "hard_hit_pct_last_50": 0.4166666666666667,
    "xwoba_last_50": 0.2806551724137931
  },
  "name": "Blake Dunn",
  "player_id": 694362,
  "player_name": "Blake Dunn",
  "recent_unicorns": [
    {
      "description": "Blake Dunn: 0 weak-contact balls (under 80 mph) in the last 50 AB.",
      "metric_value": 0.0,
      "pattern_id": "UNQ-H-0570",
      "run_date": "2025-04-15",
      "score": 0.0
    }
  ],
  "role": "hitter",
  "roles": [
    "hitter"
  ],
  "team_id": 113,
  "team_name": "CIN"
}
