{
  "basic_batting": {
    "avg": 0.18604651162790697,
    "babip": 0.25,
    "bb": 6,
    "doubles": 2,
    "h": 8,
    "hr": 0,
    "iso": 0.046511627906976744,
    "k": 11,
    "obp": 0.2857142857142857,
    "ops": 0.5182724252491694,
    "ops_plus": 52,
    "slg": 0.23255813953488372,
    "triples": 0,
    "woba": 0.2453061224489796,
    "wrc_plus": 83
  },
  "basic_pitching": null,
  "current_team_id": 141,
  "metrics": {
    "barrel_pct_last_50": 0.0,
    "chase_pct_last_50": 0.3764705882352941,
    "contact_pct_last_50": 0.336734693877551,
    "hard_hit_pct_last_50": 0.36363636363636365,
    "xwoba_last_50": 0.21523255813953487
  },
  "name": "Will Wagner",
  "player_id": 695238,
  "player_name": "Will Wagner",
  "recent_unicorns": [],
  "role": "hitter",
  "roles": [
    "hitter"
  ],
  "team_id": 141,
  "team_name": "TOR"
}
