{
  "basic_batting": {
    "avg": 0.225,
    "babip": 0.2871287128712871,
    "bb": 17,
    "doubles": 7,
    "h": 29,
    "hr": 0,
    "iso": 0.05400000000000002,
    "k": 28,
    "obp": 0.324,
    "ops": 0.603,
    "ops_plus": 77.80905462424452,
    "slg": 0.279,
    "triples": 0,
    "woba": 0.28135135135135136,
    "wrc_plus": 91.51017675607275
  },
  "basic_pitching": null,
  "current_team_id": 141,
  "metrics": {
    "barrel_pct_last_50": 0.0,
    "chase_pct_last_50": 0.3764705882352941,
    "contact_pct_last_50": 0.336734693877551,
    "hard_hit_pct_last_50": 0.36363636363636365,
    "xwoba_last_50": 0.21523255813953487
  },
  "name": "Will Wagner",
  "player_id": 695238,
  "player_name": "Will Wagner",
  "recent_unicorns": [],
  "role": "hitter",
  "roles": [
    "hitter"
  ],
  "team_id": 141,
  "team_name": "TOR"
}
