{
  "basic_batting": {
    "avg": 0.23170731707317074,
    "babip": 0.24,
    "bb": 12,
    "doubles": 3,
    "h": 19,
    "hr": 7,
    "iso": 0.29268292682926833,
    "k": 25,
    "obp": 0.3368421052631579,
    "ops": 0.8612323491655969,
    "ops_plus": 144,
    "slg": 0.524390243902439,
    "triples": 0,
    "woba": 0.3738947368421052,
    "wrc_plus": 150
  },
  "basic_pitching": null,
  "current_team_id": 120,
  "metrics": {
    "barrel_pct_last_50": 0.10810810810810811,
    "chase_pct_last_50": 0.32608695652173914,
    "contact_pct_last_50": 0.40860215053763443,
    "hard_hit_pct_last_50": 0.5675675675675675,
    "xwoba_last_50": 0.40616326530612246
  },
  "name": "James Wood",
  "player_id": 695578,
  "player_name": "James Wood",
  "recent_unicorns": [
    {
      "description": "James Wood: average exit velocity vs 95+ mph fastballs = 104.820 mph (last 50 AB).",
      "metric_value": 104.82,
      "pattern_id": "UNQ-H-0523",
      "run_date": "2025-04-15",
      "score": 104.82
    }
  ],
  "role": "hitter",
  "roles": [
    "hitter"
  ],
  "team_id": 120,
  "team_name": "WSH"
}
