{
  "basic_batting": {
    "avg": 0.21568627450980393,
    "babip": 0.23529411764705882,
    "bb": 3,
    "doubles": 3,
    "h": 11,
    "hr": 3,
    "iso": 0.23529411764705882,
    "k": 14,
    "obp": 0.2857142857142857,
    "ops": 0.7366946778711485,
    "ops_plus": 109,
    "slg": 0.45098039215686275,
    "triples": 0,
    "woba": 0.3226785714285714,
    "wrc_plus": 99
  },
  "basic_pitching": null,
  "current_team_id": 115,
  "metrics": {
    "barrel_pct_last_50": 0.058823529411764705,
    "chase_pct_last_50": 0.5185185185185185,
    "contact_pct_last_50": 0.3238095238095238,
    "hard_hit_pct_last_50": 0.4411764705882353,
    "xwoba_last_50": 0.30186
  },
  "name": "Hunter Goodman",
  "player_id": 696100,
  "player_name": "Hunter Goodman",
  "recent_unicorns": [],
  "role": "hitter",
  "roles": [
    "hitter"
  ],
  "team_id": 115,
  "team_name": "COL"
}
