{
  "basic_batting": {
    "avg": 0.234375,
    "babip": 0.2857142857142857,
    "bb": 7,
    "doubles": 3,
    "h": 15,
    "hr": 3,
    "iso": 0.1875,
    "k": 19,
    "obp": 0.3287671232876712,
    "ops": 0.7506421232876712,
    "ops_plus": 115,
    "slg": 0.421875,
    "triples": 0,
    "woba": 0.3341095890410959,
    "wrc_plus": 115
  },
  "basic_pitching": null,
  "current_team_id": 115,
  "metrics": {
    "barrel_pct_last_50": 0.05555555555555555,
    "chase_pct_last_50": 0.4318181818181818,
    "contact_pct_last_50": 0.33962264150943394,
    "hard_hit_pct_last_50": 0.4444444444444444,
    "xwoba_last_50": 0.2689
  },
  "name": "Hunter Goodman",
  "player_id": 696100,
  "player_name": "Hunter Goodman",
  "recent_unicorns": [],
  "role": "hitter",
  "roles": [
    "hitter"
  ],
  "team_id": 115,
  "team_name": "COL"
}
