{
  "basic_batting": {
    "avg": 0.25806451612903225,
    "babip": 0.2857142857142857,
    "bb": 7,
    "doubles": 1,
    "h": 8,
    "hr": 0,
    "iso": 0.03225806451612906,
    "k": 3,
    "obp": 0.41025641025641024,
    "ops": 0.7005789909015716,
    "ops_plus": 108,
    "slg": 0.2903225806451613,
    "triples": 0,
    "woba": 0.33461538461538465,
    "wrc_plus": 119
  },
  "basic_pitching": null,
  "current_team_id": 120,
  "metrics": {
    "barrel_pct_last_50": 0.0,
    "chase_pct_last_50": 0.2,
    "contact_pct_last_50": 0.5531914893617021,
    "hard_hit_pct_last_50": 0.3076923076923077,
    "xwoba_last_50": 0.2663793103448276
  },
  "name": "Jacob Young",
  "player_id": 696285,
  "player_name": "Jacob Young",
  "recent_unicorns": [],
  "role": "hitter",
  "roles": [
    "hitter"
  ],
  "team_id": 120,
  "team_name": "WSH"
}
