{
  "basic_batting": {
    "avg": 0.17647058823529413,
    "babip": 0.15151515151515152,
    "bb": 10,
    "doubles": 1,
    "h": 9,
    "hr": 4,
    "iso": 0.2941176470588235,
    "k": 16,
    "obp": 0.3125,
    "ops": 0.7830882352941176,
    "ops_plus": 123,
    "slg": 0.47058823529411764,
    "triples": 1,
    "woba": 0.3371875,
    "wrc_plus": 141
  },
  "basic_pitching": null,
  "current_team_id": 114,
  "metrics": {
    "barrel_pct_last_50": 0.029411764705882353,
    "chase_pct_last_50": 0.26582278481012656,
    "contact_pct_last_50": 0.37362637362637363,
    "hard_hit_pct_last_50": 0.38235294117647056,
    "xwoba_last_50": 0.258
  },
  "name": "Kyle Manzardo",
  "player_id": 700932,
  "player_name": "Kyle Manzardo",
  "recent_unicorns": [],
  "role": "hitter",
  "roles": [
    "hitter"
  ],
  "team_id": 114,
  "team_name": "CLE"
}
