{
  "basic_batting": {
    "avg": 0.21212121212121213,
    "babip": 0.18604651162790697,
    "bb": 11,
    "doubles": 2,
    "h": 14,
    "hr": 6,
    "iso": 0.33333333333333326,
    "k": 20,
    "obp": 0.32098765432098764,
    "ops": 0.866442199775533,
    "slg": 0.5454545454545454,
    "triples": 1,
    "woba": 0.35802469135802467
  },
  "basic_pitching": null,
  "current_team_id": 114,
  "metrics": {
    "barrel_pct_last_50": 0.030303030303030304,
    "chase_pct_last_50": 0.26136363636363635,
    "contact_pct_last_50": 0.336734693877551,
    "hard_hit_pct_last_50": 0.5151515151515151,
    "xwoba_last_50": 0.31848
  },
  "name": "Kyle Manzardo",
  "player_id": 700932,
  "player_name": "Kyle Manzardo",
  "recent_unicorns": [],
  "role": "hitter",
  "roles": [
    "hitter"
  ],
  "team_id": 114,
  "team_name": "CLE"
}
