{
  "basic_batting": {
    "avg": 0.245,
    "babip": 0.3728813559322034,
    "bb": 11,
    "doubles": 6,
    "h": 24,
    "hr": 2,
    "iso": 0.122,
    "k": 37,
    "obp": 0.321,
    "ops": 0.688,
    "ops_plus": 99.94451540147745,
    "slg": 0.367,
    "triples": 0,
    "woba": 0.30871559633027523,
    "wrc_plus": 100.4104606281437
  },
  "basic_pitching": null,
  "current_team_id": 117,
  "metrics": {
    "barrel_pct_last_50": 0.0,
    "chase_pct_last_50": 0.36,
    "contact_pct_last_50": 0.25806451612903225,
    "hard_hit_pct_last_50": 0.25,
    "xwoba_last_50": 0.17173333333333332
  },
  "name": "Zach Dezenzo",
  "player_id": 701305,
  "player_name": "Zach Dezenzo",
  "recent_unicorns": [],
  "role": "hitter",
  "roles": [
    "hitter"
  ],
  "team_id": 117,
  "team_name": "HOU"
}
