{
  "basic_batting": {
    "avg": 0.13333333333333333,
    "babip": 0.25,
    "bb": 1,
    "doubles": 0,
    "h": 2,
    "hr": 0,
    "iso": 0.0,
    "k": 7,
    "obp": 0.1875,
    "ops": 0.3208333333333333,
    "ops_plus": -5,
    "slg": 0.13333333333333333,
    "triples": 0,
    "woba": 0.15437499999999998,
    "wrc_plus": 35
  },
  "basic_pitching": null,
  "current_team_id": 117,
  "metrics": {
    "barrel_pct_last_50": 0.0,
    "chase_pct_last_50": 0.36,
    "contact_pct_last_50": 0.25806451612903225,
    "hard_hit_pct_last_50": 0.25,
    "xwoba_last_50": 0.17173333333333332
  },
  "name": "Zach Dezenzo",
  "player_id": 701305,
  "player_name": "Zach Dezenzo",
  "recent_unicorns": [],
  "role": "hitter",
  "roles": [
    "hitter"
  ],
  "team_id": 117,
  "team_name": "HOU"
}
