{
  "basic_batting": {
    "avg": 0.191,
    "babip": 0.24,
    "bb": 8,
    "doubles": 6,
    "h": 26,
    "hr": 2,
    "iso": 0.10299999999999998,
    "k": 37,
    "obp": 0.261,
    "ops": 0.556,
    "ops_plus": 61.41603755654388,
    "slg": 0.294,
    "triples": 1,
    "woba": 0.2510457516339869,
    "wrc_plus": 81.6532104628078
  },
  "basic_pitching": null,
  "current_team_id": 141,
  "metrics": {
    "barrel_pct_last_50": 0.0,
    "chase_pct_last_50": 0.34444444444444444,
    "contact_pct_last_50": 0.4444444444444444,
    "hard_hit_pct_last_50": 0.3,
    "xwoba_last_50": 0.21608
  },
  "name": "Alan Roden",
  "player_id": 702176,
  "player_name": "Alan Roden",
  "recent_unicorns": [],
  "role": "hitter",
  "roles": [
    "hitter"
  ],
  "team_id": 141,
  "team_name": "TOR"
}
