{
  "basic_batting": {
    "avg": 0.253,
    "babip": 0.2914438502673797,
    "bb": 45,
    "doubles": 15,
    "h": 114,
    "hr": 5,
    "iso": 0.067,
    "k": 72,
    "obp": 0.329,
    "ops": 0.649,
    "ops_plus": 90.18681846403365,
    "slg": 0.32,
    "triples": 0,
    "woba": 0.2959760956175299,
    "wrc_plus": 96.2669086017964
  },
  "basic_pitching": null,
  "current_team_id": 145,
  "metrics": {
    "barrel_pct_last_50": 0.0,
    "chase_pct_last_50": 0.26666666666666666,
    "contact_pct_last_50": 0.42105263157894735,
    "hard_hit_pct_last_50": 0.125,
    "xwoba_last_50": 0.2561
  },
  "name": "Chase Meidroth",
  "player_id": 805367,
  "player_name": "Chase Meidroth",
  "recent_unicorns": [],
  "role": "hitter",
  "roles": [
    "hitter"
  ],
  "team_id": 145,
  "team_name": "CWS"
}
