{
  "basic_batting": {
    "avg": 0.2692307692307692,
    "babip": 0.3181818181818182,
    "bb": 5,
    "doubles": 0,
    "h": 7,
    "hr": 0,
    "iso": 0.0,
    "k": 4,
    "obp": 0.3870967741935484,
    "ops": 0.6563275434243176,
    "ops_plus": 94,
    "slg": 0.2692307692307692,
    "triples": 0,
    "woba": 0.31225806451612903,
    "wrc_plus": 128
  },
  "basic_pitching": null,
  "current_team_id": 145,
  "metrics": {
    "barrel_pct_last_50": 0.0,
    "chase_pct_last_50": 0.2631578947368421,
    "contact_pct_last_50": 0.4722222222222222,
    "hard_hit_pct_last_50": 0.29411764705882354,
    "xwoba_last_50": 0.2652857142857143
  },
  "name": "Chase Meidroth",
  "player_id": 805367,
  "player_name": "Chase Meidroth",
  "recent_unicorns": [],
  "role": "hitter",
  "roles": [
    "hitter"
  ],
  "team_id": 145,
  "team_name": "CWS"
}
