{
  "basic_batting": {
    "avg": 0.3333333333333333,
    "babip": 0.375,
    "bb": 7,
    "doubles": 9,
    "h": 21,
    "hr": 3,
    "iso": 0.3174603174603175,
    "k": 12,
    "obp": 0.4,
    "ops": 1.0507936507936508,
    "ops_plus": 198,
    "slg": 0.6507936507936508,
    "triples": 1,
    "woba": 0.4471428571428572,
    "wrc_plus": 258
  },
  "basic_pitching": null,
  "current_team_id": 137,
  "metrics": {
    "barrel_pct_last_50": 0.04878048780487805,
    "chase_pct_last_50": 0.2916666666666667,
    "contact_pct_last_50": 0.43157894736842106,
    "hard_hit_pct_last_50": 0.4634146341463415,
    "xwoba_last_50": 0.376
  },
  "name": "Jung Hoo Lee",
  "player_id": 808982,
  "player_name": "Jung Hoo Lee",
  "recent_unicorns": [],
  "role": "hitter",
  "roles": [
    "hitter"
  ],
  "team_id": 137,
  "team_name": "SF"
}
