{
  "basic_batting": {
    "avg": 0.253,
    "babip": 0.32547169811320753,
    "bb": 15,
    "doubles": 13,
    "h": 70,
    "hr": 1,
    "iso": 0.056999999999999995,
    "k": 64,
    "obp": 0.294,
    "ops": 0.604,
    "ops_plus": 76.2663346891195,
    "slg": 0.31,
    "triples": 0,
    "woba": 0.2713993174061433,
    "wrc_plus": 88.27325473300725
  },
  "basic_pitching": null,
  "current_team_id": 136,
  "metrics": {
    "barrel_pct_last_50": 0.0,
    "chase_pct_last_50": 0.3333333333333333,
    "contact_pct_last_50": 0.16666666666666666,
    "hard_hit_pct_last_50": 0.5,
    "xwoba_last_50": 0.3473333333333333
  },
  "name": "Ben Williamson",
  "player_id": 810938,
  "player_name": "Ben Williamson",
  "recent_unicorns": [],
  "role": "hitter",
  "roles": [
    "hitter"
  ],
  "team_id": 136,
  "team_name": "SEA"
}
