{
  "basic_batting": null,
  "basic_pitching": null,
  "current_team_id": 141,
  "metrics": {
    "barrel_pct_last_50": 0.08333333333333333,
    "chase_pct_last_50": 0.19767441860465115,
    "contact_pct_last_50": 0.43902439024390244,
    "hard_hit_pct_last_50": 0.5833333333333334,
    "xwoba_last_50": 0.3664081632653061
  },
  "name": "George Springer",
  "player_id": 543807,
  "player_name": "George Springer",
  "recent_unicorns": [],
  "role": "hitter",
  "roles": [
    "hitter"
  ],
  "team_id": 141,
  "team_name": "TOR"
}
