{
  "basic_batting": null,
  "basic_pitching": null,
  "current_team_id": 145,
  "metrics": {
    "barrel_pct_last_50": 0.027777777777777776,
    "chase_pct_last_50": 0.23595505617977527,
    "contact_pct_last_50": 0.42857142857142855,
    "hard_hit_pct_last_50": 0.4444444444444444,
    "xwoba_last_50": 0.23053061224489796
  },
  "name": "Miguel Vargas",
  "player_id": 678246,
  "player_name": "Miguel Vargas",
  "recent_unicorns": [],
  "role": "hitter",
  "roles": [
    "hitter"
  ],
  "team_id": 145,
  "team_name": "CWS"
}
