{
  "current_team_id": 136,
  "metrics": {
    "barrel_pct_last_50": 0.06666666666666667,
    "chase_pct_last_50": 0.5384615384615384,
    "contact_pct_last_50": 0.3,
    "hard_hit_pct_last_50": 0.26666666666666666,
    "xwoba_last_50": 0.15430434782608696
  },
  "name": "Donovan Solano",
  "player_id": 456781,
  "player_name": "Donovan Solano",
  "recent_unicorns": [],
  "role": "hitter",
  "roles": [
    "hitter"
  ],
  "team_id": 136,
  "team_name": "SEA"
}
