{
  "current_team_id": 140,
  "metrics": {
    "barrel_pct_last_50": 0.05714285714285714,
    "chase_pct_last_50": 0.27184466019417475,
    "contact_pct_last_50": 0.3431372549019608,
    "hard_hit_pct_last_50": 0.45714285714285713,
    "xwoba_last_50": 0.34984
  },
  "name": "Corey Seager",
  "player_id": 608369,
  "player_name": "Corey Seager",
  "recent_unicorns": [],
  "role": "hitter",
  "roles": [
    "hitter"
  ],
  "team_id": 140,
  "team_name": "TEX"
}
