{
  "current_team_id": 141,
  "metrics": {
    "barrel_pct_last_50": 0.029411764705882353,
    "chase_pct_last_50": 0.31683168316831684,
    "contact_pct_last_50": 0.35789473684210527,
    "hard_hit_pct_last_50": 0.4117647058823529,
    "xwoba_last_50": 0.28148
  },
  "name": "Anthony Santander",
  "player_id": 623993,
  "player_name": "Anthony Santander",
  "recent_unicorns": [],
  "role": "hitter",
  "roles": [
    "hitter"
  ],
  "team_id": 141,
  "team_name": "TOR"
}
