{
  "current_team_id": 117,
  "metrics": {
    "barrel_pct_last_50": 0.0,
    "chase_pct_last_50": 0.2641509433962264,
    "contact_pct_last_50": 0.48936170212765956,
    "hard_hit_pct_last_50": 0.21739130434782608,
    "xwoba_last_50": 0.29560714285714285
  },
  "name": "Mauricio Dubón",
  "player_id": 643289,
  "player_name": "Mauricio Dubón",
  "recent_unicorns": [],
  "role": "hitter",
  "roles": [
    "hitter"
  ],
  "team_id": 117,
  "team_name": "HOU"
}
