{
  "current_team_id": 109,
  "metrics": {
    "barrel_pct_last_50": 0.0,
    "chase_pct_last_50": 0.2127659574468085,
    "contact_pct_last_50": 0.5070422535211268,
    "hard_hit_pct_last_50": 0.5277777777777778,
    "xwoba_last_50": 0.39210204081632655
  },
  "name": "Josh Naylor",
  "player_id": 647304,
  "player_name": "Josh Naylor",
  "recent_unicorns": [],
  "role": "hitter",
  "roles": [
    "hitter"
  ],
  "team_id": 109,
  "team_name": "AZ"
}
