{
  "current_team_id": 138,
  "metrics": {
    "barrel_pct_last_50": 0.0,
    "chase_pct_last_50": 0.4090909090909091,
    "contact_pct_last_50": 0.4782608695652174,
    "hard_hit_pct_last_50": 0.45454545454545453,
    "xwoba_last_50": 0.31808333333333333
  },
  "name": "Yohel Pozo",
  "player_id": 650968,
  "player_name": "Yohel Pozo",
  "recent_unicorns": [],
  "role": "hitter",
  "roles": [
    "hitter"
  ],
  "team_id": 138,
  "team_name": "STL"
}
