{
  "current_team_id": 158,
  "metrics": {
    "barrel_pct_last_50": 0.03225806451612903,
    "chase_pct_last_50": 0.1717171717171717,
    "contact_pct_last_50": 0.3263157894736842,
    "hard_hit_pct_last_50": 0.41935483870967744,
    "xwoba_last_50": 0.316
  },
  "name": "Rhys Hoskins",
  "player_id": 656555,
  "player_name": "Rhys Hoskins",
  "recent_unicorns": [],
  "role": "hitter",
  "roles": [
    "hitter"
  ],
  "team_id": 158,
  "team_name": "MIL"
}
