{
  "current_team_id": 108,
  "metrics": {
    "barrel_pct_last_50": 0.0,
    "chase_pct_last_50": 0.1864406779661017,
    "contact_pct_last_50": 0.30952380952380953,
    "hard_hit_pct_last_50": 0.3076923076923077,
    "xwoba_last_50": 0.26062962962962966
  },
  "name": "Yoán Moncada",
  "player_id": 660162,
  "player_name": "Yoán Moncada",
  "recent_unicorns": [],
  "role": "hitter",
  "roles": [
    "hitter"
  ],
  "team_id": 108,
  "team_name": "LAA"
}
