{
  "current_team_id": 147,
  "metrics": {
    "barrel_pct_last_50": 0.06896551724137931,
    "chase_pct_last_50": 0.23300970873786409,
    "contact_pct_last_50": 0.30526315789473685,
    "hard_hit_pct_last_50": 0.4482758620689655,
    "xwoba_last_50": 0.31178
  },
  "name": "Jazz Chisholm Jr.",
  "player_id": 665862,
  "player_name": "Jazz Chisholm Jr.",
  "recent_unicorns": [],
  "role": "hitter",
  "roles": [
    "hitter"
  ],
  "team_id": 147,
  "team_name": "NYY"
}
