{
  "current_team_id": 114,
  "metrics": {
    "barrel_pct_last_50": 0.0,
    "chase_pct_last_50": 0.23255813953488372,
    "contact_pct_last_50": 0.2619047619047619,
    "hard_hit_pct_last_50": 0.5909090909090909,
    "xwoba_last_50": 0.27495454545454545
  },
  "name": "Nolan Jones",
  "player_id": 666134,
  "player_name": "Nolan Jones",
  "recent_unicorns": [],
  "role": "hitter",
  "roles": [
    "hitter"
  ],
  "team_id": 114,
  "team_name": "CLE"
}
