{
  "current_team_id": 119,
  "metrics": {
    "barrel_pct_last_50": 0.06666666666666667,
    "chase_pct_last_50": 0.19540229885057472,
    "contact_pct_last_50": 0.38961038961038963,
    "hard_hit_pct_last_50": 0.4666666666666667,
    "xwoba_last_50": 0.31706
  },
  "name": "Will Smith",
  "player_id": 669257,
  "player_name": "Will Smith",
  "recent_unicorns": [],
  "role": "hitter",
  "roles": [
    "hitter"
  ],
  "team_id": 119,
  "team_name": "LAD"
}
