{
  "current_team_id": 117,
  "metrics": {
    "barrel_pct_last_50": 0.0,
    "chase_pct_last_50": 0.28448275862068967,
    "contact_pct_last_50": 0.35106382978723405,
    "hard_hit_pct_last_50": 0.3939393939393939,
    "xwoba_last_50": 0.32348979591836735
  },
  "name": "Isaac Paredes",
  "player_id": 670623,
  "player_name": "Isaac Paredes",
  "recent_unicorns": [],
  "role": "hitter",
  "roles": [
    "hitter"
  ],
  "team_id": 117,
  "team_name": "HOU"
}
