{
  "current_team_id": 137,
  "metrics": {
    "barrel_pct_last_50": 0.05714285714285714,
    "chase_pct_last_50": 0.4105263157894737,
    "contact_pct_last_50": 0.35714285714285715,
    "hard_hit_pct_last_50": 0.42857142857142855,
    "xwoba_last_50": 0.29036
  },
  "name": "Heliot Ramos",
  "player_id": 671218,
  "player_name": "Heliot Ramos",
  "recent_unicorns": [],
  "role": "hitter",
  "roles": [
    "hitter"
  ],
  "team_id": 137,
  "team_name": "SF"
}
