{
  "current_team_id": 117,
  "metrics": {
    "barrel_pct_last_50": 0.05555555555555555,
    "chase_pct_last_50": 0.42342342342342343,
    "contact_pct_last_50": 0.3564356435643564,
    "hard_hit_pct_last_50": 0.2777777777777778,
    "xwoba_last_50": 0.20342
  },
  "name": "Yainer Diaz",
  "player_id": 673237,
  "player_name": "Yainer Diaz",
  "recent_unicorns": [],
  "role": "hitter",
  "roles": [
    "hitter"
  ],
  "team_id": 117,
  "team_name": "HOU"
}
