{
  "current_team_id": 145,
  "metrics": {
    "barrel_pct_last_50": 0.0,
    "chase_pct_last_50": 0.20634920634920634,
    "contact_pct_last_50": 0.5686274509803921,
    "hard_hit_pct_last_50": 0.2413793103448276,
    "xwoba_last_50": 0.1914102564102564
  },
  "name": "Jacob Amaya",
  "player_id": 676070,
  "player_name": "Jacob Amaya",
  "recent_unicorns": [],
  "role": "hitter",
  "roles": [
    "hitter"
  ],
  "team_id": 145,
  "team_name": "CWS"
}
