{
  "current_team_id": 158,
  "metrics": {
    "barrel_pct_last_50": 0.0,
    "chase_pct_last_50": 0.2777777777777778,
    "contact_pct_last_50": 0.3620689655172414,
    "hard_hit_pct_last_50": 0.2857142857142857,
    "xwoba_last_50": 0.20609677419354838
  },
  "name": "Vinny Capra",
  "player_id": 681962,
  "player_name": "Vinny Capra",
  "recent_unicorns": [],
  "role": "hitter",
  "roles": [
    "hitter"
  ],
  "team_id": 158,
  "team_name": "MIL"
}
