{
  "current_team_id": 112,
  "metrics": {
    "barrel_pct_last_50": 0.05714285714285714,
    "chase_pct_last_50": 0.21649484536082475,
    "contact_pct_last_50": 0.4166666666666667,
    "hard_hit_pct_last_50": 0.4857142857142857,
    "xwoba_last_50": 0.41492
  },
  "name": "Michael Busch",
  "player_id": 683737,
  "player_name": "Michael Busch",
  "recent_unicorns": [],
  "role": "hitter",
  "roles": [
    "hitter"
  ],
  "team_id": 112,
  "team_name": "CHC"
}
