{
  "current_team_id": 158,
  "metrics": {
    "barrel_pct_last_50": 0.0,
    "chase_pct_last_50": 0.1523809523809524,
    "contact_pct_last_50": 0.4523809523809524,
    "hard_hit_pct_last_50": 0.3684210526315789,
    "xwoba_last_50": 0.36875510204081635
  },
  "name": "Sal Frelick",
  "player_id": 686217,
  "player_name": "Sal Frelick",
  "recent_unicorns": [],
  "role": "hitter",
  "roles": [
    "hitter"
  ],
  "team_id": 158,
  "team_name": "MIL"
}
