{
  "current_team_id": 115,
  "metrics": {
    "barrel_pct_last_50": 0.0,
    "chase_pct_last_50": 0.2982456140350877,
    "contact_pct_last_50": 0.23529411764705882,
    "hard_hit_pct_last_50": 0.3333333333333333,
    "xwoba_last_50": 0.19456521739130433
  },
  "name": "Jordan Beck",
  "player_id": 687597,
  "player_name": "Jordan Beck",
  "recent_unicorns": [],
  "role": "hitter",
  "roles": [
    "hitter"
  ],
  "team_id": 115,
  "team_name": "COL"
}
