{
  "current_team_id": 115,
  "metrics": {
    "barrel_pct_last_50": 0.06060606060606061,
    "chase_pct_last_50": 0.4470588235294118,
    "contact_pct_last_50": 0.3473684210526316,
    "hard_hit_pct_last_50": 0.42424242424242425,
    "xwoba_last_50": 0.30876
  },
  "name": "Hunter Goodman",
  "player_id": 696100,
  "player_name": "Hunter Goodman",
  "recent_unicorns": [],
  "role": "hitter",
  "roles": [
    "hitter"
  ],
  "team_id": 115,
  "team_name": "COL"
}
