{
  "current_team_id": 114,
  "metrics": {
    "barrel_pct_last_50": 0.03571428571428571,
    "chase_pct_last_50": 0.20408163265306123,
    "contact_pct_last_50": 0.32941176470588235,
    "hard_hit_pct_last_50": 0.42857142857142855,
    "xwoba_last_50": 0.31534
  },
  "name": "Kyle Manzardo",
  "player_id": 700932,
  "player_name": "Kyle Manzardo",
  "recent_unicorns": [],
  "role": "hitter",
  "roles": [
    "hitter"
  ],
  "team_id": 114,
  "team_name": "CLE"
}
