{
  "current_team_id": 117,
  "metrics": {
    "barrel_pct_last_50": 0.0,
    "chase_pct_last_50": 0.19718309859154928,
    "contact_pct_last_50": 0.410958904109589,
    "hard_hit_pct_last_50": 0.43333333333333335,
    "xwoba_last_50": 0.30129787234042554
  },
  "name": "Cam Smith",
  "player_id": 701358,
  "player_name": "Cam Smith",
  "recent_unicorns": [],
  "role": "hitter",
  "roles": [
    "hitter"
  ],
  "team_id": 117,
  "team_name": "HOU"
}
