{
  "current_team_id": 137,
  "metrics": {
    "barrel_pct_last_50": 0.05405405405405406,
    "chase_pct_last_50": 0.2818181818181818,
    "contact_pct_last_50": 0.3894736842105263,
    "hard_hit_pct_last_50": 0.4594594594594595,
    "xwoba_last_50": 0.40088
  },
  "name": "Jung Hoo Lee",
  "player_id": 808982,
  "player_name": "Jung Hoo Lee",
  "recent_unicorns": [],
  "role": "hitter",
  "roles": [
    "hitter"
  ],
  "team_id": 137,
  "team_name": "SF"
}
