{
  "basic_batting": {
    "avg": 0.25,
    "babip": 0.35294117647058826,
    "bb": 1,
    "doubles": 0,
    "h": 7,
    "hr": 1,
    "iso": 0.10714285714285715,
    "k": 10,
    "obp": 0.27586206896551724,
    "ops": 0.6330049261083743,
    "ops_plus": 82,
    "slg": 0.35714285714285715,
    "triples": 0,
    "woba": 0.2803448275862069,
    "wrc_plus": 39
  },
  "basic_pitching": null,
  "current_team_id": 135,
  "metrics": {
    "barrel_pct_last_50": 0.1111111111111111,
    "chase_pct_last_50": 0.41025641025641024,
    "contact_pct_last_50": 0.375,
    "hard_hit_pct_last_50": 0.2777777777777778,
    "xwoba_last_50": 0.28685714285714287
  },
  "name": "Martín Maldonado",
  "player_id": 455117,
  "player_name": "Martín Maldonado",
  "recent_unicorns": [],
  "role": "hitter",
  "roles": [
    "hitter"
  ],
  "team_id": 135,
  "team_name": "SD"
}
