{
  "basic_batting": {
    "avg": 0.08695652173913043,
    "babip": 0.13333333333333333,
    "bb": 0,
    "doubles": 0,
    "h": 2,
    "hr": 0,
    "iso": 0.0,
    "k": 8,
    "obp": 0.08695652173913043,
    "ops": 0.17391304347826086,
    "ops_plus": -49,
    "slg": 0.08695652173913043,
    "triples": 0,
    "woba": 0.07739130434782608,
    "wrc_plus": -183
  },
  "basic_pitching": null,
  "current_team_id": 136,
  "metrics": {
    "barrel_pct_last_50": 0.06666666666666667,
    "chase_pct_last_50": 0.5384615384615384,
    "contact_pct_last_50": 0.3,
    "hard_hit_pct_last_50": 0.26666666666666666,
    "xwoba_last_50": 0.15430434782608696
  },
  "name": "Donovan Solano",
  "player_id": 456781,
  "player_name": "Donovan Solano",
  "recent_unicorns": [],
  "role": "hitter",
  "roles": [
    "hitter"
  ],
  "team_id": 136,
  "team_name": "SEA"
}
