{
  "current_team_id": 112,
  "metrics": {
    "barrel_pct_last_50": 0.0,
    "chase_pct_last_50": 0.28378378378378377,
    "contact_pct_last_50": 0.27906976744186046,
    "hard_hit_pct_last_50": 0.20833333333333334,
    "xwoba_last_50": 0.24142424242424243
  },
  "name": "Justin Turner",
  "player_id": 457759,
  "player_name": "Justin Turner",
  "recent_unicorns": [],
  "role": "hitter",
  "roles": [
    "hitter"
  ],
  "team_id": 112,
  "team_name": "CHC"
}
