{
  "basic_batting": {
    "avg": 0.15151515151515152,
    "babip": 0.2,
    "bb": 5,
    "doubles": 0,
    "h": 5,
    "hr": 0,
    "iso": 0.0,
    "k": 9,
    "obp": 0.275,
    "ops": 0.4265151515151515,
    "ops_plus": 27,
    "slg": 0.15151515151515152,
    "triples": 0,
    "woba": 0.21550000000000002,
    "wrc_plus": 102
  },
  "basic_pitching": null,
  "current_team_id": 112,
  "metrics": {
    "barrel_pct_last_50": 0.0,
    "chase_pct_last_50": 0.2948717948717949,
    "contact_pct_last_50": 0.2840909090909091,
    "hard_hit_pct_last_50": 0.2,
    "xwoba_last_50": 0.2304
  },
  "name": "Justin Turner",
  "player_id": 457759,
  "player_name": "Justin Turner",
  "recent_unicorns": [],
  "role": "hitter",
  "roles": [
    "hitter"
  ],
  "team_id": 112,
  "team_name": "CHC"
}
