{
  "basic_batting": {
    "avg": 0.11538461538461539,
    "babip": 0.15,
    "bb": 3,
    "doubles": 1,
    "h": 3,
    "hr": 0,
    "iso": 0.038461538461538464,
    "k": 6,
    "obp": 0.20689655172413793,
    "ops": 0.36074270557029176,
    "ops_plus": 7,
    "slg": 0.15384615384615385,
    "triples": 0,
    "woba": 0.17655172413793102,
    "wrc_plus": 18
  },
  "basic_pitching": null,
  "current_team_id": 135,
  "metrics": {
    "barrel_pct_last_50": 0.0,
    "chase_pct_last_50": 0.42,
    "contact_pct_last_50": 0.43478260869565216,
    "hard_hit_pct_last_50": 0.15789473684210525,
    "xwoba_last_50": 0.14016
  },
  "name": "Yuli Gurriel",
  "player_id": 493329,
  "player_name": "Yuli Gurriel",
  "recent_unicorns": [],
  "role": "hitter",
  "roles": [
    "hitter"
  ],
  "team_id": 135,
  "team_name": "SD"
}
