{
  "basic_batting": {
    "avg": 0.13333333333333333,
    "babip": 0.16666666666666666,
    "bb": 4,
    "doubles": 1,
    "h": 4,
    "hr": 0,
    "iso": 0.033333333333333326,
    "k": 6,
    "obp": 0.23529411764705882,
    "ops": 0.4019607843137255,
    "ops_plus": 19,
    "slg": 0.16666666666666666,
    "triples": 0,
    "woba": 0.19705882352941173,
    "wrc_plus": 39
  },
  "basic_pitching": null,
  "current_team_id": 135,
  "metrics": {
    "barrel_pct_last_50": 0.0,
    "chase_pct_last_50": 0.42,
    "contact_pct_last_50": 0.46938775510204084,
    "hard_hit_pct_last_50": 0.18181818181818182,
    "xwoba_last_50": 0.14357142857142857
  },
  "name": "Yuli Gurriel",
  "player_id": 493329,
  "player_name": "Yuli Gurriel",
  "recent_unicorns": [],
  "role": "hitter",
  "roles": [
    "hitter"
  ],
  "team_id": 135,
  "team_name": "SD"
}
