{
  "basic_batting": {
    "avg": 0.18421052631578946,
    "babip": 0.21428571428571427,
    "bb": 1,
    "doubles": 2,
    "h": 7,
    "hr": 1,
    "iso": 0.13157894736842105,
    "k": 10,
    "obp": 0.2727272727272727,
    "ops": 0.5885167464114832,
    "ops_plus": 69,
    "slg": 0.3157894736842105,
    "triples": 0,
    "woba": 0.2675,
    "wrc_plus": 109
  },
  "basic_pitching": null,
  "current_team_id": 121,
  "metrics": {
    "barrel_pct_last_50": 0.0,
    "chase_pct_last_50": 0.3424657534246575,
    "contact_pct_last_50": 0.33766233766233766,
    "hard_hit_pct_last_50": 0.3076923076923077,
    "xwoba_last_50": 0.2836923076923077
  },
  "name": "Starling Marte",
  "player_id": 516782,
  "player_name": "Starling Marte",
  "recent_unicorns": [],
  "role": "hitter",
  "roles": [
    "hitter"
  ],
  "team_id": 121,
  "team_name": "NYM"
}
