{
  "basic_batting": {
    "avg": 0.21,
    "babip": 0.2692307692307692,
    "bb": 5,
    "doubles": 2,
    "h": 21,
    "hr": 0,
    "iso": 0.020000000000000018,
    "k": 22,
    "obp": 0.262,
    "ops": 0.492,
    "ops_plus": 44.93612853359687,
    "slg": 0.23,
    "triples": 0,
    "woba": 0.2274766355140187,
    "wrc_plus": 73.98730101626221
  },
  "basic_pitching": {
    "babip": 0.26666666666666666,
    "bb": 4,
    "era": 7.36,
    "fip": 6.398314278561294,
    "h": 4,
    "hr": 0,
    "ip": 3.2,
    "whip": 2.182
  },
  "current_team_id": 112,
  "metrics": {
    "barrel_pct_last_50": 0.0,
    "chase_pct_last_50": 0.3333333333333333,
    "contact_pct_last_50": 0.42857142857142855,
    "hard_hit_pct_last_50": 0.3333333333333333,
    "xwoba_last_50": 0.256
  },
  "name": "Jon Berti",
  "player_id": 542932,
  "player_name": "Jon Berti",
  "recent_unicorns": [],
  "role": "hitter",
  "roles": [
    "hitter"
  ],
  "team_id": 112,
  "team_name": "CHC"
}
