{
  "basic_batting": {
    "avg": 0.14285714285714285,
    "babip": 0.16666666666666666,
    "bb": 1,
    "doubles": 0,
    "h": 2,
    "hr": 0,
    "iso": 0.0,
    "k": 2,
    "obp": 0.25,
    "ops": 0.39285714285714285,
    "ops_plus": 18,
    "slg": 0.14285714285714285,
    "triples": 0,
    "woba": 0.199375,
    "wrc_plus": 3
  },
  "basic_pitching": {
    "babip": 0.26666666666666666,
    "bb": 4,
    "era": 7.36,
    "fip": 6.398314278561294,
    "h": 4,
    "hr": 0,
    "ip": 3.2,
    "whip": 2.182
  },
  "current_team_id": 112,
  "metrics": {
    "barrel_pct_last_50": 0.0,
    "chase_pct_last_50": 0.3333333333333333,
    "contact_pct_last_50": 0.42857142857142855,
    "hard_hit_pct_last_50": 0.3333333333333333,
    "xwoba_last_50": 0.256
  },
  "name": "Jon Berti",
  "player_id": 542932,
  "player_name": "Jon Berti",
  "recent_unicorns": [],
  "role": "hitter",
  "roles": [
    "hitter"
  ],
  "team_id": 112,
  "team_name": "CHC"
}
