{
  "basic_batting": {
    "avg": 0.14102564102564102,
    "babip": 0.15873015873015872,
    "bb": 7,
    "doubles": 1,
    "h": 11,
    "hr": 1,
    "iso": 0.051282051282051294,
    "k": 15,
    "obp": 0.20930232558139536,
    "ops": 0.4016100178890877,
    "ops_plus": 17,
    "slg": 0.19230769230769232,
    "triples": 0,
    "woba": 0.18848837209302327,
    "wrc_plus": 0
  },
  "basic_pitching": null,
  "current_team_id": 140,
  "metrics": {
    "barrel_pct_last_50": 0.07142857142857142,
    "chase_pct_last_50": 0.3150684931506849,
    "contact_pct_last_50": 0.4117647058823529,
    "hard_hit_pct_last_50": 0.3333333333333333,
    "xwoba_last_50": 0.25966
  },
  "name": "Marcus Semien",
  "player_id": 543760,
  "player_name": "Marcus Semien",
  "recent_unicorns": [],
  "role": "hitter",
  "roles": [
    "hitter"
  ],
  "team_id": 140,
  "team_name": "TEX"
}
