{
  "basic_batting": {
    "avg": 0.11666666666666667,
    "babip": 0.125,
    "bb": 5,
    "doubles": 1,
    "h": 7,
    "hr": 1,
    "iso": 0.06666666666666665,
    "k": 12,
    "obp": 0.18181818181818182,
    "ops": 0.3651515151515151,
    "ops_plus": 6,
    "slg": 0.18333333333333332,
    "triples": 0,
    "woba": 0.17075757575757575,
    "wrc_plus": -44
  },
  "basic_pitching": null,
  "current_team_id": 140,
  "metrics": {
    "barrel_pct_last_50": 0.024390243902439025,
    "chase_pct_last_50": 0.29069767441860467,
    "contact_pct_last_50": 0.37962962962962965,
    "hard_hit_pct_last_50": 0.24390243902439024,
    "xwoba_last_50": 0.20708
  },
  "name": "Marcus Semien",
  "player_id": 543760,
  "player_name": "Marcus Semien",
  "recent_unicorns": [],
  "role": "hitter",
  "roles": [
    "hitter"
  ],
  "team_id": 140,
  "team_name": "TEX"
}
