{
  "basic_batting": {
    "avg": 0.23,
    "babip": 0.25067385444743934,
    "bb": 50,
    "doubles": 16,
    "h": 108,
    "hr": 15,
    "iso": 0.13399999999999998,
    "k": 93,
    "obp": 0.305,
    "ops": 0.669,
    "ops_plus": 93.99343013899974,
    "slg": 0.364,
    "triples": 1,
    "woba": 0.29808988764044947,
    "wrc_plus": 96.95442433866374
  },
  "basic_pitching": null,
  "current_team_id": 140,
  "metrics": {
    "barrel_pct_last_50": 0.024390243902439025,
    "chase_pct_last_50": 0.29069767441860467,
    "contact_pct_last_50": 0.37962962962962965,
    "hard_hit_pct_last_50": 0.24390243902439024,
    "xwoba_last_50": 0.20708
  },
  "name": "Marcus Semien",
  "player_id": 543760,
  "player_name": "Marcus Semien",
  "recent_unicorns": [],
  "role": "hitter",
  "roles": [
    "hitter"
  ],
  "team_id": 140,
  "team_name": "TEX"
}
