{
  "basic_batting": {
    "avg": 0.11538461538461539,
    "babip": 0.13636363636363635,
    "bb": 2,
    "doubles": 2,
    "h": 3,
    "hr": 0,
    "iso": 0.07692307692307693,
    "k": 5,
    "obp": 0.1724137931034483,
    "ops": 0.3647214854111406,
    "ops_plus": 6,
    "slg": 0.19230769230769232,
    "triples": 0,
    "woba": 0.16586206896551725,
    "wrc_plus": -74
  },
  "basic_pitching": null,
  "current_team_id": 142,
  "metrics": {
    "barrel_pct_last_50": 0.0,
    "chase_pct_last_50": 0.21428571428571427,
    "contact_pct_last_50": 0.5365853658536586,
    "hard_hit_pct_last_50": 0.3181818181818182,
    "xwoba_last_50": 0.18685185185185185
  },
  "name": "Christian Vázquez",
  "player_id": 543877,
  "player_name": "Christian Vázquez",
  "recent_unicorns": [],
  "role": "hitter",
  "roles": [
    "hitter"
  ],
  "team_id": 142,
  "team_name": "MIN"
}
