{
  "basic_batting": {
    "avg": 0.375,
    "babip": 0.48484848484848486,
    "bb": 6,
    "doubles": 3,
    "h": 18,
    "hr": 2,
    "iso": 0.22916666666666663,
    "k": 14,
    "obp": 0.43636363636363634,
    "ops": 1.040530303030303,
    "ops_plus": 198,
    "slg": 0.6041666666666666,
    "triples": 1,
    "woba": 0.4445454545454545,
    "wrc_plus": 187
  },
  "basic_pitching": null,
  "current_team_id": 141,
  "metrics": {
    "barrel_pct_last_50": 0.08571428571428572,
    "chase_pct_last_50": 0.1951219512195122,
    "contact_pct_last_50": 0.42168674698795183,
    "hard_hit_pct_last_50": 0.5428571428571428,
    "xwoba_last_50": 0.366469387755102
  },
  "name": "George Springer",
  "player_id": 543807,
  "player_name": "George Springer",
  "recent_unicorns": [],
  "role": "hitter",
  "roles": [
    "hitter"
  ],
  "team_id": 141,
  "team_name": "TOR"
}
