{
  "current_team_id": 141,
  "metrics": {
    "barrel_pct_last_50": 0.08571428571428572,
    "chase_pct_last_50": 0.1951219512195122,
    "contact_pct_last_50": 0.42168674698795183,
    "hard_hit_pct_last_50": 0.5428571428571428,
    "xwoba_last_50": 0.366469387755102
  },
  "name": "George Springer",
  "player_id": 543807,
  "player_name": "George Springer",
  "recent_unicorns": [],
  "role": "hitter",
  "roles": [
    "hitter"
  ],
  "team_id": 141,
  "team_name": "TOR"
}
