{
  "basic_batting": {
    "avg": 0.18421052631578946,
    "babip": 0.13333333333333333,
    "bb": 11,
    "doubles": 1,
    "h": 14,
    "hr": 8,
    "iso": 0.32894736842105265,
    "k": 25,
    "obp": 0.28888888888888886,
    "ops": 0.802046783625731,
    "ops_plus": 125,
    "slg": 0.5131578947368421,
    "triples": 0,
    "woba": 0.34255555555555556,
    "wrc_plus": 127
  },
  "basic_pitching": null,
  "current_team_id": 108,
  "metrics": {
    "barrel_pct_last_50": 0.125,
    "chase_pct_last_50": 0.3163265306122449,
    "contact_pct_last_50": 0.3333333333333333,
    "hard_hit_pct_last_50": 0.59375,
    "xwoba_last_50": 0.37928
  },
  "name": "Mike Trout",
  "player_id": 545361,
  "player_name": "Mike Trout",
  "recent_unicorns": [],
  "role": "hitter",
  "roles": [
    "hitter"
  ],
  "team_id": 108,
  "team_name": "LAA"
}
