{
  "basic_batting": {
    "avg": 0.232,
    "babip": 0.31007751937984496,
    "bb": 87,
    "doubles": 14,
    "h": 106,
    "hr": 26,
    "iso": 0.207,
    "k": 178,
    "obp": 0.359,
    "ops": 0.797,
    "ops_plus": 131.1106917043626,
    "slg": 0.439,
    "triples": 1,
    "woba": 0.3535135135135135,
    "wrc_plus": 114.98108664451792
  },
  "basic_pitching": null,
  "current_team_id": 108,
  "metrics": {
    "barrel_pct_last_50": 0.08333333333333333,
    "chase_pct_last_50": 0.32941176470588235,
    "contact_pct_last_50": 0.36363636363636365,
    "hard_hit_pct_last_50": 0.5,
    "xwoba_last_50": 0.366
  },
  "name": "Mike Trout",
  "player_id": 545361,
  "player_name": "Mike Trout",
  "recent_unicorns": [],
  "role": "hitter",
  "roles": [
    "hitter"
  ],
  "team_id": 108,
  "team_name": "LAA"
}
