{
  "basic_batting": {
    "avg": 0.22580645161290322,
    "babip": 0.30434782608695654,
    "bb": 6,
    "doubles": 1,
    "h": 7,
    "hr": 0,
    "iso": 0.03225806451612903,
    "k": 8,
    "obp": 0.35135135135135137,
    "ops": 0.6094158674803836,
    "ops_plus": 80,
    "slg": 0.25806451612903225,
    "triples": 0,
    "woba": 0.2905405405405405,
    "wrc_plus": 35
  },
  "basic_pitching": null,
  "current_team_id": 135,
  "metrics": {
    "barrel_pct_last_50": 0.0,
    "chase_pct_last_50": 0.3541666666666667,
    "contact_pct_last_50": 0.43636363636363634,
    "hard_hit_pct_last_50": 0.4166666666666667,
    "xwoba_last_50": 0.2103225806451613
  },
  "name": "Elias Díaz",
  "player_id": 553869,
  "player_name": "Elias Díaz",
  "recent_unicorns": [],
  "role": "hitter",
  "roles": [
    "hitter"
  ],
  "team_id": 135,
  "team_name": "SD"
}
