{
  "basic_batting": {
    "avg": 0.238,
    "babip": 0.3028169014084507,
    "bb": 13,
    "doubles": 14,
    "h": 43,
    "hr": 0,
    "iso": 0.08800000000000002,
    "k": 40,
    "obp": 0.287,
    "ops": 0.613,
    "ops_plus": 78.20797633076113,
    "slg": 0.326,
    "triples": 1,
    "woba": 0.2732820512820513,
    "wrc_plus": 88.88561827397291
  },
  "basic_pitching": null,
  "current_team_id": 133,
  "metrics": {
    "barrel_pct_last_50": 0.029411764705882353,
    "chase_pct_last_50": 0.40298507462686567,
    "contact_pct_last_50": 0.4358974358974359,
    "hard_hit_pct_last_50": 0.38235294117647056,
    "xwoba_last_50": 0.2565
  },
  "name": "Gio Urshela",
  "player_id": 570482,
  "player_name": "Gio Urshela",
  "recent_unicorns": [],
  "role": "hitter",
  "roles": [
    "hitter"
  ],
  "team_id": 133,
  "team_name": "ATH"
}
