{
  "basic_batting": {
    "avg": 0.19047619047619047,
    "babip": 0.24242424242424243,
    "bb": 3,
    "doubles": 4,
    "h": 8,
    "hr": 0,
    "iso": 0.09523809523809523,
    "k": 9,
    "obp": 0.24444444444444444,
    "ops": 0.5301587301587302,
    "ops_plus": 53,
    "slg": 0.2857142857142857,
    "triples": 0,
    "woba": 0.23800000000000002,
    "wrc_plus": 72
  },
  "basic_pitching": null,
  "current_team_id": 133,
  "metrics": {
    "barrel_pct_last_50": 0.029411764705882353,
    "chase_pct_last_50": 0.40298507462686567,
    "contact_pct_last_50": 0.4358974358974359,
    "hard_hit_pct_last_50": 0.38235294117647056,
    "xwoba_last_50": 0.2565
  },
  "name": "Gio Urshela",
  "player_id": 570482,
  "player_name": "Gio Urshela",
  "recent_unicorns": [],
  "role": "hitter",
  "roles": [
    "hitter"
  ],
  "team_id": 133,
  "team_name": "ATH"
}
