{
  "basic_batting": {
    "avg": 0.3333333333333333,
    "babip": 0.4358974358974359,
    "bb": 4,
    "doubles": 8,
    "h": 17,
    "hr": 0,
    "iso": 0.1568627450980392,
    "k": 13,
    "obp": 0.375,
    "ops": 0.8651960784313726,
    "ops_plus": 148,
    "slg": 0.49019607843137253,
    "triples": 0,
    "woba": 0.37374999999999997,
    "wrc_plus": 121
  },
  "basic_pitching": {
    "babip": 0.5,
    "bb": 0,
    "era": 9.0,
    "fip": 16.12558700583402,
    "h": 3,
    "hr": 1,
    "ip": 1.0,
    "whip": 3.0
  },
  "current_team_id": 115,
  "metrics": {
    "barrel_pct_last_50": 0.0,
    "chase_pct_last_50": 0.38571428571428573,
    "contact_pct_last_50": 0.4567901234567901,
    "hard_hit_pct_last_50": 0.35135135135135137,
    "xwoba_last_50": 0.25676
  },
  "name": "Kyle Farmer",
  "player_id": 571657,
  "player_name": "Kyle Farmer",
  "recent_unicorns": [],
  "role": "hitter",
  "roles": [
    "hitter"
  ],
  "team_id": 115,
  "team_name": "COL"
}
