{
  "basic_batting": {
    "avg": 0.227,
    "babip": 0.2682926829268293,
    "bb": 17,
    "doubles": 14,
    "h": 63,
    "hr": 8,
    "iso": 0.13799999999999998,
    "k": 66,
    "obp": 0.28,
    "ops": 0.645,
    "ops_plus": 86.18806147920073,
    "slg": 0.365,
    "triples": 0,
    "woba": 0.28559999999999997,
    "wrc_plus": 92.89205954051602
  },
  "basic_pitching": {
    "babip": 0.5,
    "bb": 0,
    "era": 9.0,
    "fip": 16.12558700583402,
    "h": 3,
    "hr": 1,
    "ip": 1.0,
    "whip": 3.0
  },
  "current_team_id": 115,
  "metrics": {
    "barrel_pct_last_50": 0.0,
    "chase_pct_last_50": 0.38571428571428573,
    "contact_pct_last_50": 0.4567901234567901,
    "hard_hit_pct_last_50": 0.35135135135135137,
    "xwoba_last_50": 0.25676
  },
  "name": "Kyle Farmer",
  "player_id": 571657,
  "player_name": "Kyle Farmer",
  "recent_unicorns": [],
  "role": "hitter",
  "roles": [
    "hitter"
  ],
  "team_id": 115,
  "team_name": "COL"
}
