{
  "basic_batting": {
    "avg": 0.125,
    "babip": 0.09090909090909091,
    "bb": 4,
    "doubles": 0,
    "h": 5,
    "hr": 3,
    "iso": 0.22499999999999998,
    "k": 15,
    "obp": 0.20454545454545456,
    "ops": 0.5545454545454546,
    "ops_plus": 57,
    "slg": 0.35,
    "triples": 0,
    "woba": 0.24636363636363637,
    "wrc_plus": 17
  },
  "basic_pitching": {
    "babip": 0.37037037037037035,
    "bb": 8,
    "era": 15.19,
    "fip": 9.68808700583402,
    "h": 11,
    "hr": 1,
    "ip": 5.1,
    "whip": 3.563
  },
  "current_team_id": 119,
  "metrics": {
    "barrel_pct_last_50": 0.08,
    "chase_pct_last_50": 0.4065934065934066,
    "contact_pct_last_50": 0.2840909090909091,
    "hard_hit_pct_last_50": 0.48,
    "xwoba_last_50": 0.256775
  },
  "name": "Enrique Hernández",
  "player_id": 571771,
  "player_name": "Enrique Hernández",
  "recent_unicorns": [],
  "role": "hitter",
  "roles": [
    "hitter"
  ],
  "team_id": 119,
  "team_name": "LAD"
}
