{
  "basic_batting": {
    "avg": 0.238,
    "babip": 0.2619047619047619,
    "bb": 75,
    "doubles": 12,
    "h": 88,
    "hr": 22,
    "iso": 0.22300000000000003,
    "k": 100,
    "obp": 0.373,
    "ops": 0.834,
    "ops_plus": 141.40462361095274,
    "slg": 0.461,
    "triples": 2,
    "woba": 0.3678728070175439,
    "wrc_plus": 119.65148001684331
  },
  "basic_pitching": null,
  "current_team_id": 119,
  "metrics": {
    "barrel_pct_last_50": 0.0,
    "chase_pct_last_50": 0.2826086956521739,
    "contact_pct_last_50": 0.24528301886792453,
    "hard_hit_pct_last_50": 0.5,
    "xwoba_last_50": 0.24797959183673468
  },
  "name": "Max Muncy",
  "player_id": 571970,
  "player_name": "Max Muncy",
  "recent_unicorns": [],
  "role": "hitter",
  "roles": [
    "hitter"
  ],
  "team_id": 119,
  "team_name": "LAD"
}
