{
  "current_team_id": 117,
  "metrics": {
    "barrel_pct_last_50": 0.03333333333333333,
    "chase_pct_last_50": 0.3163265306122449,
    "contact_pct_last_50": 0.2857142857142857,
    "hard_hit_pct_last_50": 0.36666666666666664,
    "xwoba_last_50": 0.2317
  },
  "name": "Christian Walker",
  "player_id": 572233,
  "player_name": "Christian Walker",
  "recent_unicorns": [],
  "role": "hitter",
  "roles": [
    "hitter"
  ],
  "team_id": 117,
  "team_name": "HOU"
}
