{
  "basic_batting": {
    "avg": 0.2978723404255319,
    "babip": 0.3793103448275862,
    "bb": 10,
    "doubles": 4,
    "h": 14,
    "hr": 3,
    "iso": 0.27659574468085113,
    "k": 15,
    "obp": 0.42105263157894735,
    "ops": 0.9955207166853304,
    "ops_plus": 185,
    "slg": 0.574468085106383,
    "triples": 0,
    "woba": 0.43000000000000005,
    "wrc_plus": 193
  },
  "basic_pitching": {
    "babip": 0.4,
    "bb": 1,
    "era": 18.0,
    "fip": 9.12558700583402,
    "h": 2,
    "hr": 0,
    "ip": 1.0,
    "whip": 3.0
  },
  "current_team_id": 137,
  "metrics": {
    "barrel_pct_last_50": 0.06451612903225806,
    "chase_pct_last_50": 0.30864197530864196,
    "contact_pct_last_50": 0.3595505617977528,
    "hard_hit_pct_last_50": 0.4838709677419355,
    "xwoba_last_50": 0.30976086956521737
  },
  "name": "Mike Yastrzemski",
  "player_id": 573262,
  "player_name": "Mike Yastrzemski",
  "recent_unicorns": [],
  "role": "hitter",
  "roles": [
    "hitter"
  ],
  "team_id": 137,
  "team_name": "SF"
}
