{
  "basic_batting": {
    "avg": 0.227,
    "babip": 0.26693227091633465,
    "bb": 24,
    "doubles": 11,
    "h": 70,
    "hr": 3,
    "iso": 0.06499999999999997,
    "k": 56,
    "obp": 0.296,
    "ops": 0.588,
    "ops_plus": 72.1860290670417,
    "slg": 0.292,
    "triples": 0,
    "woba": 0.26894428152492666,
    "wrc_plus": 87.47474864318905
  },
  "basic_pitching": null,
  "current_team_id": 135,
  "metrics": {
    "barrel_pct_last_50": 0.0,
    "chase_pct_last_50": 0.40298507462686567,
    "contact_pct_last_50": 0.4375,
    "hard_hit_pct_last_50": 0.17857142857142858,
    "xwoba_last_50": 0.18993939393939394
  },
  "name": "Jose Iglesias",
  "player_id": 578428,
  "player_name": "Jose Iglesias",
  "recent_unicorns": [],
  "role": "hitter",
  "roles": [
    "hitter"
  ],
  "team_id": 135,
  "team_name": "SD"
}
