{
  "basic_batting": {
    "avg": 0.154,
    "babip": 0.23076923076923078,
    "bb": 2,
    "doubles": 2,
    "h": 6,
    "hr": 0,
    "iso": 0.05099999999999999,
    "k": 13,
    "obp": 0.195,
    "ops": 0.4,
    "ops_plus": 16.750605035415166,
    "slg": 0.205,
    "triples": 0,
    "woba": 0.1824390243902439,
    "wrc_plus": 59.33871399219955
  },
  "basic_pitching": null,
  "current_team_id": 115,
  "metrics": {
    "barrel_pct_last_50": 0.0,
    "chase_pct_last_50": 0.2876712328767123,
    "contact_pct_last_50": 0.325,
    "hard_hit_pct_last_50": 0.34615384615384615,
    "xwoba_last_50": 0.1904871794871795
  },
  "name": "Kris Bryant",
  "player_id": 592178,
  "player_name": "Kris Bryant",
  "recent_unicorns": [],
  "role": "hitter",
  "roles": [
    "hitter"
  ],
  "team_id": 115,
  "team_name": "COL"
}
