{
  "basic_batting": {
    "avg": 0.212,
    "babip": 0.25555555555555554,
    "bb": 7,
    "doubles": 3,
    "h": 24,
    "hr": 1,
    "iso": 0.05300000000000002,
    "k": 24,
    "obp": 0.272,
    "ops": 0.537,
    "ops_plus": 57.35222817754464,
    "slg": 0.265,
    "triples": 0,
    "woba": 0.24559999999999998,
    "wrc_plus": 79.88196716789473
  },
  "basic_pitching": null,
  "current_team_id": 118,
  "metrics": {
    "barrel_pct_last_50": 0.0,
    "chase_pct_last_50": 0.2222222222222222,
    "contact_pct_last_50": 0.36666666666666664,
    "hard_hit_pct_last_50": 0.36363636363636365,
    "xwoba_last_50": 0.31626666666666664
  },
  "name": "Mark Canha",
  "player_id": 592192,
  "player_name": "Mark Canha",
  "recent_unicorns": [],
  "role": "hitter",
  "roles": [
    "hitter"
  ],
  "team_id": 118,
  "team_name": "KC"
}
