{
  "basic_batting": {
    "avg": 0.3064516129032258,
    "babip": 0.3404255319148936,
    "bb": 5,
    "doubles": 5,
    "h": 19,
    "hr": 3,
    "iso": 0.2258064516129032,
    "k": 12,
    "obp": 0.3582089552238806,
    "ops": 0.8904670197400095,
    "ops_plus": 154,
    "slg": 0.532258064516129,
    "triples": 0,
    "woba": 0.3864179104477612,
    "wrc_plus": 148
  },
  "basic_pitching": null,
  "current_team_id": 143,
  "metrics": {
    "barrel_pct_last_50": 0.0,
    "chase_pct_last_50": 0.33663366336633666,
    "contact_pct_last_50": 0.375,
    "hard_hit_pct_last_50": 0.4358974358974359,
    "xwoba_last_50": 0.34258
  },
  "name": "Nick Castellanos",
  "player_id": 592206,
  "player_name": "Nick Castellanos",
  "recent_unicorns": [
    {
      "description": "Nick Castellanos: 15 hard-hit air balls (95+ mph, 10°+ launch angle) in the last 50 AB.",
      "metric_value": 15.0,
      "pattern_id": "UNQ-H-0552",
      "run_date": "2025-04-15",
      "score": 15.0
    }
  ],
  "role": "hitter",
  "roles": [
    "hitter"
  ],
  "team_id": 143,
  "team_name": "PHI"
}
