{
  "basic_batting": {
    "avg": 0.247,
    "babip": 0.29397590361445786,
    "bb": 32,
    "doubles": 29,
    "h": 139,
    "hr": 17,
    "iso": 0.15000000000000002,
    "k": 136,
    "obp": 0.29,
    "ops": 0.687,
    "ops_plus": 97.81653805704438,
    "slg": 0.397,
    "triples": 2,
    "woba": 0.3008609271523178,
    "wrc_plus": 97.85571133910351
  },
  "basic_pitching": null,
  "current_team_id": 143,
  "metrics": {
    "barrel_pct_last_50": 0.0,
    "chase_pct_last_50": 0.33663366336633666,
    "contact_pct_last_50": 0.375,
    "hard_hit_pct_last_50": 0.4358974358974359,
    "xwoba_last_50": 0.34258
  },
  "name": "Nick Castellanos",
  "player_id": 592206,
  "player_name": "Nick Castellanos",
  "recent_unicorns": [
    {
      "description": "Nick Castellanos: 15 hard-hit air balls (95+ mph, 10°+ launch angle) in the last 50 AB.",
      "metric_value": 15.0,
      "pattern_id": "UNQ-H-0552",
      "run_date": "2025-04-15",
      "score": 15.0
    }
  ],
  "role": "hitter",
  "roles": [
    "hitter"
  ],
  "team_id": 143,
  "team_name": "PHI"
}
