{
  "basic_batting": {
    "avg": 0.31343283582089554,
    "babip": 0.36538461538461536,
    "bb": 8,
    "doubles": 7,
    "h": 21,
    "hr": 2,
    "iso": 0.19402985074626866,
    "k": 13,
    "obp": 0.38666666666666666,
    "ops": 0.8941293532338308,
    "ops_plus": 156,
    "slg": 0.5074626865671642,
    "triples": 0,
    "woba": 0.39053333333333334,
    "wrc_plus": 156
  },
  "basic_pitching": null,
  "current_team_id": 135,
  "metrics": {
    "barrel_pct_last_50": 0.02564102564102564,
    "chase_pct_last_50": 0.40860215053763443,
    "contact_pct_last_50": 0.35135135135135137,
    "hard_hit_pct_last_50": 0.6410256410256411,
    "xwoba_last_50": 0.34308
  },
  "name": "Manny Machado",
  "player_id": 592518,
  "player_name": "Manny Machado",
  "recent_unicorns": [
    {
      "description": "Manny Machado: 10 balls hit 100+ mph with an 8–32° launch angle in the last 50 AB.",
      "metric_value": 10.0,
      "pattern_id": "UNQ-H-0506",
      "run_date": "2025-04-15",
      "score": 10.0
    }
  ],
  "role": "hitter",
  "roles": [
    "hitter"
  ],
  "team_id": 135,
  "team_name": "SD"
}
