{
  "basic_batting": {
    "avg": 0.272,
    "babip": 0.3034188034188034,
    "bb": 57,
    "doubles": 33,
    "h": 170,
    "hr": 28,
    "iso": 0.187,
    "k": 134,
    "obp": 0.333,
    "ops": 0.793,
    "ops_plus": 127.97088607594938,
    "slg": 0.459,
    "triples": 0,
    "woba": 0.3466811594202899,
    "wrc_plus": 112.75884769763549
  },
  "basic_pitching": null,
  "current_team_id": 135,
  "metrics": {
    "barrel_pct_last_50": 0.02564102564102564,
    "chase_pct_last_50": 0.40860215053763443,
    "contact_pct_last_50": 0.35135135135135137,
    "hard_hit_pct_last_50": 0.6410256410256411,
    "xwoba_last_50": 0.34308
  },
  "name": "Manny Machado",
  "player_id": 592518,
  "player_name": "Manny Machado",
  "recent_unicorns": [
    {
      "description": "Manny Machado: 10 balls hit 100+ mph with an 8–32° launch angle in the last 50 AB.",
      "metric_value": 10.0,
      "pattern_id": "UNQ-H-0506",
      "run_date": "2025-04-15",
      "score": 10.0
    }
  ],
  "role": "hitter",
  "roles": [
    "hitter"
  ],
  "team_id": 135,
  "team_name": "SD"
}
