{
  "basic_batting": {
    "avg": 0.26,
    "babip": 0.32360742705570295,
    "bb": 35,
    "doubles": 28,
    "h": 135,
    "hr": 13,
    "iso": 0.137,
    "k": 132,
    "obp": 0.316,
    "ops": 0.713,
    "ops_plus": 98.71187355459412,
    "slg": 0.397,
    "triples": 2,
    "woba": 0.31556537102473503,
    "wrc_plus": 99.30162705541285
  },
  "basic_pitching": null,
  "current_team_id": 143,
  "metrics": {
    "barrel_pct_last_50": 0.05555555555555555,
    "chase_pct_last_50": 0.2619047619047619,
    "contact_pct_last_50": 0.3673469387755102,
    "hard_hit_pct_last_50": 0.4444444444444444,
    "xwoba_last_50": 0.31020408163265306
  },
  "name": "J.T. Realmuto",
  "player_id": 592663,
  "player_name": "J.T. Realmuto",
  "recent_unicorns": [],
  "role": "hitter",
  "roles": [
    "hitter"
  ],
  "team_id": 143,
  "team_name": "PHI"
}
