{
  "basic_batting": {
    "avg": 0.11904761904761904,
    "babip": 0.1724137931034483,
    "bb": 5,
    "doubles": 1,
    "h": 5,
    "hr": 0,
    "iso": 0.023809523809523808,
    "k": 13,
    "obp": 0.2127659574468085,
    "ops": 0.3556231003039514,
    "ops_plus": 6,
    "slg": 0.14285714285714285,
    "triples": 0,
    "woba": 0.17617021276595743,
    "wrc_plus": 1
  },
  "basic_pitching": null,
  "current_team_id": 118,
  "metrics": {
    "barrel_pct_last_50": 0.034482758620689655,
    "chase_pct_last_50": 0.27631578947368424,
    "contact_pct_last_50": 0.4027777777777778,
    "hard_hit_pct_last_50": 0.27586206896551724,
    "xwoba_last_50": 0.1606190476190476
  },
  "name": "Hunter Renfroe",
  "player_id": 592669,
  "player_name": "Hunter Renfroe",
  "recent_unicorns": [],
  "role": "hitter",
  "roles": [
    "hitter"
  ],
  "team_id": 118,
  "team_name": "KC"
}
