{
  "basic_batting": {
    "avg": 0.2597402597402597,
    "babip": 0.3225806451612903,
    "bb": 10,
    "doubles": 8,
    "h": 20,
    "hr": 0,
    "iso": 0.10389610389610393,
    "k": 16,
    "obp": 0.34831460674157305,
    "ops": 0.7119509703779368,
    "ops_plus": 106,
    "slg": 0.36363636363636365,
    "triples": 0,
    "woba": 0.31977528089887636,
    "wrc_plus": 110
  },
  "basic_pitching": null,
  "current_team_id": 135,
  "metrics": {
    "barrel_pct_last_50": 0.0,
    "chase_pct_last_50": 0.26582278481012656,
    "contact_pct_last_50": 0.47560975609756095,
    "hard_hit_pct_last_50": 0.42105263157894735,
    "xwoba_last_50": 0.26319565217391305
  },
  "name": "Xander Bogaerts",
  "player_id": 593428,
  "player_name": "Xander Bogaerts",
  "recent_unicorns": [],
  "role": "hitter",
  "roles": [
    "hitter"
  ],
  "team_id": 135,
  "team_name": "SD"
}
