{
  "basic_batting": {
    "avg": 0.26153846153846155,
    "babip": 0.3333333333333333,
    "bb": 9,
    "doubles": 6,
    "h": 17,
    "hr": 0,
    "iso": 0.09230769230769231,
    "k": 15,
    "obp": 0.35526315789473684,
    "ops": 0.7091093117408906,
    "ops_plus": 106,
    "slg": 0.35384615384615387,
    "triples": 0,
    "woba": 0.32026315789473686,
    "wrc_plus": 106
  },
  "basic_pitching": null,
  "current_team_id": 135,
  "metrics": {
    "barrel_pct_last_50": 0.0,
    "chase_pct_last_50": 0.2716049382716049,
    "contact_pct_last_50": 0.4588235294117647,
    "hard_hit_pct_last_50": 0.4473684210526316,
    "xwoba_last_50": 0.28517021276595744
  },
  "name": "Xander Bogaerts",
  "player_id": 593428,
  "player_name": "Xander Bogaerts",
  "recent_unicorns": [],
  "role": "hitter",
  "roles": [
    "hitter"
  ],
  "team_id": 135,
  "team_name": "SD"
}
