{
  "basic_batting": {
    "avg": 0.3783783783783784,
    "babip": 0.36666666666666664,
    "bb": 1,
    "doubles": 0,
    "h": 14,
    "hr": 3,
    "iso": 0.2432432432432432,
    "k": 5,
    "obp": 0.38461538461538464,
    "ops": 1.0062370062370063,
    "ops_plus": 186,
    "slg": 0.6216216216216216,
    "triples": 0,
    "woba": 0.43025641025641026,
    "wrc_plus": 316
  },
  "basic_pitching": null,
  "current_team_id": 136,
  "metrics": {
    "barrel_pct_last_50": 0.058823529411764705,
    "chase_pct_last_50": 0.2786885245901639,
    "contact_pct_last_50": 0.4788732394366197,
    "hard_hit_pct_last_50": 0.4117647058823529,
    "xwoba_last_50": 0.4288421052631579
  },
  "name": "Jorge Polanco",
  "player_id": 593871,
  "player_name": "Jorge Polanco",
  "recent_unicorns": [],
  "role": "hitter",
  "roles": [
    "hitter"
  ],
  "team_id": 136,
  "team_name": "SEA"
}
