{
  "basic_batting": {
    "avg": 0.26,
    "babip": 0.26433915211970077,
    "bb": 46,
    "doubles": 31,
    "h": 135,
    "hr": 29,
    "iso": 0.22699999999999998,
    "k": 94,
    "obp": 0.321,
    "ops": 0.809,
    "ops_plus": 131.4494380456406,
    "slg": 0.487,
    "triples": 0,
    "woba": 0.3506457242582897,
    "wrc_plus": 114.0483315666261
  },
  "basic_pitching": null,
  "current_team_id": 136,
  "metrics": {
    "barrel_pct_last_50": 0.058823529411764705,
    "chase_pct_last_50": 0.2786885245901639,
    "contact_pct_last_50": 0.4788732394366197,
    "hard_hit_pct_last_50": 0.4117647058823529,
    "xwoba_last_50": 0.4288421052631579
  },
  "name": "Jorge Polanco",
  "player_id": 593871,
  "player_name": "Jorge Polanco",
  "recent_unicorns": [],
  "role": "hitter",
  "roles": [
    "hitter"
  ],
  "team_id": 136,
  "team_name": "SEA"
}
