{
  "basic_batting": {
    "avg": 0.2682926829268293,
    "babip": 0.34375,
    "bb": 3,
    "doubles": 3,
    "h": 11,
    "hr": 0,
    "iso": 0.07317073170731708,
    "k": 9,
    "obp": 0.3181818181818182,
    "ops": 0.6596452328159645,
    "ops_plus": 91,
    "slg": 0.34146341463414637,
    "triples": 0,
    "woba": 0.29545454545454547,
    "wrc_plus": 79
  },
  "basic_pitching": null,
  "current_team_id": 116,
  "metrics": {
    "barrel_pct_last_50": 0.0,
    "chase_pct_last_50": 0.35064935064935066,
    "contact_pct_last_50": 0.43243243243243246,
    "hard_hit_pct_last_50": 0.28125,
    "xwoba_last_50": 0.24621951219512195
  },
  "name": "Javier Báez",
  "player_id": 595879,
  "player_name": "Javier Báez",
  "recent_unicorns": [],
  "role": "hitter",
  "roles": [
    "hitter"
  ],
  "team_id": 116,
  "team_name": "DET"
}
