{
  "basic_batting": {
    "avg": 0.16,
    "babip": 0.1834862385321101,
    "bb": 20,
    "doubles": 3,
    "h": 25,
    "hr": 5,
    "iso": 0.11600000000000002,
    "k": 44,
    "obp": 0.257,
    "ops": 0.533,
    "ops_plus": 49.990900892965804,
    "slg": 0.276,
    "triples": 0,
    "woba": 0.24558659217877096,
    "wrc_plus": 77.28081223599956
  },
  "basic_pitching": {
    "babip": 0.42857142857142855,
    "bb": 1,
    "era": 6.0,
    "fip": 3.458920339167355,
    "h": 6,
    "hr": 0,
    "ip": 3.0,
    "whip": 2.333
  },
  "current_team_id": 114,
  "metrics": {
    "barrel_pct_last_50": 0.0,
    "chase_pct_last_50": 0.44,
    "contact_pct_last_50": 0.2,
    "hard_hit_pct_last_50": 0.4,
    "xwoba_last_50": 0.10041666666666667
  },
  "name": "Austin Hedges",
  "player_id": 595978,
  "player_name": "Austin Hedges",
  "recent_unicorns": [],
  "role": "hitter",
  "roles": [
    "hitter"
  ],
  "team_id": 114,
  "team_name": "CLE"
}
