{
  "basic_batting": {
    "avg": 0.10526315789473684,
    "babip": 0.15384615384615385,
    "bb": 1,
    "doubles": 0,
    "h": 2,
    "hr": 0,
    "iso": 0.0,
    "k": 7,
    "obp": 0.18181818181818182,
    "ops": 0.28708133971291866,
    "ops_plus": -14,
    "slg": 0.10526315789473684,
    "triples": 0,
    "woba": 0.145,
    "wrc_plus": 101
  },
  "basic_pitching": {
    "babip": 0.25,
    "bb": 1,
    "era": 36.0,
    "fip": 22.12558700583402,
    "h": 2,
    "hr": 1,
    "ip": 1.0,
    "whip": 3.0
  },
  "current_team_id": 110,
  "metrics": {
    "barrel_pct_last_50": 0.0,
    "chase_pct_last_50": 0.2619047619047619,
    "contact_pct_last_50": 0.3023255813953488,
    "hard_hit_pct_last_50": 0.6153846153846154,
    "xwoba_last_50": 0.25633333333333336
  },
  "name": "Gary Sánchez",
  "player_id": 596142,
  "player_name": "Gary Sánchez",
  "recent_unicorns": [],
  "role": "hitter",
  "roles": [
    "hitter"
  ],
  "team_id": 110,
  "team_name": "BAL"
}
