{
  "basic_batting": {
    "avg": 0.24528301886792453,
    "babip": 0.2857142857142857,
    "bb": 7,
    "doubles": 4,
    "h": 13,
    "hr": 1,
    "iso": 0.13207547169811323,
    "k": 10,
    "obp": 0.3333333333333333,
    "ops": 0.7106918238993711,
    "ops_plus": 105,
    "slg": 0.37735849056603776,
    "triples": 0,
    "woba": 0.31883333333333336,
    "wrc_plus": 41
  },
  "basic_pitching": null,
  "current_team_id": 143,
  "metrics": {
    "barrel_pct_last_50": 0.0,
    "chase_pct_last_50": 0.3235294117647059,
    "contact_pct_last_50": 0.4117647058823529,
    "hard_hit_pct_last_50": 0.47619047619047616,
    "xwoba_last_50": 0.31674
  },
  "name": "Max Kepler",
  "player_id": 596146,
  "player_name": "Max Kepler",
  "recent_unicorns": [],
  "role": "hitter",
  "roles": [
    "hitter"
  ],
  "team_id": 143,
  "team_name": "PHI"
}
