{
  "basic_batting": {
    "avg": 0.34285714285714286,
    "babip": 0.4,
    "bb": 4,
    "doubles": 1,
    "h": 12,
    "hr": 0,
    "iso": 0.02857142857142858,
    "k": 5,
    "obp": 0.41025641025641024,
    "ops": 0.7816849816849817,
    "ops_plus": 129,
    "slg": 0.37142857142857144,
    "triples": 0,
    "woba": 0.35435897435897434,
    "wrc_plus": 157
  },
  "basic_pitching": null,
  "current_team_id": 110,
  "metrics": {
    "barrel_pct_last_50": 0.0,
    "chase_pct_last_50": 0.3333333333333333,
    "contact_pct_last_50": 0.5,
    "hard_hit_pct_last_50": 0.4,
    "xwoba_last_50": 0.2765142857142857
  },
  "name": "Ramón Urías",
  "player_id": 602104,
  "player_name": "Ramón Urías",
  "recent_unicorns": [],
  "role": "hitter",
  "roles": [
    "hitter"
  ],
  "team_id": 110,
  "team_name": "BAL"
}
