{
  "current_team_id": 120,
  "metrics": {
    "barrel_pct_last_50": 0.05714285714285714,
    "chase_pct_last_50": 0.3829787234042553,
    "contact_pct_last_50": 0.33653846153846156,
    "hard_hit_pct_last_50": 0.42857142857142855,
    "xwoba_last_50": 0.24472
  },
  "name": "Josh Bell",
  "player_id": 605137,
  "player_name": "Josh Bell",
  "recent_unicorns": [],
  "role": "hitter",
  "roles": [
    "hitter"
  ],
  "team_id": 120,
  "team_name": "WSH"
}
