{
  "basic_batting": {
    "avg": 0.259,
    "babip": 0.28205128205128205,
    "bb": 23,
    "doubles": 14,
    "h": 89,
    "hr": 12,
    "iso": 0.14500000000000002,
    "k": 65,
    "obp": 0.324,
    "ops": 0.728,
    "ops_plus": 102.98636705199442,
    "slg": 0.404,
    "triples": 0,
    "woba": 0.3219689119170984,
    "wrc_plus": 101.31668348401482
  },
  "basic_pitching": null,
  "current_team_id": 117,
  "metrics": {
    "barrel_pct_last_50": 0.0,
    "chase_pct_last_50": 0.14285714285714285,
    "contact_pct_last_50": 0.45,
    "hard_hit_pct_last_50": 0.2777777777777778,
    "xwoba_last_50": 0.2736363636363636
  },
  "name": "Victor Caratini",
  "player_id": 605170,
  "player_name": "Victor Caratini",
  "recent_unicorns": [
    {
      "description": "Victor Caratini owns the lowest chase rate over his last 50 PA.",
      "metric_value": 0.0,
      "pattern_id": "UNQ-H-0004",
      "run_date": "2025-04-03",
      "score": 1.312567
    }
  ],
  "role": "hitter",
  "roles": [
    "hitter"
  ],
  "team_id": 117,
  "team_name": "HOU"
}
