{
  "basic_batting": {
    "avg": 0.27419354838709675,
    "babip": 0.24528301886792453,
    "bb": 8,
    "doubles": 2,
    "h": 17,
    "hr": 4,
    "iso": 0.22580645161290325,
    "k": 5,
    "obp": 0.36619718309859156,
    "ops": 0.8661971830985915,
    "ops_plus": 148,
    "slg": 0.5,
    "triples": 0,
    "woba": 0.37985915492957745,
    "wrc_plus": 131
  },
  "basic_pitching": null,
  "current_team_id": 119,
  "metrics": {
    "barrel_pct_last_50": 0.0,
    "chase_pct_last_50": 0.26881720430107525,
    "contact_pct_last_50": 0.5657894736842105,
    "hard_hit_pct_last_50": 0.27906976744186046,
    "xwoba_last_50": 0.22460416666666666
  },
  "name": "Mookie Betts",
  "player_id": 605141,
  "player_name": "Mookie Betts",
  "recent_unicorns": [],
  "role": "hitter",
  "roles": [
    "hitter"
  ],
  "team_id": 119,
  "team_name": "LAD"
}
