{
  "basic_batting": {
    "avg": 0.214,
    "babip": 0.32142857142857145,
    "bb": 1,
    "doubles": 3,
    "h": 9,
    "hr": 0,
    "iso": 0.07199999999999998,
    "k": 14,
    "obp": 0.233,
    "ops": 0.518,
    "ops_plus": 44.85165934371773,
    "slg": 0.286,
    "triples": 0,
    "woba": 0.22883720930232557,
    "wrc_plus": 72.01014211651193
  },
  "basic_pitching": null,
  "current_team_id": 119,
  "metrics": {
    "barrel_pct_last_50": 0.0,
    "chase_pct_last_50": 0.3,
    "contact_pct_last_50": 0.42105263157894735,
    "hard_hit_pct_last_50": 0.0,
    "xwoba_last_50": 0.07138461538461538
  },
  "name": "Austin Barnes",
  "player_id": 605131,
  "player_name": "Austin Barnes",
  "recent_unicorns": [],
  "role": "hitter",
  "roles": [
    "hitter"
  ],
  "team_id": 119,
  "team_name": "LAD"
}
