{
  "basic_batting": {
    "avg": 0.23809523809523808,
    "babip": 0.2777777777777778,
    "bb": 2,
    "doubles": 1,
    "h": 5,
    "hr": 0,
    "iso": 0.047619047619047616,
    "k": 3,
    "obp": 0.3333333333333333,
    "ops": 0.6190476190476191,
    "ops_plus": 82,
    "slg": 0.2857142857142857,
    "triples": 0,
    "woba": 0.28875,
    "wrc_plus": 133
  },
  "basic_pitching": null,
  "current_team_id": 117,
  "metrics": {
    "barrel_pct_last_50": 0.0,
    "chase_pct_last_50": 0.14285714285714285,
    "contact_pct_last_50": 0.45,
    "hard_hit_pct_last_50": 0.2777777777777778,
    "xwoba_last_50": 0.2736363636363636
  },
  "name": "Victor Caratini",
  "player_id": 605170,
  "player_name": "Victor Caratini",
  "recent_unicorns": [
    {
      "description": "Victor Caratini owns the lowest chase rate over his last 50 PA.",
      "metric_value": 0.0,
      "pattern_id": "UNQ-H-0004",
      "run_date": "2025-04-03",
      "score": 1.312567
    }
  ],
  "role": "hitter",
  "roles": [
    "hitter"
  ],
  "team_id": 117,
  "team_name": "HOU"
}
