{
  "basic_batting": {
    "avg": 0.225,
    "babip": 0.26506024096385544,
    "bb": 9,
    "doubles": 4,
    "h": 23,
    "hr": 1,
    "iso": 0.06899999999999998,
    "k": 18,
    "obp": 0.288,
    "ops": 0.582,
    "ops_plus": 70.1293800129243,
    "slg": 0.294,
    "triples": 0,
    "woba": 0.2649549549549549,
    "wrc_plus": 86.17721096369193
  },
  "basic_pitching": null,
  "current_team_id": 115,
  "metrics": {
    "barrel_pct_last_50": 0.0,
    "chase_pct_last_50": 0.25,
    "contact_pct_last_50": 0.5172413793103449,
    "hard_hit_pct_last_50": 0.3333333333333333,
    "xwoba_last_50": 0.2244722222222222
  },
  "name": "Nick Martini",
  "player_id": 605361,
  "player_name": "Nick Martini",
  "recent_unicorns": [],
  "role": "hitter",
  "roles": [
    "hitter"
  ],
  "team_id": 115,
  "team_name": "COL"
}
