{
  "basic_batting": {
    "avg": 0.229,
    "babip": 0.3783783783783784,
    "bb": 4,
    "doubles": 3,
    "h": 16,
    "hr": 2,
    "iso": 0.12799999999999997,
    "k": 31,
    "obp": 0.289,
    "ops": 0.647,
    "ops_plus": 80.22644468826017,
    "slg": 0.357,
    "triples": 0,
    "woba": 0.2894736842105263,
    "wrc_plus": 91.09113505859582
  },
  "basic_pitching": null,
  "current_team_id": 158,
  "metrics": {
    "barrel_pct_last_50": 0.0,
    "chase_pct_last_50": 0.3181818181818182,
    "contact_pct_last_50": 0.24,
    "hard_hit_pct_last_50": 0.3333333333333333,
    "xwoba_last_50": 0.3028181818181818
  },
  "name": "Eric Haase",
  "player_id": 606992,
  "player_name": "Eric Haase",
  "recent_unicorns": [],
  "role": "hitter",
  "roles": [
    "hitter"
  ],
  "team_id": 158,
  "team_name": "MIL"
}
