{
  "basic_batting": {
    "avg": 0.18181818181818182,
    "babip": 0.2,
    "bb": 1,
    "doubles": 0,
    "h": 2,
    "hr": 1,
    "iso": 0.2727272727272727,
    "k": 5,
    "obp": 0.25,
    "ops": 0.7045454545454546,
    "ops_plus": 99,
    "slg": 0.45454545454545453,
    "triples": 0,
    "woba": 0.3066666666666667,
    "wrc_plus": -30
  },
  "basic_pitching": null,
  "current_team_id": 158,
  "metrics": {
    "barrel_pct_last_50": 0.0,
    "chase_pct_last_50": 0.3181818181818182,
    "contact_pct_last_50": 0.24,
    "hard_hit_pct_last_50": 0.3333333333333333,
    "xwoba_last_50": 0.3028181818181818
  },
  "name": "Eric Haase",
  "player_id": 606992,
  "player_name": "Eric Haase",
  "recent_unicorns": [],
  "role": "hitter",
  "roles": [
    "hitter"
  ],
  "team_id": 158,
  "team_name": "MIL"
}
