{
  "basic_batting": {
    "avg": 0.20238095238095238,
    "babip": 0.203125,
    "bb": 6,
    "doubles": 3,
    "h": 17,
    "hr": 4,
    "iso": 0.17857142857142855,
    "k": 17,
    "obp": 0.25274725274725274,
    "ops": 0.6336996336996337,
    "ops_plus": 80,
    "slg": 0.38095238095238093,
    "triples": 0,
    "woba": 0.2774725274725275,
    "wrc_plus": 54
  },
  "basic_pitching": null,
  "current_team_id": 121,
  "metrics": {
    "barrel_pct_last_50": 0.04878048780487805,
    "chase_pct_last_50": 0.25,
    "contact_pct_last_50": 0.43617021276595747,
    "hard_hit_pct_last_50": 0.4878048780487805,
    "xwoba_last_50": 0.2809
  },
  "name": "Brandon Nimmo",
  "player_id": 607043,
  "player_name": "Brandon Nimmo",
  "recent_unicorns": [],
  "role": "hitter",
  "roles": [
    "hitter"
  ],
  "team_id": 121,
  "team_name": "NYM"
}
