{
  "basic_batting": {
    "avg": 0.262,
    "babip": 0.3014018691588785,
    "bb": 50,
    "doubles": 27,
    "h": 154,
    "hr": 25,
    "iso": 0.174,
    "k": 141,
    "obp": 0.324,
    "ops": 0.76,
    "ops_plus": 119.02799508369127,
    "slg": 0.436,
    "triples": 0,
    "woba": 0.3335023041474654,
    "wrc_plus": 108.47239458601415
  },
  "basic_pitching": null,
  "current_team_id": 121,
  "metrics": {
    "barrel_pct_last_50": 0.05128205128205128,
    "chase_pct_last_50": 0.2261904761904762,
    "contact_pct_last_50": 0.43333333333333335,
    "hard_hit_pct_last_50": 0.5384615384615384,
    "xwoba_last_50": 0.2822
  },
  "name": "Brandon Nimmo",
  "player_id": 607043,
  "player_name": "Brandon Nimmo",
  "recent_unicorns": [],
  "role": "hitter",
  "roles": [
    "hitter"
  ],
  "team_id": 121,
  "team_name": "NYM"
}
