{
  "basic_batting": {
    "avg": 0.2,
    "babip": 0.1875,
    "bb": 5,
    "doubles": 3,
    "h": 13,
    "hr": 4,
    "iso": 0.23076923076923078,
    "k": 14,
    "obp": 0.2535211267605634,
    "ops": 0.6842903575297942,
    "ops_plus": 94,
    "slg": 0.4307692307692308,
    "triples": 0,
    "woba": 0.29577464788732394,
    "wrc_plus": 59
  },
  "basic_pitching": null,
  "current_team_id": 121,
  "metrics": {
    "barrel_pct_last_50": 0.05128205128205128,
    "chase_pct_last_50": 0.2261904761904762,
    "contact_pct_last_50": 0.43333333333333335,
    "hard_hit_pct_last_50": 0.5384615384615384,
    "xwoba_last_50": 0.2822
  },
  "name": "Brandon Nimmo",
  "player_id": 607043,
  "player_name": "Brandon Nimmo",
  "recent_unicorns": [],
  "role": "hitter",
  "roles": [
    "hitter"
  ],
  "team_id": 121,
  "team_name": "NYM"
}
