{
  "current_team_id": 121,
  "metrics": {
    "barrel_pct_last_50": 0.05128205128205128,
    "chase_pct_last_50": 0.2261904761904762,
    "contact_pct_last_50": 0.43333333333333335,
    "hard_hit_pct_last_50": 0.5384615384615384,
    "xwoba_last_50": 0.2822
  },
  "name": "Brandon Nimmo",
  "player_id": 607043,
  "player_name": "Brandon Nimmo",
  "recent_unicorns": [],
  "role": "hitter",
  "roles": [
    "hitter"
  ],
  "team_id": 121,
  "team_name": "NYM"
}
