{
  "basic_batting": {
    "avg": 0.22413793103448276,
    "babip": 0.27906976744186046,
    "bb": 7,
    "doubles": 3,
    "h": 13,
    "hr": 1,
    "iso": 0.10344827586206895,
    "k": 14,
    "obp": 0.3076923076923077,
    "ops": 0.6352785145888594,
    "ops_plus": 84,
    "slg": 0.3275862068965517,
    "triples": 0,
    "woba": 0.28846153846153844,
    "wrc_plus": 50
  },
  "basic_pitching": null,
  "current_team_id": 143,
  "metrics": {
    "barrel_pct_last_50": 0.05405405405405406,
    "chase_pct_last_50": 0.3655913978494624,
    "contact_pct_last_50": 0.39361702127659576,
    "hard_hit_pct_last_50": 0.2972972972972973,
    "xwoba_last_50": 0.19156
  },
  "name": "Trea Turner",
  "player_id": 607208,
  "player_name": "Trea Turner",
  "recent_unicorns": [
    {
      "description": "Trea Turner leads MLB in contact rate over his last 50 PA.",
      "metric_value": 0.0,
      "pattern_id": "UNQ-H-0005",
      "run_date": "2025-03-27",
      "score": 1.115877
    }
  ],
  "role": "hitter",
  "roles": [
    "hitter"
  ],
  "team_id": 143,
  "team_name": "PHI"
}
