{
  "basic_batting": {
    "avg": 0.209,
    "babip": 0.2571428571428571,
    "bb": 0,
    "doubles": 2,
    "h": 9,
    "hr": 0,
    "iso": 0.047000000000000014,
    "k": 8,
    "obp": 0.209,
    "ops": 0.465,
    "ops_plus": 34.658226581011405,
    "slg": 0.256,
    "triples": 0,
    "woba": 0.203953488372093,
    "wrc_plus": 66.33634308598182
  },
  "basic_pitching": null,
  "current_team_id": 140,
  "metrics": {
    "barrel_pct_last_50": 0.0,
    "chase_pct_last_50": 0.3611111111111111,
    "contact_pct_last_50": 0.38095238095238093,
    "hard_hit_pct_last_50": 0.25,
    "xwoba_last_50": 0.25715
  },
  "name": "Kevin Pillar",
  "player_id": 607680,
  "player_name": "Kevin Pillar",
  "recent_unicorns": [],
  "role": "hitter",
  "roles": [
    "hitter"
  ],
  "team_id": 140,
  "team_name": "TEX"
}
