{
  "basic_batting": {
    "avg": 0.134,
    "babip": 0.20253164556962025,
    "bb": 6,
    "doubles": 4,
    "h": 16,
    "hr": 0,
    "iso": 0.034,
    "k": 40,
    "obp": 0.195,
    "ops": 0.363,
    "ops_plus": 7.0365872201315405,
    "slg": 0.168,
    "triples": 0,
    "woba": 0.17234375000000002,
    "wrc_plus": 56.05520268359878
  },
  "basic_pitching": {
    "babip": 0.2857142857142857,
    "bb": 0,
    "era": 4.5,
    "fip": 2.1255870058340216,
    "h": 2,
    "hr": 0,
    "ip": 2.0,
    "whip": 1.0
  },
  "current_team_id": 115,
  "metrics": {
    "barrel_pct_last_50": 0.0,
    "chase_pct_last_50": 0.43859649122807015,
    "contact_pct_last_50": 0.21666666666666667,
    "hard_hit_pct_last_50": 0.46153846153846156,
    "xwoba_last_50": 0.18508333333333332
  },
  "name": "Jacob Stallings",
  "player_id": 607732,
  "player_name": "Jacob Stallings",
  "recent_unicorns": [],
  "role": "hitter",
  "roles": [
    "hitter"
  ],
  "team_id": 115,
  "team_name": "COL"
}
