{
  "current_team_id": 115,
  "metrics": {
    "barrel_pct_last_50": 0.0,
    "chase_pct_last_50": 0.43859649122807015,
    "contact_pct_last_50": 0.21666666666666667,
    "hard_hit_pct_last_50": 0.46153846153846156,
    "xwoba_last_50": 0.18508333333333332
  },
  "name": "Jacob Stallings",
  "player_id": 607732,
  "player_name": "Jacob Stallings",
  "recent_unicorns": [],
  "role": "hitter",
  "roles": [
    "hitter"
  ],
  "team_id": 115,
  "team_name": "COL"
}
