{
  "basic_batting": {
    "avg": 0.282,
    "babip": 0.27944111776447106,
    "bb": 70,
    "doubles": 34,
    "h": 170,
    "hr": 30,
    "iso": 0.21600000000000003,
    "k": 76,
    "obp": 0.362,
    "ops": 0.86,
    "ops_plus": 147.56876116622954,
    "slg": 0.498,
    "triples": 3,
    "woba": 0.37484671532846714,
    "wrc_plus": 121.91975979992588
  },
  "basic_pitching": null,
  "current_team_id": 114,
  "metrics": {
    "barrel_pct_last_50": 0.07317073170731707,
    "chase_pct_last_50": 0.3125,
    "contact_pct_last_50": 0.4270833333333333,
    "hard_hit_pct_last_50": 0.36585365853658536,
    "xwoba_last_50": 0.28272
  },
  "name": "José Ramírez",
  "player_id": 608070,
  "player_name": "José Ramírez",
  "recent_unicorns": [],
  "role": "hitter",
  "roles": [
    "hitter"
  ],
  "team_id": 114,
  "team_name": "CLE"
}
