{
  "basic_batting": {
    "avg": 0.32051282051282054,
    "babip": 0.3684210526315789,
    "bb": 4,
    "doubles": 7,
    "h": 25,
    "hr": 4,
    "iso": 0.24358974358974356,
    "k": 18,
    "obp": 0.36470588235294116,
    "ops": 0.9288084464555053,
    "ops_plus": 164,
    "slg": 0.5641025641025641,
    "triples": 0,
    "woba": 0.3994117647058824,
    "wrc_plus": 164
  },
  "basic_pitching": null,
  "current_team_id": 111,
  "metrics": {
    "barrel_pct_last_50": 0.0,
    "chase_pct_last_50": 0.16666666666666666,
    "contact_pct_last_50": 0.4794520547945205,
    "hard_hit_pct_last_50": 0.45714285714285713,
    "xwoba_last_50": 0.25244
  },
  "name": "Alex Bregman",
  "player_id": 608324,
  "player_name": "Alex Bregman",
  "recent_unicorns": [
    {
      "description": "Alex Bregman leads MLB in hard-hit rate over his last 50 PA.",
      "metric_value": 0.145299,
      "pattern_id": "UNQ-H-0002",
      "run_date": "2025-04-03",
      "score": 2.037243
    }
  ],
  "role": "hitter",
  "roles": [
    "hitter"
  ],
  "team_id": 111,
  "team_name": "BOS"
}
