{
  "basic_batting": {
    "avg": 0.262,
    "babip": 0.3225806451612903,
    "bb": 25,
    "doubles": 12,
    "h": 49,
    "hr": 9,
    "iso": 0.20899999999999996,
    "k": 56,
    "obp": 0.349,
    "ops": 0.819,
    "ops_plus": 136.28484053673927,
    "slg": 0.471,
    "triples": 0,
    "woba": 0.3582790697674419,
    "wrc_plus": 116.53109482128119
  },
  "basic_pitching": null,
  "current_team_id": 111,
  "metrics": {
    "barrel_pct_last_50": 0.0,
    "chase_pct_last_50": 0.4827586206896552,
    "contact_pct_last_50": 0.3125,
    "hard_hit_pct_last_50": 0.6,
    "xwoba_last_50": 0.26513333333333333
  },
  "name": "Rob Refsnyder",
  "player_id": 608701,
  "player_name": "Rob Refsnyder",
  "recent_unicorns": [],
  "role": "hitter",
  "roles": [
    "hitter"
  ],
  "team_id": 111,
  "team_name": "BOS"
}
