{
  "basic_batting": {
    "avg": 0.314,
    "babip": 0.3445692883895131,
    "bb": 18,
    "doubles": 17,
    "h": 102,
    "hr": 10,
    "iso": 0.15100000000000002,
    "k": 50,
    "obp": 0.35,
    "ops": 0.814,
    "ops_plus": 135.03231079180446,
    "slg": 0.465,
    "triples": 1,
    "woba": 0.3560982658959538,
    "wrc_plus": 115.82178332591543
  },
  "basic_pitching": null,
  "current_team_id": 133,
  "metrics": {
    "barrel_pct_last_50": 0.0,
    "chase_pct_last_50": 0.34523809523809523,
    "contact_pct_last_50": 0.41414141414141414,
    "hard_hit_pct_last_50": 0.2926829268292683,
    "xwoba_last_50": 0.26452
  },
  "name": "Miguel Andujar",
  "player_id": 609280,
  "player_name": "Miguel Andujar",
  "recent_unicorns": [],
  "role": "hitter",
  "roles": [
    "hitter"
  ],
  "team_id": 133,
  "team_name": "ATH"
}
