{
  "basic_batting": {
    "avg": 0.2894736842105263,
    "babip": 0.35714285714285715,
    "bb": 2,
    "doubles": 5,
    "h": 11,
    "hr": 1,
    "iso": 0.21052631578947367,
    "k": 9,
    "obp": 0.325,
    "ops": 0.825,
    "ops_plus": 135,
    "slg": 0.5,
    "triples": 0,
    "woba": 0.357,
    "wrc_plus": 198
  },
  "basic_pitching": {
    "babip": 0.6,
    "bb": 1,
    "era": 54.0,
    "fip": 46.62558700583402,
    "h": 5,
    "hr": 2,
    "ip": 0.2,
    "whip": 9.0
  },
  "current_team_id": 121,
  "metrics": {
    "barrel_pct_last_50": 0.034482758620689655,
    "chase_pct_last_50": 0.27419354838709675,
    "contact_pct_last_50": 0.4084507042253521,
    "hard_hit_pct_last_50": 0.5517241379310345,
    "xwoba_last_50": 0.3841578947368421
  },
  "name": "Luis Torrens",
  "player_id": 620443,
  "player_name": "Luis Torrens",
  "recent_unicorns": [],
  "role": "hitter",
  "roles": [
    "hitter"
  ],
  "team_id": 121,
  "team_name": "NYM"
}
