{
  "basic_batting": {
    "avg": 0.276,
    "babip": 0.3276699029126214,
    "bb": 45,
    "doubles": 29,
    "h": 148,
    "hr": 13,
    "iso": 0.126,
    "k": 113,
    "obp": 0.332,
    "ops": 0.734,
    "ops_plus": 112.68333143269854,
    "slg": 0.402,
    "triples": 0,
    "woba": 0.32575342465753426,
    "wrc_plus": 105.95205363730629
  },
  "basic_pitching": null,
  "current_team_id": 142,
  "metrics": {
    "barrel_pct_last_50": 0.0,
    "chase_pct_last_50": 0.3125,
    "contact_pct_last_50": 0.41414141414141414,
    "hard_hit_pct_last_50": 0.3170731707317073,
    "xwoba_last_50": 0.25232
  },
  "name": "Carlos Correa",
  "player_id": 621043,
  "player_name": "Carlos Correa",
  "recent_unicorns": [],
  "role": "hitter",
  "roles": [
    "hitter"
  ],
  "team_id": 142,
  "team_name": "MIN"
}
