{
  "basic_batting": {
    "avg": 0.24,
    "babip": 0.2995169082125604,
    "bb": 50,
    "doubles": 25,
    "h": 148,
    "hr": 24,
    "iso": 0.16699999999999998,
    "k": 183,
    "obp": 0.297,
    "ops": 0.705,
    "ops_plus": 102.70096298830475,
    "slg": 0.407,
    "triples": 3,
    "woba": 0.3096433878157504,
    "wrc_plus": 100.71222695135778
  },
  "basic_pitching": null,
  "current_team_id": 112,
  "metrics": {
    "barrel_pct_last_50": 0.06060606060606061,
    "chase_pct_last_50": 0.358974358974359,
    "contact_pct_last_50": 0.3548387096774194,
    "hard_hit_pct_last_50": 0.6666666666666666,
    "xwoba_last_50": 0.2929591836734694
  },
  "name": "Dansby Swanson",
  "player_id": 621020,
  "player_name": "Dansby Swanson",
  "recent_unicorns": [
    {
      "description": "Dansby Swanson: ΔHardHit = 3.600 over the last 50 AB.",
      "metric_value": 3.6,
      "pattern_id": "UNQ-H-0562",
      "run_date": "2025-04-15",
      "score": 3.6
    }
  ],
  "role": "hitter",
  "roles": [
    "hitter"
  ],
  "team_id": 112,
  "team_name": "CHC"
}
