{
  "basic_batting": {
    "avg": 0.16666666666666666,
    "babip": 0.1864406779661017,
    "bb": 5,
    "doubles": 3,
    "h": 15,
    "hr": 4,
    "iso": 0.16666666666666666,
    "k": 28,
    "obp": 0.20833333333333334,
    "ops": 0.5416666666666666,
    "ops_plus": 53,
    "slg": 0.3333333333333333,
    "triples": 0,
    "woba": 0.23729166666666668,
    "wrc_plus": 72
  },
  "basic_pitching": null,
  "current_team_id": 112,
  "metrics": {
    "barrel_pct_last_50": 0.03225806451612903,
    "chase_pct_last_50": 0.3132530120481928,
    "contact_pct_last_50": 0.32978723404255317,
    "hard_hit_pct_last_50": 0.5483870967741935,
    "xwoba_last_50": 0.21279591836734693
  },
  "name": "Dansby Swanson",
  "player_id": 621020,
  "player_name": "Dansby Swanson",
  "recent_unicorns": [
    {
      "description": "Dansby Swanson: ΔHardHit = 3.600 over the last 50 AB.",
      "metric_value": 3.6,
      "pattern_id": "UNQ-H-0562",
      "run_date": "2025-04-15",
      "score": 3.6
    }
  ],
  "role": "hitter",
  "roles": [
    "hitter"
  ],
  "team_id": 112,
  "team_name": "CHC"
}
