{
  "basic_batting": {
    "avg": 0.1643835616438356,
    "babip": 0.16,
    "bb": 5,
    "doubles": 2,
    "h": 12,
    "hr": 4,
    "iso": 0.1917808219178082,
    "k": 20,
    "obp": 0.21518987341772153,
    "ops": 0.5713542569793654,
    "ops_plus": 62,
    "slg": 0.3561643835616438,
    "triples": 0,
    "woba": 0.24974683544303794,
    "wrc_plus": 65
  },
  "basic_pitching": null,
  "current_team_id": 112,
  "metrics": {
    "barrel_pct_last_50": 0.06060606060606061,
    "chase_pct_last_50": 0.358974358974359,
    "contact_pct_last_50": 0.3548387096774194,
    "hard_hit_pct_last_50": 0.6666666666666666,
    "xwoba_last_50": 0.2929591836734694
  },
  "name": "Dansby Swanson",
  "player_id": 621020,
  "player_name": "Dansby Swanson",
  "recent_unicorns": [
    {
      "description": "Dansby Swanson: ΔHardHit = 3.600 over the last 50 AB.",
      "metric_value": 3.6,
      "pattern_id": "UNQ-H-0562",
      "run_date": "2025-04-15",
      "score": 3.6
    }
  ],
  "role": "hitter",
  "roles": [
    "hitter"
  ],
  "team_id": 112,
  "team_name": "CHC"
}
