{
  "basic_batting": {
    "avg": 0.125,
    "babip": 0.125,
    "bb": 1,
    "doubles": 0,
    "h": 1,
    "hr": 0,
    "iso": 0.0,
    "k": 0,
    "obp": 0.2222222222222222,
    "ops": 0.3472222222222222,
    "ops_plus": 4,
    "slg": 0.125,
    "triples": 0,
    "woba": 0.17555555555555558,
    "wrc_plus": 45
  },
  "basic_pitching": {
    "babip": 0.5714285714285714,
    "bb": 0,
    "era": 27.0,
    "fip": 16.12558700583402,
    "h": 5,
    "hr": 1,
    "ip": 1.0,
    "whip": 5.0
  },
  "current_team_id": 147,
  "metrics": {
    "barrel_pct_last_50": 0.0,
    "chase_pct_last_50": 0.18181818181818182,
    "contact_pct_last_50": 0.6666666666666666,
    "hard_hit_pct_last_50": 0.25,
    "xwoba_last_50": 0.22175
  },
  "name": "Pablo Reyes",
  "player_id": 622569,
  "player_name": "Pablo Reyes",
  "recent_unicorns": [],
  "role": "hitter",
  "roles": [
    "hitter"
  ],
  "team_id": 147,
  "team_name": "NYY"
}
