{
  "basic_batting": {
    "avg": 0.07142857142857142,
    "babip": 0.1,
    "bb": 0,
    "doubles": 1,
    "h": 1,
    "hr": 0,
    "iso": 0.07142857142857142,
    "k": 4,
    "obp": 0.07142857142857142,
    "ops": 0.21428571428571427,
    "ops_plus": -40,
    "slg": 0.14285714285714285,
    "triples": 0,
    "woba": 0.09071428571428572,
    "wrc_plus": -200
  },
  "basic_pitching": {
    "babip": 0.5714285714285714,
    "bb": 2,
    "era": 45.0,
    "fip": 25.12558700583402,
    "h": 5,
    "hr": 1,
    "ip": 1.0,
    "whip": 7.0
  },
  "current_team_id": 110,
  "metrics": {
    "barrel_pct_last_50": 0.0,
    "chase_pct_last_50": 0.5,
    "contact_pct_last_50": 0.3333333333333333,
    "hard_hit_pct_last_50": 0.3,
    "xwoba_last_50": 0.16742857142857143
  },
  "name": "Jorge Mateo",
  "player_id": 622761,
  "player_name": "Jorge Mateo",
  "recent_unicorns": [],
  "role": "hitter",
  "roles": [
    "hitter"
  ],
  "team_id": 110,
  "team_name": "BAL"
}
