{
  "basic_batting": {
    "avg": 0.2112676056338028,
    "babip": 0.2549019607843137,
    "bb": 8,
    "doubles": 3,
    "h": 15,
    "hr": 2,
    "iso": 0.1267605633802817,
    "k": 18,
    "obp": 0.2911392405063291,
    "ops": 0.6291674095204136,
    "ops_plus": 82,
    "slg": 0.3380281690140845,
    "triples": 0,
    "woba": 0.2839240506329114,
    "wrc_plus": 46
  },
  "basic_pitching": null,
  "current_team_id": 141,
  "metrics": {
    "barrel_pct_last_50": 0.02631578947368421,
    "chase_pct_last_50": 0.4175824175824176,
    "contact_pct_last_50": 0.37623762376237624,
    "hard_hit_pct_last_50": 0.39473684210526316,
    "xwoba_last_50": 0.2521
  },
  "name": "Anthony Santander",
  "player_id": 623993,
  "player_name": "Anthony Santander",
  "recent_unicorns": [],
  "role": "hitter",
  "roles": [
    "hitter"
  ],
  "team_id": 141,
  "team_name": "TOR"
}
