{
  "basic_batting": {
    "avg": 0.177,
    "babip": 0.2246376811594203,
    "bb": 26,
    "doubles": 5,
    "h": 37,
    "hr": 6,
    "iso": 0.10999999999999999,
    "k": 66,
    "obp": 0.27,
    "ops": 0.557,
    "ops_plus": 62.4826978877612,
    "slg": 0.287,
    "triples": 0,
    "woba": 0.2563291139240506,
    "wrc_plus": 83.37163624860163
  },
  "basic_pitching": null,
  "current_team_id": 141,
  "metrics": {
    "barrel_pct_last_50": 0.02631578947368421,
    "chase_pct_last_50": 0.4175824175824176,
    "contact_pct_last_50": 0.37623762376237624,
    "hard_hit_pct_last_50": 0.39473684210526316,
    "xwoba_last_50": 0.2521
  },
  "name": "Anthony Santander",
  "player_id": 623993,
  "player_name": "Anthony Santander",
  "recent_unicorns": [],
  "role": "hitter",
  "roles": [
    "hitter"
  ],
  "team_id": 141,
  "team_name": "TOR"
}
