{
  "basic_batting": {
    "avg": 0.17857142857142858,
    "babip": 0.2631578947368421,
    "bb": 4,
    "doubles": 0,
    "h": 5,
    "hr": 0,
    "iso": 0.0,
    "k": 9,
    "obp": 0.28125,
    "ops": 0.4598214285714286,
    "ops_plus": 37,
    "slg": 0.17857142857142858,
    "triples": 0,
    "woba": 0.2253125,
    "wrc_plus": 63
  },
  "basic_pitching": null,
  "current_team_id": 118,
  "metrics": {
    "barrel_pct_last_50": 0.0,
    "chase_pct_last_50": 0.28888888888888886,
    "contact_pct_last_50": 0.425531914893617,
    "hard_hit_pct_last_50": 0.25,
    "xwoba_last_50": 0.20557142857142857
  },
  "name": "Cavan Biggio",
  "player_id": 624415,
  "player_name": "Cavan Biggio",
  "recent_unicorns": [],
  "role": "hitter",
  "roles": [
    "hitter"
  ],
  "team_id": 118,
  "team_name": "KC"
}
