{
  "basic_batting": {
    "avg": 0.25806451612903225,
    "babip": 0.25925925925925924,
    "bb": 3,
    "doubles": 2,
    "h": 8,
    "hr": 1,
    "iso": 0.16129032258064518,
    "k": 3,
    "obp": 0.3235294117647059,
    "ops": 0.7428842504743833,
    "ops_plus": 113,
    "slg": 0.41935483870967744,
    "triples": 0,
    "woba": 0.328235294117647,
    "wrc_plus": 153
  },
  "basic_pitching": {
    "babip": 0.4,
    "bb": 1,
    "era": 3.86,
    "fip": 3.55415843440545,
    "h": 4,
    "hr": 0,
    "ip": 2.1,
    "whip": 2.143
  },
  "current_team_id": 113,
  "metrics": {
    "barrel_pct_last_50": 0.034482758620689655,
    "chase_pct_last_50": 0.32608695652173914,
    "contact_pct_last_50": 0.5576923076923077,
    "hard_hit_pct_last_50": 0.3793103448275862,
    "xwoba_last_50": 0.24845161290322582
  },
  "name": "Jose Trevino",
  "player_id": 624431,
  "player_name": "Jose Trevino",
  "recent_unicorns": [],
  "role": "hitter",
  "roles": [
    "hitter"
  ],
  "team_id": 113,
  "team_name": "CIN"
}
