{
  "basic_batting": {
    "avg": 0.174,
    "babip": 0.23404255319148937,
    "bb": 11,
    "doubles": 2,
    "h": 12,
    "hr": 1,
    "iso": 0.07200000000000001,
    "k": 21,
    "obp": 0.296,
    "ops": 0.543,
    "ops_plus": 60.109142053445844,
    "slg": 0.246,
    "triples": 0,
    "woba": 0.25876543209876546,
    "wrc_plus": 84.16405436115504
  },
  "basic_pitching": null,
  "current_team_id": 118,
  "metrics": {
    "barrel_pct_last_50": 0.0,
    "chase_pct_last_50": 0.28888888888888886,
    "contact_pct_last_50": 0.425531914893617,
    "hard_hit_pct_last_50": 0.25,
    "xwoba_last_50": 0.20557142857142857
  },
  "name": "Cavan Biggio",
  "player_id": 624415,
  "player_name": "Cavan Biggio",
  "recent_unicorns": [],
  "role": "hitter",
  "roles": [
    "hitter"
  ],
  "team_id": 118,
  "team_name": "KC"
}
