{
  "basic_batting": {
    "avg": 0.18032786885245902,
    "babip": 0.23076923076923078,
    "bb": 12,
    "doubles": 3,
    "h": 11,
    "hr": 2,
    "iso": 0.14754098360655735,
    "k": 20,
    "obp": 0.3333333333333333,
    "ops": 0.6612021857923497,
    "ops_plus": 92,
    "slg": 0.32786885245901637,
    "triples": 0,
    "woba": 0.30759999999999993,
    "wrc_plus": 82
  },
  "basic_pitching": null,
  "current_team_id": 119,
  "metrics": {
    "barrel_pct_last_50": 0.03125,
    "chase_pct_last_50": 0.2608695652173913,
    "contact_pct_last_50": 0.38095238095238093,
    "hard_hit_pct_last_50": 0.28125,
    "xwoba_last_50": 0.2545918367346939
  },
  "name": "Michael Conforto",
  "player_id": 624424,
  "player_name": "Michael Conforto",
  "recent_unicorns": [
    {
      "description": "Michael Conforto tops MLB in xwOBA over his last 50 PA.",
      "metric_value": 0.468609,
      "pattern_id": "UNQ-H-0003",
      "run_date": "2025-04-05",
      "score": 1.480536
    }
  ],
  "role": "hitter",
  "roles": [
    "hitter"
  ],
  "team_id": 119,
  "team_name": "LAD"
}
