{
  "current_team_id": 113,
  "metrics": {
    "barrel_pct_last_50": 0.034482758620689655,
    "chase_pct_last_50": 0.32608695652173914,
    "contact_pct_last_50": 0.5576923076923077,
    "hard_hit_pct_last_50": 0.3793103448275862,
    "xwoba_last_50": 0.24845161290322582
  },
  "name": "Jose Trevino",
  "player_id": 624431,
  "player_name": "Jose Trevino",
  "recent_unicorns": [],
  "role": "hitter",
  "roles": [
    "hitter"
  ],
  "team_id": 113,
  "team_name": "CIN"
}
