{
  "basic_batting": {
    "avg": 0.2,
    "babip": 0.3,
    "bb": 5,
    "doubles": 0,
    "h": 6,
    "hr": 0,
    "iso": 0.0,
    "k": 10,
    "obp": 0.3333333333333333,
    "ops": 0.5333333333333333,
    "ops_plus": 59,
    "slg": 0.2,
    "triples": 0,
    "woba": 0.26416666666666666,
    "wrc_plus": 95
  },
  "basic_pitching": null,
  "current_team_id": 118,
  "metrics": {
    "barrel_pct_last_50": 0.0,
    "chase_pct_last_50": 0.2830188679245283,
    "contact_pct_last_50": 0.3888888888888889,
    "hard_hit_pct_last_50": 0.2857142857142857,
    "xwoba_last_50": 0.21945161290322582
  },
  "name": "Cavan Biggio",
  "player_id": 624415,
  "player_name": "Cavan Biggio",
  "recent_unicorns": [],
  "role": "hitter",
  "roles": [
    "hitter"
  ],
  "team_id": 118,
  "team_name": "KC"
}
