{
  "basic_batting": {
    "avg": 0.199,
    "babip": 0.2465277777777778,
    "bb": 56,
    "doubles": 20,
    "h": 83,
    "hr": 12,
    "iso": 0.134,
    "k": 121,
    "obp": 0.305,
    "ops": 0.637,
    "ops_plus": 85.85465845592428,
    "slg": 0.333,
    "triples": 0,
    "woba": 0.2903497942386832,
    "wrc_plus": 94.43694108542134
  },
  "basic_pitching": null,
  "current_team_id": 119,
  "metrics": {
    "barrel_pct_last_50": 0.03571428571428571,
    "chase_pct_last_50": 0.28888888888888886,
    "contact_pct_last_50": 0.32558139534883723,
    "hard_hit_pct_last_50": 0.39285714285714285,
    "xwoba_last_50": 0.2934791666666667
  },
  "name": "Michael Conforto",
  "player_id": 624424,
  "player_name": "Michael Conforto",
  "recent_unicorns": [
    {
      "description": "Michael Conforto tops MLB in xwOBA over his last 50 PA.",
      "metric_value": 0.468609,
      "pattern_id": "UNQ-H-0003",
      "run_date": "2025-04-05",
      "score": 1.480536
    }
  ],
  "role": "hitter",
  "roles": [
    "hitter"
  ],
  "team_id": 119,
  "team_name": "LAD"
}
