{
  "basic_batting": {
    "avg": 0.238,
    "babip": 0.25925925925925924,
    "bb": 15,
    "doubles": 20,
    "h": 67,
    "hr": 4,
    "iso": 0.11299999999999999,
    "k": 39,
    "obp": 0.272,
    "ops": 0.623,
    "ops_plus": 79.93075607252823,
    "slg": 0.351,
    "triples": 0,
    "woba": 0.27382059800664454,
    "wrc_plus": 89.06078183982117
  },
  "basic_pitching": {
    "babip": 0.4,
    "bb": 1,
    "era": 3.86,
    "fip": 3.55415843440545,
    "h": 4,
    "hr": 0,
    "ip": 2.1,
    "whip": 2.143
  },
  "current_team_id": 113,
  "metrics": {
    "barrel_pct_last_50": 0.034482758620689655,
    "chase_pct_last_50": 0.32608695652173914,
    "contact_pct_last_50": 0.5576923076923077,
    "hard_hit_pct_last_50": 0.3793103448275862,
    "xwoba_last_50": 0.24845161290322582
  },
  "name": "Jose Trevino",
  "player_id": 624431,
  "player_name": "Jose Trevino",
  "recent_unicorns": [],
  "role": "hitter",
  "roles": [
    "hitter"
  ],
  "team_id": 113,
  "team_name": "CIN"
}
