{
  "basic_batting": {
    "avg": 0.4444444444444444,
    "babip": 0.6666666666666666,
    "bb": 1,
    "doubles": 4,
    "h": 12,
    "hr": 0,
    "iso": 0.14814814814814814,
    "k": 9,
    "obp": 0.4642857142857143,
    "ops": 1.056878306878307,
    "ops_plus": 204,
    "slg": 0.5925925925925926,
    "triples": 0,
    "woba": 0.46035714285714285,
    "wrc_plus": 376
  },
  "basic_pitching": null,
  "current_team_id": 143,
  "metrics": {
    "barrel_pct_last_50": 0.0,
    "chase_pct_last_50": 0.40425531914893614,
    "contact_pct_last_50": 0.33962264150943394,
    "hard_hit_pct_last_50": 0.5555555555555556,
    "xwoba_last_50": 0.3127037037037037
  },
  "name": "Edmundo Sosa",
  "player_id": 624641,
  "player_name": "Edmundo Sosa",
  "recent_unicorns": [],
  "role": "hitter",
  "roles": [
    "hitter"
  ],
  "team_id": 143,
  "team_name": "PHI"
}
