{
  "basic_batting": {
    "avg": 0.1724137931034483,
    "babip": 0.15384615384615385,
    "bb": 2,
    "doubles": 1,
    "h": 5,
    "hr": 1,
    "iso": 0.13793103448275862,
    "k": 2,
    "obp": 0.25,
    "ops": 0.5603448275862069,
    "ops_plus": 61,
    "slg": 0.3103448275862069,
    "triples": 0,
    "woba": 0.25437499999999996,
    "wrc_plus": 164
  },
  "basic_pitching": null,
  "current_team_id": 116,
  "metrics": {
    "barrel_pct_last_50": 0.0,
    "chase_pct_last_50": 0.38,
    "contact_pct_last_50": 0.4576271186440678,
    "hard_hit_pct_last_50": 0.4166666666666667,
    "xwoba_last_50": 0.2623333333333333
  },
  "name": "Andy Ib치침ez",
  "player_id": 628451,
  "player_name": "Andy Ib치침ez",
  "recent_unicorns": [],
  "role": "hitter",
  "roles": [
    "hitter"
  ],
  "team_id": 116,
  "team_name": "DET"
}
