{
  "basic_batting": {
    "avg": 0.24,
    "babip": 0.2911392405063291,
    "bb": 69,
    "doubles": 20,
    "h": 103,
    "hr": 11,
    "iso": 0.127,
    "k": 110,
    "obp": 0.359,
    "ops": 0.726,
    "ops_plus": 112.2077381178647,
    "slg": 0.367,
    "triples": 1,
    "woba": 0.3295969289827255,
    "wrc_plus": 107.20216229493897
  },
  "basic_pitching": null,
  "current_team_id": 135,
  "metrics": {
    "barrel_pct_last_50": 0.0,
    "chase_pct_last_50": 0.22950819672131148,
    "contact_pct_last_50": 0.4482758620689655,
    "hard_hit_pct_last_50": 0.38461538461538464,
    "xwoba_last_50": 0.22891666666666666
  },
  "name": "Jake Cronenworth",
  "player_id": 630105,
  "player_name": "Jake Cronenworth",
  "recent_unicorns": [],
  "role": "hitter",
  "roles": [
    "hitter"
  ],
  "team_id": 135,
  "team_name": "SD"
}
