{
  "basic_batting": {
    "avg": 0.18,
    "babip": 0.22857142857142856,
    "bb": 5,
    "doubles": 0,
    "h": 9,
    "hr": 1,
    "iso": 0.10000000000000003,
    "k": 17,
    "obp": 0.2413793103448276,
    "ops": 0.5213793103448277,
    "ops_plus": 51,
    "slg": 0.28,
    "triples": 1,
    "woba": 0.2310344827586207,
    "wrc_plus": 73
  },
  "basic_pitching": null,
  "current_team_id": 147,
  "metrics": {
    "barrel_pct_last_50": 0.030303030303030304,
    "chase_pct_last_50": 0.38235294117647056,
    "contact_pct_last_50": 0.3269230769230769,
    "hard_hit_pct_last_50": 0.5454545454545454,
    "xwoba_last_50": 0.2403469387755102
  },
  "name": "Cody Bellinger",
  "player_id": 641355,
  "player_name": "Cody Bellinger",
  "recent_unicorns": [],
  "role": "hitter",
  "roles": [
    "hitter"
  ],
  "team_id": 147,
  "team_name": "NYY"
}
