{
  "basic_batting": {
    "avg": 0.202,
    "babip": 0.21428571428571427,
    "bb": 11,
    "doubles": 5,
    "h": 17,
    "hr": 2,
    "iso": 0.131,
    "k": 14,
    "obp": 0.296,
    "ops": 0.629,
    "ops_plus": 82.95021097046413,
    "slg": 0.333,
    "triples": 0,
    "woba": 0.283265306122449,
    "wrc_plus": 92.13269496529773
  },
  "basic_pitching": null,
  "current_team_id": 147,
  "metrics": {
    "barrel_pct_last_50": 0.0,
    "chase_pct_last_50": 0.23809523809523808,
    "contact_pct_last_50": 0.34615384615384615,
    "hard_hit_pct_last_50": 0.4444444444444444,
    "xwoba_last_50": 0.22753846153846155
  },
  "name": "J.C. Escarra",
  "player_id": 641555,
  "player_name": "J.C. Escarra",
  "recent_unicorns": [],
  "role": "hitter",
  "roles": [
    "hitter"
  ],
  "team_id": 147,
  "team_name": "NYY"
}
