{
  "basic_batting": {
    "avg": 0.241,
    "babip": 0.29411764705882354,
    "bb": 25,
    "doubles": 9,
    "h": 46,
    "hr": 6,
    "iso": 0.14100000000000001,
    "k": 49,
    "obp": 0.332,
    "ops": 0.714,
    "ops_plus": 107.43251099200468,
    "slg": 0.382,
    "triples": 0,
    "woba": 0.32069124423963136,
    "wrc_plus": 104.3055677662115
  },
  "basic_pitching": null,
  "current_team_id": 113,
  "metrics": {
    "barrel_pct_last_50": 0.0,
    "chase_pct_last_50": 0.3,
    "contact_pct_last_50": 0.48484848484848486,
    "hard_hit_pct_last_50": 0.28125,
    "xwoba_last_50": 0.25358974358974357
  },
  "name": "Jake Fraley",
  "player_id": 641584,
  "player_name": "Jake Fraley",
  "recent_unicorns": [],
  "role": "hitter",
  "roles": [
    "hitter"
  ],
  "team_id": 113,
  "team_name": "CIN"
}
