{
  "basic_batting": {
    "avg": 0.20588235294117646,
    "babip": 0.30434782608695654,
    "bb": 6,
    "doubles": 0,
    "h": 7,
    "hr": 0,
    "iso": 0.0,
    "k": 11,
    "obp": 0.34146341463414637,
    "ops": 0.5473457675753228,
    "ops_plus": 63,
    "slg": 0.20588235294117646,
    "triples": 0,
    "woba": 0.2704878048780488,
    "wrc_plus": 59
  },
  "basic_pitching": null,
  "current_team_id": 136,
  "metrics": {
    "barrel_pct_last_50": 0.0,
    "chase_pct_last_50": 0.2459016393442623,
    "contact_pct_last_50": 0.3728813559322034,
    "hard_hit_pct_last_50": 0.45454545454545453,
    "xwoba_last_50": 0.24772727272727274
  },
  "name": "Mitch Garver",
  "player_id": 641598,
  "player_name": "Mitch Garver",
  "recent_unicorns": [],
  "role": "hitter",
  "roles": [
    "hitter"
  ],
  "team_id": 136,
  "team_name": "SEA"
}
