{
  "basic_batting": {
    "avg": 0.20512820512820512,
    "babip": 0.25,
    "bb": 2,
    "doubles": 2,
    "h": 8,
    "hr": 0,
    "iso": 0.051282051282051266,
    "k": 7,
    "obp": 0.24390243902439024,
    "ops": 0.5003126954346466,
    "ops_plus": 45,
    "slg": 0.2564102564102564,
    "triples": 0,
    "woba": 0.22585365853658537,
    "wrc_plus": 42
  },
  "basic_pitching": null,
  "current_team_id": 113,
  "metrics": {
    "barrel_pct_last_50": 0.0,
    "chase_pct_last_50": 0.3,
    "contact_pct_last_50": 0.48484848484848486,
    "hard_hit_pct_last_50": 0.28125,
    "xwoba_last_50": 0.25358974358974357
  },
  "name": "Jake Fraley",
  "player_id": 641584,
  "player_name": "Jake Fraley",
  "recent_unicorns": [],
  "role": "hitter",
  "roles": [
    "hitter"
  ],
  "team_id": 113,
  "team_name": "CIN"
}
