{
  "basic_batting": {
    "avg": 0.16666666666666666,
    "babip": 0.2222222222222222,
    "bb": 1,
    "doubles": 2,
    "h": 2,
    "hr": 0,
    "iso": 0.16666666666666666,
    "k": 3,
    "obp": 0.2857142857142857,
    "ops": 0.6190476190476191,
    "ops_plus": 79,
    "slg": 0.3333333333333333,
    "triples": 0,
    "woba": 0.28214285714285714,
    "wrc_plus": 46
  },
  "basic_pitching": null,
  "current_team_id": 147,
  "metrics": {
    "barrel_pct_last_50": 0.0,
    "chase_pct_last_50": 0.23809523809523808,
    "contact_pct_last_50": 0.34615384615384615,
    "hard_hit_pct_last_50": 0.4444444444444444,
    "xwoba_last_50": 0.22753846153846155
  },
  "name": "J.C. Escarra",
  "player_id": 641555,
  "player_name": "J.C. Escarra",
  "recent_unicorns": [],
  "role": "hitter",
  "roles": [
    "hitter"
  ],
  "team_id": 147,
  "team_name": "NYY"
}
