{
  "basic_batting": {
    "avg": 0.20270270270270271,
    "babip": 0.3170731707317073,
    "bb": 11,
    "doubles": 3,
    "h": 15,
    "hr": 2,
    "iso": 0.12162162162162163,
    "k": 32,
    "obp": 0.3103448275862069,
    "ops": 0.6346691519105312,
    "ops_plus": 83,
    "slg": 0.32432432432432434,
    "triples": 0,
    "woba": 0.28988505747126436,
    "wrc_plus": 70
  },
  "basic_pitching": null,
  "current_team_id": 115,
  "metrics": {
    "barrel_pct_last_50": 0.06666666666666667,
    "chase_pct_last_50": 0.3235294117647059,
    "contact_pct_last_50": 0.2803738317757009,
    "hard_hit_pct_last_50": 0.3,
    "xwoba_last_50": 0.24602
  },
  "name": "Ryan McMahon",
  "player_id": 641857,
  "player_name": "Ryan McMahon",
  "recent_unicorns": [],
  "role": "hitter",
  "roles": [
    "hitter"
  ],
  "team_id": 115,
  "team_name": "COL"
}
