{
  "current_team_id": 110,
  "metrics": {
    "barrel_pct_last_50": 0.05714285714285714,
    "chase_pct_last_50": 0.35802469135802467,
    "contact_pct_last_50": 0.3804347826086957,
    "hard_hit_pct_last_50": 0.45714285714285713,
    "xwoba_last_50": 0.3006938775510204
  },
  "name": "Tyler O'Neill",
  "player_id": 641933,
  "player_name": "Tyler O'Neill",
  "recent_unicorns": [],
  "role": "hitter",
  "roles": [
    "hitter"
  ],
  "team_id": 110,
  "team_name": "BAL"
}
