{
  "basic_batting": {
    "avg": 0.199,
    "babip": 0.21774193548387097,
    "bb": 22,
    "doubles": 6,
    "h": 36,
    "hr": 9,
    "iso": 0.193,
    "k": 51,
    "obp": 0.292,
    "ops": 0.684,
    "ops_plus": 97.1492657214176,
    "slg": 0.392,
    "triples": 1,
    "woba": 0.30277511961722486,
    "wrc_plus": 98.47830685878891
  },
  "basic_pitching": null,
  "current_team_id": 110,
  "metrics": {
    "barrel_pct_last_50": 0.05714285714285714,
    "chase_pct_last_50": 0.35802469135802467,
    "contact_pct_last_50": 0.3804347826086957,
    "hard_hit_pct_last_50": 0.45714285714285713,
    "xwoba_last_50": 0.3006938775510204
  },
  "name": "Tyler O'Neill",
  "player_id": 641933,
  "player_name": "Tyler O'Neill",
  "recent_unicorns": [],
  "role": "hitter",
  "roles": [
    "hitter"
  ],
  "team_id": 110,
  "team_name": "BAL"
}
