{
  "basic_batting": {
    "avg": 0.22857142857142856,
    "babip": 0.25925925925925924,
    "bb": 9,
    "doubles": 2,
    "h": 8,
    "hr": 1,
    "iso": 0.14285714285714288,
    "k": 8,
    "obp": 0.391304347826087,
    "ops": 0.7627329192546584,
    "ops_plus": 122,
    "slg": 0.37142857142857144,
    "triples": 0,
    "woba": 0.3482608695652174,
    "wrc_plus": 160
  },
  "basic_pitching": null,
  "current_team_id": 145,
  "metrics": {
    "barrel_pct_last_50": 0.0,
    "chase_pct_last_50": 0.25862068965517243,
    "contact_pct_last_50": 0.42424242424242425,
    "hard_hit_pct_last_50": 0.4444444444444444,
    "xwoba_last_50": 0.1985
  },
  "name": "Matt Thaiss",
  "player_id": 642136,
  "player_name": "Matt Thaiss",
  "recent_unicorns": [],
  "role": "hitter",
  "roles": [
    "hitter"
  ],
  "team_id": 145,
  "team_name": "CWS"
}
