{
  "basic_batting": {
    "avg": 0.228,
    "babip": 0.2552083333333333,
    "bb": 17,
    "doubles": 11,
    "h": 66,
    "hr": 17,
    "iso": 0.215,
    "k": 83,
    "obp": 0.276,
    "ops": 0.719,
    "ops_plus": 97.41757878950152,
    "slg": 0.443,
    "triples": 0,
    "woba": 0.31211538461538463,
    "wrc_plus": 98.21599062244472
  },
  "basic_pitching": {
    "babip": 0.4444444444444444,
    "bb": 0,
    "era": 13.5,
    "fip": 11.12558700583402,
    "h": 5,
    "hr": 1,
    "ip": 2.0,
    "whip": 2.5
  },
  "current_team_id": 136,
  "metrics": {
    "barrel_pct_last_50": 0.0,
    "chase_pct_last_50": 0.3389830508474576,
    "contact_pct_last_50": 0.35714285714285715,
    "hard_hit_pct_last_50": 0.45,
    "xwoba_last_50": 0.2534375
  },
  "name": "Rowdy Tellez",
  "player_id": 642133,
  "player_name": "Rowdy Tellez",
  "recent_unicorns": [],
  "role": "hitter",
  "roles": [
    "hitter"
  ],
  "team_id": 136,
  "team_name": "SEA"
}
