{
  "basic_batting": {
    "avg": 0.1,
    "babip": 0.10526315789473684,
    "bb": 1,
    "doubles": 1,
    "h": 3,
    "hr": 1,
    "iso": 0.13333333333333333,
    "k": 11,
    "obp": 0.15151515151515152,
    "ops": 0.3848484848484849,
    "ops_plus": 9,
    "slg": 0.23333333333333334,
    "triples": 0,
    "woba": 0.17181818181818181,
    "wrc_plus": -7
  },
  "basic_pitching": {
    "babip": 0.4444444444444444,
    "bb": 0,
    "era": 13.5,
    "fip": 11.12558700583402,
    "h": 5,
    "hr": 1,
    "ip": 2.0,
    "whip": 2.5
  },
  "current_team_id": 136,
  "metrics": {
    "barrel_pct_last_50": 0.0,
    "chase_pct_last_50": 0.3389830508474576,
    "contact_pct_last_50": 0.35714285714285715,
    "hard_hit_pct_last_50": 0.45,
    "xwoba_last_50": 0.2534375
  },
  "name": "Rowdy Tellez",
  "player_id": 642133,
  "player_name": "Rowdy Tellez",
  "recent_unicorns": [],
  "role": "hitter",
  "roles": [
    "hitter"
  ],
  "team_id": 136,
  "team_name": "SEA"
}
