{
  "current_team_id": 144,
  "metrics": {
    "barrel_pct_last_50": 0.0,
    "chase_pct_last_50": 0.5294117647058824,
    "contact_pct_last_50": 0.32142857142857145,
    "hard_hit_pct_last_50": 0.2222222222222222,
    "xwoba_last_50": 0.22078571428571428
  },
  "name": "Eli White",
  "player_id": 642201,
  "player_name": "Eli White",
  "recent_unicorns": [],
  "role": "hitter",
  "roles": [
    "hitter"
  ],
  "team_id": 144,
  "team_name": "ATL"
}
