{
  "current_team_id": 121,
  "metrics": {
    "barrel_pct_last_50": 0.08333333333333333,
    "chase_pct_last_50": 0.5,
    "contact_pct_last_50": 0.26666666666666666,
    "hard_hit_pct_last_50": 0.16666666666666666,
    "xwoba_last_50": 0.14514285714285713
  },
  "name": "Jose Siri",
  "player_id": 642350,
  "player_name": "Jose Siri",
  "recent_unicorns": [],
  "role": "hitter",
  "roles": [
    "hitter"
  ],
  "team_id": 121,
  "team_name": "NYM"
}
