{
  "basic_batting": {
    "avg": 0.05,
    "babip": 0.08333333333333333,
    "bb": 4,
    "doubles": 1,
    "h": 1,
    "hr": 0,
    "iso": 0.05,
    "k": 8,
    "obp": 0.20833333333333334,
    "ops": 0.30833333333333335,
    "ops_plus": -7,
    "slg": 0.1,
    "triples": 0,
    "woba": 0.16791666666666663,
    "wrc_plus": 46
  },
  "basic_pitching": null,
  "current_team_id": 121,
  "metrics": {
    "barrel_pct_last_50": 0.08333333333333333,
    "chase_pct_last_50": 0.5,
    "contact_pct_last_50": 0.26666666666666666,
    "hard_hit_pct_last_50": 0.16666666666666666,
    "xwoba_last_50": 0.14514285714285713
  },
  "name": "Jose Siri",
  "player_id": 642350,
  "player_name": "Jose Siri",
  "recent_unicorns": [],
  "role": "hitter",
  "roles": [
    "hitter"
  ],
  "team_id": 121,
  "team_name": "NYM"
}
