{
  "basic_batting": {
    "avg": 0.225,
    "babip": 0.26342710997442453,
    "bb": 80,
    "doubles": 22,
    "h": 133,
    "hr": 30,
    "iso": 0.19599999999999998,
    "k": 179,
    "obp": 0.318,
    "ops": 0.74,
    "ops_plus": 113.1535814295308,
    "slg": 0.421,
    "triples": 2,
    "woba": 0.32597080291970804,
    "wrc_plus": 106.0227564190733
  },
  "basic_pitching": null,
  "current_team_id": 137,
  "metrics": {
    "barrel_pct_last_50": 0.02702702702702703,
    "chase_pct_last_50": 0.27848101265822783,
    "contact_pct_last_50": 0.4,
    "hard_hit_pct_last_50": 0.3783783783783784,
    "xwoba_last_50": 0.20595918367346938
  },
  "name": "Willy Adames",
  "player_id": 642715,
  "player_name": "Willy Adames",
  "recent_unicorns": [],
  "role": "hitter",
  "roles": [
    "hitter"
  ],
  "team_id": 137,
  "team_name": "SF"
}
