{
  "basic_batting": {
    "avg": 0.3,
    "babip": 0.3076923076923077,
    "bb": 1,
    "doubles": 2,
    "h": 9,
    "hr": 1,
    "iso": 0.16666666666666669,
    "k": 3,
    "obp": 0.3225806451612903,
    "ops": 0.789247311827957,
    "ops_plus": 125,
    "slg": 0.4666666666666667,
    "triples": 0,
    "woba": 0.34419354838709676,
    "wrc_plus": 94
  },
  "basic_pitching": {
    "babip": 0.5714285714285714,
    "bb": 2,
    "era": 36.0,
    "fip": 22.12558700583402,
    "h": 5,
    "hr": 1,
    "ip": 1.0,
    "whip": 7.0
  },
  "current_team_id": 120,
  "metrics": {
    "barrel_pct_last_50": 0.037037037037037035,
    "chase_pct_last_50": 0.4,
    "contact_pct_last_50": 0.5192307692307693,
    "hard_hit_pct_last_50": 0.37037037037037035,
    "xwoba_last_50": 0.2744
  },
  "name": "Amed Rosario",
  "player_id": 642708,
  "player_name": "Amed Rosario",
  "recent_unicorns": [],
  "role": "hitter",
  "roles": [
    "hitter"
  ],
  "team_id": 120,
  "team_name": "WSH"
}
