{
  "basic_batting": {
    "avg": 0.277,
    "babip": 0.3051948051948052,
    "bb": 7,
    "doubles": 12,
    "h": 53,
    "hr": 6,
    "iso": 0.15799999999999997,
    "k": 32,
    "obp": 0.308,
    "ops": 0.743,
    "ops_plus": 113.601991865283,
    "slg": 0.435,
    "triples": 0,
    "woba": 0.32467661691542293,
    "wrc_plus": 105.60181943249573
  },
  "basic_pitching": {
    "babip": 0.5714285714285714,
    "bb": 2,
    "era": 36.0,
    "fip": 22.12558700583402,
    "h": 5,
    "hr": 1,
    "ip": 1.0,
    "whip": 7.0
  },
  "current_team_id": 120,
  "metrics": {
    "barrel_pct_last_50": 0.037037037037037035,
    "chase_pct_last_50": 0.4,
    "contact_pct_last_50": 0.5192307692307693,
    "hard_hit_pct_last_50": 0.37037037037037035,
    "xwoba_last_50": 0.2744
  },
  "name": "Amed Rosario",
  "player_id": 642708,
  "player_name": "Amed Rosario",
  "recent_unicorns": [],
  "role": "hitter",
  "roles": [
    "hitter"
  ],
  "team_id": 120,
  "team_name": "WSH"
}
