{
  "basic_batting": {
    "avg": 0.291,
    "babip": 0.36363636363636365,
    "bb": 5,
    "doubles": 8,
    "h": 30,
    "hr": 6,
    "iso": 0.25300000000000006,
    "k": 32,
    "obp": 0.321,
    "ops": 0.865,
    "ops_plus": 136.7371280949412,
    "slg": 0.544,
    "triples": 0,
    "woba": 0.37110091743119267,
    "wrc_plus": 116.77746763850512
  },
  "basic_pitching": null,
  "current_team_id": 113,
  "metrics": {
    "barrel_pct_last_50": 0.0,
    "chase_pct_last_50": 0.13333333333333333,
    "contact_pct_last_50": 0.30434782608695654,
    "hard_hit_pct_last_50": 0.42857142857142855,
    "xwoba_last_50": 0.2867692307692308
  },
  "name": "Austin Wynns",
  "player_id": 642851,
  "player_name": "Austin Wynns",
  "recent_unicorns": [],
  "role": "hitter",
  "roles": [
    "hitter"
  ],
  "team_id": 113,
  "team_name": "CIN"
}
