{
  "basic_batting": {
    "avg": 0.3076923076923077,
    "babip": 0.5,
    "bb": 2,
    "doubles": 0,
    "h": 4,
    "hr": 1,
    "iso": 0.23076923076923073,
    "k": 6,
    "obp": 0.4,
    "ops": 0.9384615384615385,
    "ops_plus": 169,
    "slg": 0.5384615384615384,
    "triples": 0,
    "woba": 0.41000000000000003,
    "wrc_plus": 270
  },
  "basic_pitching": null,
  "current_team_id": 113,
  "metrics": {
    "barrel_pct_last_50": 0.0,
    "chase_pct_last_50": 0.13333333333333333,
    "contact_pct_last_50": 0.30434782608695654,
    "hard_hit_pct_last_50": 0.42857142857142855,
    "xwoba_last_50": 0.2867692307692308
  },
  "name": "Austin Wynns",
  "player_id": 642851,
  "player_name": "Austin Wynns",
  "recent_unicorns": [],
  "role": "hitter",
  "roles": [
    "hitter"
  ],
  "team_id": 113,
  "team_name": "CIN"
}
