{
  "basic_batting": {
    "avg": 0.16,
    "babip": 0.18181818181818182,
    "bb": 3,
    "doubles": 2,
    "h": 4,
    "hr": 0,
    "iso": 0.07999999999999999,
    "k": 3,
    "obp": 0.25,
    "ops": 0.49,
    "ops_plus": 43,
    "slg": 0.24,
    "triples": 0,
    "woba": 0.2282142857142857,
    "wrc_plus": 37
  },
  "basic_pitching": null,
  "current_team_id": 117,
  "metrics": {
    "barrel_pct_last_50": 0.0,
    "chase_pct_last_50": 0.3076923076923077,
    "contact_pct_last_50": 0.5111111111111111,
    "hard_hit_pct_last_50": 0.21739130434782608,
    "xwoba_last_50": 0.24816
  },
  "name": "Mauricio Dubón",
  "player_id": 643289,
  "player_name": "Mauricio Dubón",
  "recent_unicorns": [],
  "role": "hitter",
  "roles": [
    "hitter"
  ],
  "team_id": 117,
  "team_name": "HOU"
}
