{
  "basic_batting": {
    "avg": 0.241,
    "babip": 0.2554517133956386,
    "bb": 24,
    "doubles": 21,
    "h": 89,
    "hr": 7,
    "iso": 0.11399999999999999,
    "k": 42,
    "obp": 0.289,
    "ops": 0.644,
    "ops_plus": 79.73068733710194,
    "slg": 0.355,
    "triples": 0,
    "woba": 0.2859240506329114,
    "wrc_plus": 89.97414180752055
  },
  "basic_pitching": null,
  "current_team_id": 117,
  "metrics": {
    "barrel_pct_last_50": 0.0,
    "chase_pct_last_50": 0.3076923076923077,
    "contact_pct_last_50": 0.5111111111111111,
    "hard_hit_pct_last_50": 0.21739130434782608,
    "xwoba_last_50": 0.24816
  },
  "name": "Mauricio Dubón",
  "player_id": 643289,
  "player_name": "Mauricio Dubón",
  "recent_unicorns": [],
  "role": "hitter",
  "roles": [
    "hitter"
  ],
  "team_id": 117,
  "team_name": "HOU"
}
