{
  "basic_batting": {
    "avg": 0.12244897959183673,
    "babip": 0.15151515151515152,
    "bb": 9,
    "doubles": 1,
    "h": 6,
    "hr": 1,
    "iso": 0.0816326530612245,
    "k": 15,
    "obp": 0.25862068965517243,
    "ops": 0.46270232230823366,
    "ops_plus": 36,
    "slg": 0.20408163265306123,
    "triples": 0,
    "woba": 0.226551724137931,
    "wrc_plus": -4
  },
  "basic_pitching": null,
  "current_team_id": 139,
  "metrics": {
    "barrel_pct_last_50": 0.0,
    "chase_pct_last_50": 0.2261904761904762,
    "contact_pct_last_50": 0.38823529411764707,
    "hard_hit_pct_last_50": 0.3333333333333333,
    "xwoba_last_50": 0.16172916666666667
  },
  "name": "Danny Jansen",
  "player_id": 643376,
  "player_name": "Danny Jansen",
  "recent_unicorns": [],
  "role": "hitter",
  "roles": [
    "hitter"
  ],
  "team_id": 139,
  "team_name": "TB"
}
