{
  "basic_batting": {
    "avg": 0.24096385542168675,
    "babip": 0.23880597014925373,
    "bb": 8,
    "doubles": 3,
    "h": 20,
    "hr": 4,
    "iso": 0.1807228915662651,
    "k": 12,
    "obp": 0.3076923076923077,
    "ops": 0.7293790546802595,
    "ops_plus": 108,
    "slg": 0.42168674698795183,
    "triples": 0,
    "woba": 0.32197802197802194,
    "wrc_plus": 77
  },
  "basic_pitching": null,
  "current_team_id": 144,
  "metrics": {
    "barrel_pct_last_50": 0.04878048780487805,
    "chase_pct_last_50": 0.3717948717948718,
    "contact_pct_last_50": 0.41,
    "hard_hit_pct_last_50": 0.3170731707317073,
    "xwoba_last_50": 0.2775714285714286
  },
  "name": "Ozzie Albies",
  "player_id": 645277,
  "player_name": "Ozzie Albies",
  "recent_unicorns": [],
  "role": "hitter",
  "roles": [
    "hitter"
  ],
  "team_id": 144,
  "team_name": "ATL"
}
