{
  "basic_batting": {
    "avg": 0.328125,
    "babip": 0.3333333333333333,
    "bb": 8,
    "doubles": 6,
    "h": 21,
    "hr": 2,
    "iso": 0.1875,
    "k": 6,
    "obp": 0.3972602739726027,
    "ops": 0.9128852739726028,
    "ops_plus": 162,
    "slg": 0.515625,
    "triples": 0,
    "woba": 0.396027397260274,
    "wrc_plus": 195
  },
  "basic_pitching": null,
  "current_team_id": 109,
  "metrics": {
    "barrel_pct_last_50": 0.0,
    "chase_pct_last_50": 0.35064935064935066,
    "contact_pct_last_50": 0.5301204819277109,
    "hard_hit_pct_last_50": 0.5,
    "xwoba_last_50": 0.32546
  },
  "name": "Josh Naylor",
  "player_id": 647304,
  "player_name": "Josh Naylor",
  "recent_unicorns": [],
  "role": "hitter",
  "roles": [
    "hitter"
  ],
  "team_id": 109,
  "team_name": "AZ"
}
