{
  "basic_batting": {
    "avg": 0.298,
    "babip": 0.3167701863354037,
    "bb": 52,
    "doubles": 31,
    "h": 176,
    "hr": 23,
    "iso": 0.173,
    "k": 89,
    "obp": 0.356,
    "ops": 0.828,
    "ops_plus": 129.75160938918106,
    "slg": 0.471,
    "triples": 1,
    "woba": 0.3621198156682028,
    "wrc_plus": 113.95130830765375
  },
  "basic_pitching": null,
  "current_team_id": 109,
  "metrics": {
    "barrel_pct_last_50": 0.0,
    "chase_pct_last_50": 0.35064935064935066,
    "contact_pct_last_50": 0.5301204819277109,
    "hard_hit_pct_last_50": 0.5,
    "xwoba_last_50": 0.32546
  },
  "name": "Josh Naylor",
  "player_id": 647304,
  "player_name": "Josh Naylor",
  "recent_unicorns": [],
  "role": "hitter",
  "roles": [
    "hitter"
  ],
  "team_id": 109,
  "team_name": "AZ"
}
