{
  "basic_batting": {
    "avg": 0.29,
    "babip": 0.2878289473684211,
    "bb": 34,
    "doubles": 30,
    "h": 183,
    "hr": 8,
    "iso": 0.09800000000000003,
    "k": 22,
    "obp": 0.325,
    "ops": 0.713,
    "ops_plus": 99.33772608877179,
    "slg": 0.388,
    "triples": 4,
    "woba": 0.3141988130563798,
    "wrc_plus": 98.87160068945721
  },
  "basic_pitching": null,
  "current_team_id": 135,
  "metrics": {
    "barrel_pct_last_50": 0.0,
    "chase_pct_last_50": 0.3670886075949367,
    "contact_pct_last_50": 0.5,
    "hard_hit_pct_last_50": 0.2553191489361702,
    "xwoba_last_50": 0.29292
  },
  "name": "Luis Arraez",
  "player_id": 650333,
  "player_name": "Luis Arraez",
  "recent_unicorns": [
    {
      "description": "Luis Arraez: lowest barrel rate with 0 barrels in the last 50 AB.",
      "metric_value": 0.0,
      "pattern_id": "UNQ-H-0511",
      "run_date": "2025-04-15",
      "score": 0.0
    }
  ],
  "role": "hitter",
  "roles": [
    "hitter"
  ],
  "team_id": 135,
  "team_name": "SD"
}
