{
  "basic_batting": {
    "avg": 0.36363636363636365,
    "babip": 0.3684210526315789,
    "bb": 3,
    "doubles": 1,
    "h": 8,
    "hr": 1,
    "iso": 0.18181818181818177,
    "k": 2,
    "obp": 0.44,
    "ops": 0.9854545454545454,
    "ops_plus": 184,
    "slg": 0.5454545454545454,
    "triples": 0,
    "woba": 0.43119999999999997,
    "wrc_plus": 241
  },
  "basic_pitching": null,
  "current_team_id": 116,
  "metrics": {
    "barrel_pct_last_50": 0.0,
    "chase_pct_last_50": 0.30952380952380953,
    "contact_pct_last_50": 0.45454545454545453,
    "hard_hit_pct_last_50": 0.45,
    "xwoba_last_50": 0.3312272727272727
  },
  "name": "Gleyber Torres",
  "player_id": 650402,
  "player_name": "Gleyber Torres",
  "recent_unicorns": [],
  "role": "hitter",
  "roles": [
    "hitter"
  ],
  "team_id": 116,
  "team_name": "DET"
}
