{
  "basic_batting": {
    "avg": 0.3,
    "babip": 0.3184713375796178,
    "bb": 57,
    "doubles": 29,
    "h": 175,
    "hr": 25,
    "iso": 0.182,
    "k": 92,
    "obp": 0.366,
    "ops": 0.848,
    "ops_plus": 144.65897036276783,
    "slg": 0.482,
    "triples": 1,
    "woba": 0.37081413210445463,
    "wrc_plus": 120.60815279380874
  },
  "basic_pitching": null,
  "current_team_id": 139,
  "metrics": {
    "barrel_pct_last_50": 0.05,
    "chase_pct_last_50": 0.3958333333333333,
    "contact_pct_last_50": 0.39603960396039606,
    "hard_hit_pct_last_50": 0.525,
    "xwoba_last_50": 0.27034
  },
  "name": "Yandy Díaz",
  "player_id": 650490,
  "player_name": "Yandy Díaz",
  "recent_unicorns": [
    {
      "description": "Yandy Díaz: 12 balls hit 105+ mph in the last 50 AB.",
      "metric_value": 12.0,
      "pattern_id": "UNQ-H-0502",
      "run_date": "2025-04-15",
      "score": 12.0
    }
  ],
  "role": "hitter",
  "roles": [
    "hitter"
  ],
  "team_id": 139,
  "team_name": "TB"
}
