{
  "basic_batting": {
    "avg": 0.19148936170212766,
    "babip": 0.3103448275862069,
    "bb": 3,
    "doubles": 1,
    "h": 9,
    "hr": 0,
    "iso": 0.021276595744680854,
    "k": 18,
    "obp": 0.24,
    "ops": 0.4527659574468085,
    "ops_plus": 32,
    "slg": 0.2127659574468085,
    "triples": 0,
    "woba": 0.20919999999999997,
    "wrc_plus": 42
  },
  "basic_pitching": null,
  "current_team_id": 144,
  "metrics": {
    "barrel_pct_last_50": 0.0,
    "chase_pct_last_50": 0.390625,
    "contact_pct_last_50": 0.30851063829787234,
    "hard_hit_pct_last_50": 0.5172413793103449,
    "xwoba_last_50": 0.21893617021276596
  },
  "name": "Bryan De La Cruz",
  "player_id": 650559,
  "player_name": "Bryan De La Cruz",
  "recent_unicorns": [],
  "role": "hitter",
  "roles": [
    "hitter"
  ],
  "team_id": 144,
  "team_name": "ATL"
}
