{
  "basic_batting": {
    "avg": 0.238,
    "babip": 0.2813299232736573,
    "bb": 33,
    "doubles": 16,
    "h": 119,
    "hr": 9,
    "iso": 0.09700000000000003,
    "k": 104,
    "obp": 0.287,
    "ops": 0.622,
    "ops_plus": 74.13827813343295,
    "slg": 0.335,
    "triples": 3,
    "woba": 0.2777777777777778,
    "wrc_plus": 87.4106851572384
  },
  "basic_pitching": null,
  "current_team_id": 108,
  "metrics": {
    "barrel_pct_last_50": 0.047619047619047616,
    "chase_pct_last_50": 0.32894736842105265,
    "contact_pct_last_50": 0.4421052631578947,
    "hard_hit_pct_last_50": 0.30952380952380953,
    "xwoba_last_50": 0.3172
  },
  "name": "Luis Rengifo",
  "player_id": 650859,
  "player_name": "Luis Rengifo",
  "recent_unicorns": [],
  "role": "hitter",
  "roles": [
    "hitter"
  ],
  "team_id": 108,
  "team_name": "LAA"
}
