{
  "basic_batting": {
    "avg": 0.4166666666666667,
    "babip": 0.4,
    "bb": 0,
    "doubles": 2,
    "h": 5,
    "hr": 1,
    "iso": 0.4166666666666667,
    "k": 1,
    "obp": 0.4166666666666667,
    "ops": 1.25,
    "ops_plus": 251,
    "slg": 0.8333333333333334,
    "triples": 0,
    "woba": 0.535,
    "wrc_plus": 234
  },
  "basic_pitching": null,
  "current_team_id": 138,
  "metrics": {
    "barrel_pct_last_50": 0.0,
    "chase_pct_last_50": 0.4090909090909091,
    "contact_pct_last_50": 0.4782608695652174,
    "hard_hit_pct_last_50": 0.45454545454545453,
    "xwoba_last_50": 0.31808333333333333
  },
  "name": "Yohel Pozo",
  "player_id": 650968,
  "player_name": "Yohel Pozo",
  "recent_unicorns": [],
  "role": "hitter",
  "roles": [
    "hitter"
  ],
  "team_id": 138,
  "team_name": "STL"
}
