{
  "basic_batting": {
    "avg": 0.186,
    "babip": 0.2827586206896552,
    "bb": 18,
    "doubles": 8,
    "h": 49,
    "hr": 8,
    "iso": 0.122,
    "k": 110,
    "obp": 0.252,
    "ops": 0.56,
    "ops_plus": 62.18716437956944,
    "slg": 0.308,
    "triples": 0,
    "woba": 0.25297202797202795,
    "wrc_plus": 82.27973629013553
  },
  "basic_pitching": null,
  "current_team_id": 120,
  "metrics": {
    "barrel_pct_last_50": 0.0,
    "chase_pct_last_50": 0.3333333333333333,
    "contact_pct_last_50": 0.15384615384615385,
    "hard_hit_pct_last_50": 1.0,
    "xwoba_last_50": 0.1862
  },
  "name": "Riley Adams",
  "player_id": 656180,
  "player_name": "Riley Adams",
  "recent_unicorns": [],
  "role": "hitter",
  "roles": [
    "hitter"
  ],
  "team_id": 120,
  "team_name": "WSH"
}
