{
  "basic_batting": {
    "avg": 0.26666666666666666,
    "babip": 0.5384615384615384,
    "bb": 5,
    "doubles": 0,
    "h": 8,
    "hr": 1,
    "iso": 0.16666666666666669,
    "k": 16,
    "obp": 0.37142857142857144,
    "ops": 0.8047619047619048,
    "ops_plus": 131,
    "slg": 0.43333333333333335,
    "triples": 1,
    "woba": 0.35742857142857143,
    "wrc_plus": 168
  },
  "basic_pitching": null,
  "current_team_id": 115,
  "metrics": {
    "barrel_pct_last_50": 0.0,
    "chase_pct_last_50": 0.21739130434782608,
    "contact_pct_last_50": 0.2765957446808511,
    "hard_hit_pct_last_50": 0.23076923076923078,
    "xwoba_last_50": 0.19141379310344828
  },
  "name": "Sean Bouchard",
  "player_id": 656248,
  "player_name": "Sean Bouchard",
  "recent_unicorns": [],
  "role": "hitter",
  "roles": [
    "hitter"
  ],
  "team_id": 115,
  "team_name": "COL"
}
