{
  "basic_batting": {
    "avg": 0.18421052631578946,
    "babip": 0.2608695652173913,
    "bb": 3,
    "doubles": 2,
    "h": 7,
    "hr": 1,
    "iso": 0.13157894736842105,
    "k": 14,
    "obp": 0.2619047619047619,
    "ops": 0.5776942355889725,
    "ops_plus": 66,
    "slg": 0.3157894736842105,
    "triples": 0,
    "woba": 0.26166666666666666,
    "wrc_plus": 2
  },
  "basic_pitching": null,
  "current_team_id": 146,
  "metrics": {
    "barrel_pct_last_50": 0.038461538461538464,
    "chase_pct_last_50": 0.4673913043478261,
    "contact_pct_last_50": 0.27956989247311825,
    "hard_hit_pct_last_50": 0.38461538461538464,
    "xwoba_last_50": 0.26087179487179485
  },
  "name": "Derek Hill",
  "player_id": 656537,
  "player_name": "Derek Hill",
  "recent_unicorns": [],
  "role": "hitter",
  "roles": [
    "hitter"
  ],
  "team_id": 146,
  "team_name": "MIA"
}
