{
  "basic_batting": {
    "avg": 0.375,
    "babip": 0.6086956521739131,
    "bb": 6,
    "doubles": 6,
    "h": 15,
    "hr": 1,
    "iso": 0.22499999999999998,
    "k": 16,
    "obp": 0.45652173913043476,
    "ops": 1.0565217391304347,
    "ops_plus": 203,
    "slg": 0.6,
    "triples": 0,
    "woba": 0.45608695652173914,
    "wrc_plus": 158
  },
  "basic_pitching": null,
  "current_team_id": 109,
  "metrics": {
    "barrel_pct_last_50": 0.14285714285714285,
    "chase_pct_last_50": 0.28125,
    "contact_pct_last_50": 0.328125,
    "hard_hit_pct_last_50": 0.5238095238095238,
    "xwoba_last_50": 0.34445454545454546
  },
  "name": "Pavin Smith",
  "player_id": 656976,
  "player_name": "Pavin Smith",
  "recent_unicorns": [
    {
      "description": "Pavin Smith: air barrel rate leader with 3 barrels in the last 50 AB.",
      "metric_value": 3.0,
      "pattern_id": "UNQ-H-0551",
      "run_date": "2025-04-15",
      "score": 3.0
    }
  ],
  "role": "hitter",
  "roles": [
    "hitter"
  ],
  "team_id": 109,
  "team_name": "AZ"
}
