{
  "basic_batting": {
    "avg": 0.16129032258064516,
    "babip": 0.21739130434782608,
    "bb": 1,
    "doubles": 1,
    "h": 5,
    "hr": 0,
    "iso": 0.03225806451612903,
    "k": 9,
    "obp": 0.20588235294117646,
    "ops": 0.39943074003795065,
    "ops_plus": 17,
    "slg": 0.1935483870967742,
    "triples": 0,
    "woba": 0.18352941176470589,
    "wrc_plus": -5
  },
  "basic_pitching": null,
  "current_team_id": 114,
  "metrics": {
    "barrel_pct_last_50": 0.0,
    "chase_pct_last_50": 0.2,
    "contact_pct_last_50": 0.4423076923076923,
    "hard_hit_pct_last_50": 0.30434782608695654,
    "xwoba_last_50": 0.17639393939393938
  },
  "name": "Lane Thomas",
  "player_id": 657041,
  "player_name": "Lane Thomas",
  "recent_unicorns": [],
  "role": "hitter",
  "roles": [
    "hitter"
  ],
  "team_id": 114,
  "team_name": "CLE"
}
