{
  "basic_batting": {
    "avg": 0.35714285714285715,
    "babip": 0.38461538461538464,
    "bb": 0,
    "doubles": 2,
    "h": 5,
    "hr": 0,
    "iso": 0.14285714285714285,
    "k": 1,
    "obp": 0.35714285714285715,
    "ops": 0.8571428571428572,
    "ops_plus": 144,
    "slg": 0.5,
    "triples": 0,
    "woba": 0.37214285714285716,
    "wrc_plus": 125
  },
  "basic_pitching": null,
  "current_team_id": 144,
  "metrics": {
    "barrel_pct_last_50": 0.125,
    "chase_pct_last_50": 0.21428571428571427,
    "contact_pct_last_50": 0.5333333333333333,
    "hard_hit_pct_last_50": 0.5,
    "xwoba_last_50": 0.28144444444444444
  },
  "name": "Alex Verdugo",
  "player_id": 657077,
  "player_name": "Alex Verdugo",
  "recent_unicorns": [],
  "role": "hitter",
  "roles": [
    "hitter"
  ],
  "team_id": 144,
  "team_name": "ATL"
}
