{
  "basic_batting": {
    "avg": 0.228,
    "babip": 0.31666666666666665,
    "bb": 11,
    "doubles": 10,
    "h": 44,
    "hr": 6,
    "iso": 0.145,
    "k": 70,
    "obp": 0.269,
    "ops": 0.642,
    "ops_plus": 77.84414657666004,
    "slg": 0.373,
    "triples": 0,
    "woba": 0.2813942307692308,
    "wrc_plus": 88.54870503899708
  },
  "basic_pitching": null,
  "current_team_id": 120,
  "metrics": {
    "barrel_pct_last_50": 0.0,
    "chase_pct_last_50": 0.3626373626373626,
    "contact_pct_last_50": 0.23076923076923078,
    "hard_hit_pct_last_50": 0.36666666666666664,
    "xwoba_last_50": 0.22312
  },
  "name": "Paul DeJong",
  "player_id": 657557,
  "player_name": "Paul DeJong",
  "recent_unicorns": [],
  "role": "hitter",
  "roles": [
    "hitter"
  ],
  "team_id": 120,
  "team_name": "WSH"
}
