{
  "basic_batting": {
    "avg": 0.07692307692307693,
    "babip": 0.16666666666666666,
    "bb": 1,
    "doubles": 0,
    "h": 1,
    "hr": 0,
    "iso": 0.0,
    "k": 7,
    "obp": 0.14285714285714285,
    "ops": 0.21978021978021978,
    "ops_plus": -34,
    "slg": 0.07692307692307693,
    "triples": 0,
    "woba": 0.11285714285714286,
    "wrc_plus": -269
  },
  "basic_pitching": null,
  "current_team_id": 110,
  "metrics": {
    "barrel_pct_last_50": 0.0,
    "chase_pct_last_50": 0.3,
    "contact_pct_last_50": 0.2222222222222222,
    "hard_hit_pct_last_50": 0.16666666666666666,
    "xwoba_last_50": 0.08123076923076923
  },
  "name": "Ramón Laureano",
  "player_id": 657656,
  "player_name": "Ramón Laureano",
  "recent_unicorns": [],
  "role": "hitter",
  "roles": [
    "hitter"
  ],
  "team_id": 110,
  "team_name": "BAL"
}
