{
  "basic_batting": {
    "avg": 0.19047619047619047,
    "babip": 0.3076923076923077,
    "bb": 6,
    "doubles": 2,
    "h": 4,
    "hr": 0,
    "iso": 0.09523809523809523,
    "k": 8,
    "obp": 0.37037037037037035,
    "ops": 0.656084656084656,
    "ops_plus": 94,
    "slg": 0.2857142857142857,
    "triples": 0,
    "woba": 0.31333333333333335,
    "wrc_plus": 141
  },
  "basic_pitching": null,
  "current_team_id": 108,
  "metrics": {
    "barrel_pct_last_50": 0.0,
    "chase_pct_last_50": 0.2777777777777778,
    "contact_pct_last_50": 0.37142857142857144,
    "hard_hit_pct_last_50": 0.3076923076923077,
    "xwoba_last_50": 0.13766666666666666
  },
  "name": "Yoán Moncada",
  "player_id": 660162,
  "player_name": "Yoán Moncada",
  "recent_unicorns": [],
  "role": "hitter",
  "roles": [
    "hitter"
  ],
  "team_id": 108,
  "team_name": "LAA"
}
