{
  "basic_batting": {
    "avg": 0.234,
    "babip": 0.2822085889570552,
    "bb": 32,
    "doubles": 13,
    "h": 58,
    "hr": 12,
    "iso": 0.214,
    "k": 75,
    "obp": 0.336,
    "ops": 0.783,
    "ops_plus": 126.0510839953878,
    "slg": 0.448,
    "triples": 2,
    "woba": 0.34484429065743943,
    "wrc_plus": 112.16140189060881
  },
  "basic_pitching": null,
  "current_team_id": 108,
  "metrics": {
    "barrel_pct_last_50": 0.0,
    "chase_pct_last_50": 0.2777777777777778,
    "contact_pct_last_50": 0.37142857142857144,
    "hard_hit_pct_last_50": 0.3076923076923077,
    "xwoba_last_50": 0.13766666666666666
  },
  "name": "Yoán Moncada",
  "player_id": 660162,
  "player_name": "Yoán Moncada",
  "recent_unicorns": [],
  "role": "hitter",
  "roles": [
    "hitter"
  ],
  "team_id": 108,
  "team_name": "LAA"
}
