{
  "basic_batting": {
    "avg": 0.22,
    "babip": 0.2826086956521739,
    "bb": 2,
    "doubles": 1,
    "h": 13,
    "hr": 0,
    "iso": 0.016999999999999987,
    "k": 13,
    "obp": 0.246,
    "ops": 0.483,
    "ops_plus": 41.610453491466146,
    "slg": 0.237,
    "triples": 0,
    "woba": 0.21852459016393438,
    "wrc_plus": 71.07562759304992
  },
  "basic_pitching": null,
  "current_team_id": 135,
  "metrics": {
    "barrel_pct_last_50": 0.0,
    "chase_pct_last_50": 0.6875,
    "contact_pct_last_50": 0.375,
    "hard_hit_pct_last_50": 0.5555555555555556,
    "xwoba_last_50": 0.2672727272727273
  },
  "name": "Oscar Gonzalez",
  "player_id": 660757,
  "player_name": "Oscar Gonzalez",
  "recent_unicorns": [],
  "role": "hitter",
  "roles": [
    "hitter"
  ],
  "team_id": 135,
  "team_name": "SD"
}
