{
  "basic_batting": {
    "avg": 0.181,
    "babip": 0.2549019607843137,
    "bb": 3,
    "doubles": 1,
    "h": 13,
    "hr": 0,
    "iso": 0.013000000000000012,
    "k": 22,
    "obp": 0.221,
    "ops": 0.415,
    "ops_plus": 22.25327986214063,
    "slg": 0.194,
    "triples": 0,
    "woba": 0.19142857142857142,
    "wrc_plus": 62.26258492611618
  },
  "basic_pitching": null,
  "current_team_id": 121,
  "metrics": {
    "barrel_pct_last_50": 0.0,
    "chase_pct_last_50": 0.41379310344827586,
    "contact_pct_last_50": 0.45714285714285713,
    "hard_hit_pct_last_50": 0.3125,
    "xwoba_last_50": 0.28295
  },
  "name": "Hayden Senger",
  "player_id": 663584,
  "player_name": "Hayden Senger",
  "recent_unicorns": [],
  "role": "hitter",
  "roles": [
    "hitter"
  ],
  "team_id": 121,
  "team_name": "NYM"
}
