{
  "basic_batting": {
    "avg": 0.25,
    "babip": 0.3125,
    "bb": 1,
    "doubles": 1,
    "h": 5,
    "hr": 0,
    "iso": 0.04999999999999999,
    "k": 4,
    "obp": 0.2857142857142857,
    "ops": 0.5857142857142856,
    "ops_plus": 70,
    "slg": 0.3,
    "triples": 0,
    "woba": 0.26285714285714284,
    "wrc_plus": 43
  },
  "basic_pitching": null,
  "current_team_id": 121,
  "metrics": {
    "barrel_pct_last_50": 0.0,
    "chase_pct_last_50": 0.41379310344827586,
    "contact_pct_last_50": 0.45714285714285713,
    "hard_hit_pct_last_50": 0.3125,
    "xwoba_last_50": 0.28295
  },
  "name": "Hayden Senger",
  "player_id": 663584,
  "player_name": "Hayden Senger",
  "recent_unicorns": [],
  "role": "hitter",
  "roles": [
    "hitter"
  ],
  "team_id": 121,
  "team_name": "NYM"
}
