{
  "basic_batting": {
    "avg": 0.28,
    "babip": 0.3684210526315789,
    "bb": 3,
    "doubles": 2,
    "h": 7,
    "hr": 0,
    "iso": 0.07999999999999996,
    "k": 6,
    "obp": 0.35714285714285715,
    "ops": 0.7171428571428571,
    "ops_plus": 109,
    "slg": 0.36,
    "triples": 0,
    "woba": 0.3235714285714285,
    "wrc_plus": -11
  },
  "basic_pitching": null,
  "current_team_id": 138,
  "metrics": {
    "barrel_pct_last_50": 0.0,
    "chase_pct_last_50": 0.2702702702702703,
    "contact_pct_last_50": 0.4,
    "hard_hit_pct_last_50": 0.6666666666666666,
    "xwoba_last_50": 0.30316666666666664
  },
  "name": "Luken Baker",
  "player_id": 663609,
  "player_name": "Luken Baker",
  "recent_unicorns": [],
  "role": "hitter",
  "roles": [
    "hitter"
  ],
  "team_id": 138,
  "team_name": "STL"
}
