{
  "basic_batting": {
    "avg": 0.19642857142857142,
    "babip": 0.22916666666666666,
    "bb": 10,
    "doubles": 3,
    "h": 11,
    "hr": 0,
    "iso": 0.053571428571428575,
    "k": 8,
    "obp": 0.3283582089552239,
    "ops": 0.5783582089552239,
    "ops_plus": 71,
    "slg": 0.25,
    "triples": 0,
    "woba": 0.276865671641791,
    "wrc_plus": 73
  },
  "basic_pitching": null,
  "current_team_id": 118,
  "metrics": {
    "barrel_pct_last_50": 0.024390243902439025,
    "chase_pct_last_50": 0.24705882352941178,
    "contact_pct_last_50": 0.4659090909090909,
    "hard_hit_pct_last_50": 0.4878048780487805,
    "xwoba_last_50": 0.26516
  },
  "name": "Jonathan India",
  "player_id": 663697,
  "player_name": "Jonathan India",
  "recent_unicorns": [
    {
      "description": "Jonathan India: 2 pulled balls hit 98+ mph with a 20–35° launch angle in the last 50 AB.",
      "metric_value": 2.0,
      "pattern_id": "UNQ-H-0544",
      "run_date": "2025-04-15",
      "score": 2.0
    }
  ],
  "role": "hitter",
  "roles": [
    "hitter"
  ],
  "team_id": 118,
  "team_name": "KC"
}
