{
  "basic_batting": {
    "avg": 0.25,
    "babip": 0.35,
    "bb": 5,
    "doubles": 2,
    "h": 7,
    "hr": 0,
    "iso": 0.07142857142857145,
    "k": 8,
    "obp": 0.36363636363636365,
    "ops": 0.6850649350649352,
    "ops_plus": 100,
    "slg": 0.32142857142857145,
    "triples": 0,
    "woba": 0.3163636363636364,
    "wrc_plus": 56
  },
  "basic_pitching": null,
  "current_team_id": 138,
  "metrics": {
    "barrel_pct_last_50": 0.0,
    "chase_pct_last_50": 0.2553191489361702,
    "contact_pct_last_50": 0.3584905660377358,
    "hard_hit_pct_last_50": 0.631578947368421,
    "xwoba_last_50": 0.2832222222222222
  },
  "name": "Luken Baker",
  "player_id": 663609,
  "player_name": "Luken Baker",
  "recent_unicorns": [],
  "role": "hitter",
  "roles": [
    "hitter"
  ],
  "team_id": 138,
  "team_name": "STL"
}
