{
  "basic_batting": {
    "avg": 0.1896551724137931,
    "babip": 0.2391304347826087,
    "bb": 9,
    "doubles": 1,
    "h": 11,
    "hr": 0,
    "iso": 0.017241379310344834,
    "k": 13,
    "obp": 0.30434782608695654,
    "ops": 0.5112443778110944,
    "ops_plus": 52,
    "slg": 0.20689655172413793,
    "triples": 0,
    "woba": 0.2478260869565217,
    "wrc_plus": 63
  },
  "basic_pitching": null,
  "current_team_id": 142,
  "metrics": {
    "barrel_pct_last_50": 0.0,
    "chase_pct_last_50": 0.3655913978494624,
    "contact_pct_last_50": 0.4175824175824176,
    "hard_hit_pct_last_50": 0.39473684210526316,
    "xwoba_last_50": 0.22574
  },
  "name": "Trevor Larnach",
  "player_id": 663616,
  "player_name": "Trevor Larnach",
  "recent_unicorns": [],
  "role": "hitter",
  "roles": [
    "hitter"
  ],
  "team_id": 142,
  "team_name": "MIN"
}
