{
  "basic_batting": {
    "avg": 0.233,
    "babip": 0.284688995215311,
    "bb": 36,
    "doubles": 16,
    "h": 124,
    "hr": 5,
    "iso": 0.06899999999999998,
    "k": 111,
    "obp": 0.287,
    "ops": 0.589,
    "ops_plus": 71.9069918019285,
    "slg": 0.302,
    "triples": 3,
    "woba": 0.26629565217391304,
    "wrc_plus": 86.61327583025097
  },
  "basic_pitching": null,
  "current_team_id": 134,
  "metrics": {
    "barrel_pct_last_50": 0.02564102564102564,
    "chase_pct_last_50": 0.20588235294117646,
    "contact_pct_last_50": 0.5128205128205128,
    "hard_hit_pct_last_50": 0.5384615384615384,
    "xwoba_last_50": 0.3007959183673469
  },
  "name": "Ke'Bryan Hayes",
  "player_id": 663647,
  "player_name": "Ke'Bryan Hayes",
  "recent_unicorns": [],
  "role": "hitter",
  "roles": [
    "hitter"
  ],
  "team_id": 134,
  "team_name": "PIT"
}
