{
  "basic_batting": {
    "avg": 0.2441860465116279,
    "babip": 0.24489795918367346,
    "bb": 12,
    "doubles": 4,
    "h": 21,
    "hr": 9,
    "iso": 0.36046511627906974,
    "k": 28,
    "obp": 0.3434343434343434,
    "ops": 0.9480855062250411,
    "ops_plus": 167,
    "slg": 0.6046511627906976,
    "triples": 0,
    "woba": 0.40505050505050516,
    "wrc_plus": 143
  },
  "basic_pitching": null,
  "current_team_id": 136,
  "metrics": {
    "barrel_pct_last_50": 0.13333333333333333,
    "chase_pct_last_50": 0.3977272727272727,
    "contact_pct_last_50": 0.2631578947368421,
    "hard_hit_pct_last_50": 0.5666666666666667,
    "xwoba_last_50": 0.37968
  },
  "name": "Cal Raleigh",
  "player_id": 663728,
  "player_name": "Cal Raleigh",
  "recent_unicorns": [],
  "role": "hitter",
  "roles": [
    "hitter"
  ],
  "team_id": 136,
  "team_name": "SEA"
}
