{
  "basic_batting": {
    "avg": 0.2,
    "babip": 0.2857142857142857,
    "bb": 0,
    "doubles": 0,
    "h": 2,
    "hr": 0,
    "iso": 0.0,
    "k": 3,
    "obp": 0.2,
    "ops": 0.4,
    "ops_plus": 17.05148186160845,
    "slg": 0.2,
    "triples": 0,
    "woba": 0.178,
    "wrc_plus": 57.894911058164745
  },
  "basic_pitching": null,
  "current_team_id": 139,
  "metrics": {
    "barrel_pct_last_50": 0.0,
    "chase_pct_last_50": 0.4166666666666667,
    "contact_pct_last_50": 0.6666666666666666,
    "hard_hit_pct_last_50": 0.3333333333333333,
    "xwoba_last_50": 0.22275
  },
  "name": "Coco Montes",
  "player_id": 663796,
  "player_name": "Coco Montes",
  "recent_unicorns": [],
  "role": "hitter",
  "roles": [
    "hitter"
  ],
  "team_id": 139,
  "team_name": "TB"
}
