{
  "basic_batting": {
    "avg": 0.4444444444444444,
    "babip": 0.5333333333333333,
    "bb": 3,
    "doubles": 3,
    "h": 8,
    "hr": 0,
    "iso": 0.16666666666666674,
    "k": 3,
    "obp": 0.5238095238095238,
    "ops": 1.1349206349206349,
    "ops_plus": 228,
    "slg": 0.6111111111111112,
    "triples": 0,
    "woba": 0.4919047619047619,
    "wrc_plus": 237
  },
  "basic_pitching": null,
  "current_team_id": 111,
  "metrics": {
    "barrel_pct_last_50": 0.0,
    "chase_pct_last_50": 0.30434782608695654,
    "contact_pct_last_50": 0.3333333333333333,
    "hard_hit_pct_last_50": 0.6363636363636364,
    "xwoba_last_50": 0.28723076923076923
  },
  "name": "Romy Gonzalez",
  "player_id": 663853,
  "player_name": "Romy Gonzalez",
  "recent_unicorns": [],
  "role": "hitter",
  "roles": [
    "hitter"
  ],
  "team_id": 111,
  "team_name": "BOS"
}
