{
  "basic_batting": {
    "avg": 0.32,
    "babip": 0.35555555555555557,
    "bb": 2,
    "doubles": 3,
    "h": 16,
    "hr": 0,
    "iso": 0.06,
    "k": 5,
    "obp": 0.34615384615384615,
    "ops": 0.7261538461538461,
    "ops_plus": 110,
    "slg": 0.38,
    "triples": 0,
    "woba": 0.3223076923076923,
    "wrc_plus": 114
  },
  "basic_pitching": null,
  "current_team_id": 139,
  "metrics": {
    "barrel_pct_last_50": 0.0,
    "chase_pct_last_50": 0.4024390243902439,
    "contact_pct_last_50": 0.38095238095238093,
    "hard_hit_pct_last_50": 0.41025641025641024,
    "xwoba_last_50": 0.25734090909090906
  },
  "name": "Jake Mangum",
  "player_id": 663968,
  "player_name": "Jake Mangum",
  "recent_unicorns": [],
  "role": "hitter",
  "roles": [
    "hitter"
  ],
  "team_id": 139,
  "team_name": "TB"
}
