{
  "basic_batting": {
    "avg": 0.3230769230769231,
    "babip": 0.3620689655172414,
    "bb": 4,
    "doubles": 3,
    "h": 21,
    "hr": 0,
    "iso": 0.046153846153846156,
    "k": 7,
    "obp": 0.36231884057971014,
    "ops": 0.7315496098104795,
    "ops_plus": 112,
    "slg": 0.36923076923076925,
    "triples": 0,
    "woba": 0.3273913043478261,
    "wrc_plus": 117
  },
  "basic_pitching": null,
  "current_team_id": 139,
  "metrics": {
    "barrel_pct_last_50": 0.0,
    "chase_pct_last_50": 0.4631578947368421,
    "contact_pct_last_50": 0.3826086956521739,
    "hard_hit_pct_last_50": 0.4090909090909091,
    "xwoba_last_50": 0.26016
  },
  "name": "Jake Mangum",
  "player_id": 663968,
  "player_name": "Jake Mangum",
  "recent_unicorns": [],
  "role": "hitter",
  "roles": [
    "hitter"
  ],
  "team_id": 139,
  "team_name": "TB"
}
