{
  "basic_batting": {
    "avg": 0.2911392405063291,
    "babip": 0.4,
    "bb": 10,
    "doubles": 5,
    "h": 23,
    "hr": 3,
    "iso": 0.17721518987341772,
    "k": 26,
    "obp": 0.3707865168539326,
    "ops": 0.8391409472336795,
    "ops_plus": 140,
    "slg": 0.46835443037974683,
    "triples": 0,
    "woba": 0.3696629213483147,
    "wrc_plus": 179
  },
  "basic_pitching": null,
  "current_team_id": 120,
  "metrics": {
    "barrel_pct_last_50": 0.0,
    "chase_pct_last_50": 0.26744186046511625,
    "contact_pct_last_50": 0.4222222222222222,
    "hard_hit_pct_last_50": 0.3888888888888889,
    "xwoba_last_50": 0.279125
  },
  "name": "Nathaniel Lowe",
  "player_id": 663993,
  "player_name": "Nathaniel Lowe",
  "recent_unicorns": [],
  "role": "hitter",
  "roles": [
    "hitter"
  ],
  "team_id": 120,
  "team_name": "WSH"
}
