{
  "basic_batting": {
    "avg": 0.26666666666666666,
    "babip": 0.37142857142857144,
    "bb": 8,
    "doubles": 4,
    "h": 16,
    "hr": 3,
    "iso": 0.21666666666666667,
    "k": 22,
    "obp": 0.35294117647058826,
    "ops": 0.8362745098039216,
    "ops_plus": 139,
    "slg": 0.48333333333333334,
    "triples": 0,
    "woba": 0.3663235294117647,
    "wrc_plus": 197
  },
  "basic_pitching": null,
  "current_team_id": 120,
  "metrics": {
    "barrel_pct_last_50": 0.0,
    "chase_pct_last_50": 0.30927835051546393,
    "contact_pct_last_50": 0.3333333333333333,
    "hard_hit_pct_last_50": 0.48484848484848486,
    "xwoba_last_50": 0.2962448979591837
  },
  "name": "Nathaniel Lowe",
  "player_id": 663993,
  "player_name": "Nathaniel Lowe",
  "recent_unicorns": [],
  "role": "hitter",
  "roles": [
    "hitter"
  ],
  "team_id": 120,
  "team_name": "WSH"
}
