{
  "basic_batting": {
    "avg": 0.227,
    "babip": 0.28342245989304815,
    "bb": 62,
    "doubles": 23,
    "h": 124,
    "hr": 18,
    "iso": 0.151,
    "k": 160,
    "obp": 0.305,
    "ops": 0.684,
    "ops_plus": 90.51058241211453,
    "slg": 0.378,
    "triples": 3,
    "woba": 0.3040422077922078,
    "wrc_plus": 95.6755357194108
  },
  "basic_pitching": null,
  "current_team_id": 120,
  "metrics": {
    "barrel_pct_last_50": 0.0,
    "chase_pct_last_50": 0.30927835051546393,
    "contact_pct_last_50": 0.3333333333333333,
    "hard_hit_pct_last_50": 0.48484848484848486,
    "xwoba_last_50": 0.2962448979591837
  },
  "name": "Nathaniel Lowe",
  "player_id": 663993,
  "player_name": "Nathaniel Lowe",
  "recent_unicorns": [],
  "role": "hitter",
  "roles": [
    "hitter"
  ],
  "team_id": 120,
  "team_name": "WSH"
}
