{
  "basic_batting": {
    "avg": 0.2553191489361702,
    "babip": 0.28125,
    "bb": 1,
    "doubles": 1,
    "h": 12,
    "hr": 3,
    "iso": 0.21276595744680854,
    "k": 12,
    "obp": 0.2857142857142857,
    "ops": 0.7537993920972644,
    "ops_plus": 114,
    "slg": 0.46808510638297873,
    "triples": 0,
    "woba": 0.3285714285714286,
    "wrc_plus": 172
  },
  "basic_pitching": null,
  "current_team_id": 142,
  "metrics": {
    "barrel_pct_last_50": 0.08823529411764706,
    "chase_pct_last_50": 0.3655913978494624,
    "contact_pct_last_50": 0.39325842696629215,
    "hard_hit_pct_last_50": 0.4117647058823529,
    "xwoba_last_50": 0.23704255319148937
  },
  "name": "Harrison Bader",
  "player_id": 664056,
  "player_name": "Harrison Bader",
  "recent_unicorns": [
    {
      "description": "Harrison Bader: 2 barrels vs breaking balls (last 50 AB).",
      "metric_value": 2.0,
      "pattern_id": "UNQ-H-0525",
      "run_date": "2025-04-15",
      "score": 2.0
    }
  ],
  "role": "hitter",
  "roles": [
    "hitter"
  ],
  "team_id": 142,
  "team_name": "MIN"
}
