{
  "basic_batting": {
    "avg": 0.2698412698412698,
    "babip": 0.2727272727272727,
    "bb": 3,
    "doubles": 3,
    "h": 17,
    "hr": 2,
    "iso": 0.14285714285714285,
    "k": 6,
    "obp": 0.3333333333333333,
    "ops": 0.746031746031746,
    "ops_plus": 115,
    "slg": 0.4126984126984127,
    "triples": 0,
    "woba": 0.3321739130434782,
    "wrc_plus": 195
  },
  "basic_pitching": null,
  "current_team_id": 142,
  "metrics": {
    "barrel_pct_last_50": 0.044444444444444446,
    "chase_pct_last_50": 0.38271604938271603,
    "contact_pct_last_50": 0.42452830188679247,
    "hard_hit_pct_last_50": 0.37777777777777777,
    "xwoba_last_50": 0.32774
  },
  "name": "Ty France",
  "player_id": 664034,
  "player_name": "Ty France",
  "recent_unicorns": [],
  "role": "hitter",
  "roles": [
    "hitter"
  ],
  "team_id": 142,
  "team_name": "MIN"
}
