{
  "basic_batting": {
    "avg": 0.16666666666666666,
    "babip": 0.2,
    "bb": 4,
    "doubles": 1,
    "h": 4,
    "hr": 0,
    "iso": 0.041666666666666685,
    "k": 4,
    "obp": 0.3103448275862069,
    "ops": 0.5186781609195402,
    "ops_plus": 54,
    "slg": 0.20833333333333334,
    "triples": 0,
    "woba": 0.2558620689655172,
    "wrc_plus": 67
  },
  "basic_pitching": null,
  "current_team_id": 141,
  "metrics": {
    "barrel_pct_last_50": 0.0,
    "chase_pct_last_50": 0.36363636363636365,
    "contact_pct_last_50": 0.4166666666666667,
    "hard_hit_pct_last_50": 0.25,
    "xwoba_last_50": 0.28824
  },
  "name": "Nathan Lukes",
  "player_id": 664770,
  "player_name": "Nathan Lukes",
  "recent_unicorns": [],
  "role": "hitter",
  "roles": [
    "hitter"
  ],
  "team_id": 141,
  "team_name": "TOR"
}
