{
  "basic_batting": {
    "avg": 0.21428571428571427,
    "babip": 0.28205128205128205,
    "bb": 1,
    "doubles": 2,
    "h": 12,
    "hr": 1,
    "iso": 0.12500000000000003,
    "k": 16,
    "obp": 0.22807017543859648,
    "ops": 0.5673558897243107,
    "ops_plus": 61,
    "slg": 0.3392857142857143,
    "triples": 1,
    "woba": 0.24684210526315792,
    "wrc_plus": 48
  },
  "basic_pitching": null,
  "current_team_id": 118,
  "metrics": {
    "barrel_pct_last_50": 0.0,
    "chase_pct_last_50": 0.30851063829787234,
    "contact_pct_last_50": 0.3804347826086957,
    "hard_hit_pct_last_50": 0.22857142857142856,
    "xwoba_last_50": 0.18089795918367346
  },
  "name": "Kyle Isbel",
  "player_id": 664728,
  "player_name": "Kyle Isbel",
  "recent_unicorns": [],
  "role": "hitter",
  "roles": [
    "hitter"
  ],
  "team_id": 118,
  "team_name": "KC"
}
