{
  "basic_batting": {
    "avg": 0.255,
    "babip": 0.30716723549488056,
    "bb": 23,
    "doubles": 16,
    "h": 94,
    "hr": 4,
    "iso": 0.09799999999999998,
    "k": 74,
    "obp": 0.301,
    "ops": 0.654,
    "ops_plus": 89.81461334752474,
    "slg": 0.353,
    "triples": 4,
    "woba": 0.2899242424242425,
    "wrc_plus": 94.29852937504108
  },
  "basic_pitching": null,
  "current_team_id": 118,
  "metrics": {
    "barrel_pct_last_50": 0.0,
    "chase_pct_last_50": 0.3023255813953488,
    "contact_pct_last_50": 0.3974358974358974,
    "hard_hit_pct_last_50": 0.16129032258064516,
    "xwoba_last_50": 0.19575609756097562
  },
  "name": "Kyle Isbel",
  "player_id": 664728,
  "player_name": "Kyle Isbel",
  "recent_unicorns": [],
  "role": "hitter",
  "roles": [
    "hitter"
  ],
  "team_id": 118,
  "team_name": "KC"
}
