{
  "current_team_id": 146,
  "metrics": {
    "barrel_pct_last_50": 0.030303030303030304,
    "chase_pct_last_50": 0.23809523809523808,
    "contact_pct_last_50": 0.39759036144578314,
    "hard_hit_pct_last_50": 0.5454545454545454,
    "xwoba_last_50": 0.2855
  },
  "name": "Griffin Conine",
  "player_id": 665052,
  "player_name": "Griffin Conine",
  "recent_unicorns": [],
  "role": "hitter",
  "roles": [
    "hitter"
  ],
  "team_id": 146,
  "team_name": "MIA"
}
