{
  "basic_batting": {
    "avg": 0.213,
    "babip": 0.23109243697478993,
    "bb": 29,
    "doubles": 12,
    "h": 74,
    "hr": 19,
    "iso": 0.221,
    "k": 93,
    "obp": 0.281,
    "ops": 0.715,
    "ops_plus": 104.6261083868679,
    "slg": 0.434,
    "triples": 4,
    "woba": 0.31234375,
    "wrc_plus": 101.59052598777329
  },
  "basic_pitching": {
    "babip": 0.25,
    "bb": 0,
    "era": 18.0,
    "fip": 29.12558700583402,
    "h": 3,
    "hr": 2,
    "ip": 1.0,
    "whip": 3.0
  },
  "current_team_id": 143,
  "metrics": {
    "barrel_pct_last_50": 0.0,
    "chase_pct_last_50": 0.25,
    "contact_pct_last_50": 0.5,
    "hard_hit_pct_last_50": 0.0,
    "xwoba_last_50": 0.19266666666666668
  },
  "name": "Kody Clemens",
  "player_id": 665019,
  "player_name": "Kody Clemens",
  "recent_unicorns": [],
  "role": "hitter",
  "roles": [
    "hitter"
  ],
  "team_id": 143,
  "team_name": "PHI"
}
