{
  "basic_batting": {
    "avg": 0.2753623188405797,
    "babip": 0.3220338983050847,
    "bb": 8,
    "doubles": 4,
    "h": 19,
    "hr": 0,
    "iso": 0.0579710144927536,
    "k": 11,
    "obp": 0.35443037974683544,
    "ops": 0.6877637130801688,
    "ops_plus": 101,
    "slg": 0.3333333333333333,
    "triples": 0,
    "woba": 0.31227848101265826,
    "wrc_plus": 138
  },
  "basic_pitching": null,
  "current_team_id": 141,
  "metrics": {
    "barrel_pct_last_50": 0.045454545454545456,
    "chase_pct_last_50": 0.3783783783783784,
    "contact_pct_last_50": 0.5,
    "hard_hit_pct_last_50": 0.45454545454545453,
    "xwoba_last_50": 0.3683
  },
  "name": "Vladimir Guerrero Jr.",
  "player_id": 665489,
  "player_name": "Vladimir Guerrero Jr.",
  "recent_unicorns": [
    {
      "description": "Vladimir Guerrero Jr.: 2 barrels vs 95+ mph fastballs (last 50 AB).",
      "metric_value": 2.0,
      "pattern_id": "UNQ-H-0521",
      "run_date": "2025-04-15",
      "score": 2.0
    }
  ],
  "role": "hitter",
  "roles": [
    "hitter"
  ],
  "team_id": 141,
  "team_name": "TOR"
}
