{
  "basic_batting": {
    "avg": 0.304,
    "babip": 0.3177570093457944,
    "bb": 95,
    "doubles": 39,
    "h": 201,
    "hr": 31,
    "iso": 0.199,
    "k": 101,
    "obp": 0.394,
    "ops": 0.897,
    "ops_plus": 159.20839066915016,
    "slg": 0.503,
    "triples": 0,
    "woba": 0.3924707412223667,
    "wrc_plus": 127.65201492135346
  },
  "basic_pitching": null,
  "current_team_id": 141,
  "metrics": {
    "barrel_pct_last_50": 0.045454545454545456,
    "chase_pct_last_50": 0.3783783783783784,
    "contact_pct_last_50": 0.5,
    "hard_hit_pct_last_50": 0.45454545454545453,
    "xwoba_last_50": 0.3683
  },
  "name": "Vladimir Guerrero Jr.",
  "player_id": 665489,
  "player_name": "Vladimir Guerrero Jr.",
  "recent_unicorns": [
    {
      "description": "Vladimir Guerrero Jr.: 2 barrels vs 95+ mph fastballs (last 50 AB).",
      "metric_value": 2.0,
      "pattern_id": "UNQ-H-0521",
      "run_date": "2025-04-15",
      "score": 2.0
    }
  ],
  "role": "hitter",
  "roles": [
    "hitter"
  ],
  "team_id": 141,
  "team_name": "TOR"
}
