{
  "basic_batting": {
    "avg": 0.263,
    "babip": 0.2704714640198511,
    "bb": 127,
    "doubles": 20,
    "h": 152,
    "hr": 43,
    "iso": 0.262,
    "k": 137,
    "obp": 0.396,
    "ops": 0.921,
    "ops_plus": 165.62972592846012,
    "slg": 0.525,
    "triples": 1,
    "woba": 0.4003225806451613,
    "wrc_plus": 130.2058438259921
  },
  "basic_pitching": null,
  "current_team_id": 121,
  "metrics": {
    "barrel_pct_last_50": 0.0,
    "chase_pct_last_50": 0.25274725274725274,
    "contact_pct_last_50": 0.5375,
    "hard_hit_pct_last_50": 0.4418604651162791,
    "xwoba_last_50": 0.28704
  },
  "name": "Juan Soto",
  "player_id": 665742,
  "player_name": "Juan Soto",
  "recent_unicorns": [],
  "role": "hitter",
  "roles": [
    "hitter"
  ],
  "team_id": 121,
  "team_name": "NYM"
}
