{
  "basic_batting": {
    "avg": 0.205,
    "babip": 0.2689075630252101,
    "bb": 5,
    "doubles": 6,
    "h": 35,
    "hr": 3,
    "iso": 0.099,
    "k": 50,
    "obp": 0.226,
    "ops": 0.53,
    "ops_plus": 52.74637422232358,
    "slg": 0.304,
    "triples": 1,
    "woba": 0.23299435028248586,
    "wrc_plus": 75.78195048685058
  },
  "basic_pitching": null,
  "current_team_id": 140,
  "metrics": {
    "barrel_pct_last_50": 0.0,
    "chase_pct_last_50": 0.417910447761194,
    "contact_pct_last_50": 0.34408602150537637,
    "hard_hit_pct_last_50": 0.28125,
    "xwoba_last_50": 0.16393617021276596
  },
  "name": "Leody Taveras",
  "player_id": 665750,
  "player_name": "Leody Taveras",
  "recent_unicorns": [],
  "role": "hitter",
  "roles": [
    "hitter"
  ],
  "team_id": 140,
  "team_name": "TEX"
}
