{
  "basic_batting": {
    "avg": 0.2459016393442623,
    "babip": 0.24489795918367346,
    "bb": 14,
    "doubles": 4,
    "h": 15,
    "hr": 3,
    "iso": 0.21311475409836067,
    "k": 9,
    "obp": 0.38666666666666666,
    "ops": 0.8456830601092896,
    "ops_plus": 144,
    "slg": 0.45901639344262296,
    "triples": 0,
    "woba": 0.37546666666666667,
    "wrc_plus": 148
  },
  "basic_pitching": null,
  "current_team_id": 121,
  "metrics": {
    "barrel_pct_last_50": 0.0,
    "chase_pct_last_50": 0.25274725274725274,
    "contact_pct_last_50": 0.5375,
    "hard_hit_pct_last_50": 0.4418604651162791,
    "xwoba_last_50": 0.28704
  },
  "name": "Juan Soto",
  "player_id": 665742,
  "player_name": "Juan Soto",
  "recent_unicorns": [],
  "role": "hitter",
  "roles": [
    "hitter"
  ],
  "team_id": 121,
  "team_name": "NYM"
}
