{
  "basic_batting": {
    "avg": 0.27906976744186046,
    "babip": 0.3142857142857143,
    "bb": 0,
    "doubles": 5,
    "h": 12,
    "hr": 1,
    "iso": 0.18604651162790697,
    "k": 8,
    "obp": 0.28888888888888886,
    "ops": 0.7540051679586564,
    "ops_plus": 114,
    "slg": 0.46511627906976744,
    "triples": 0,
    "woba": 0.3224444444444444,
    "wrc_plus": 259
  },
  "basic_pitching": null,
  "current_team_id": 112,
  "metrics": {
    "barrel_pct_last_50": 0.02702702702702703,
    "chase_pct_last_50": 0.37894736842105264,
    "contact_pct_last_50": 0.3627450980392157,
    "hard_hit_pct_last_50": 0.2972972972972973,
    "xwoba_last_50": 0.3218
  },
  "name": "Miguel Amaya",
  "player_id": 665804,
  "player_name": "Miguel Amaya",
  "recent_unicorns": [],
  "role": "hitter",
  "roles": [
    "hitter"
  ],
  "team_id": 112,
  "team_name": "CHC"
}
