{
  "basic_batting": {
    "avg": 0.2,
    "babip": 0.2857142857142857,
    "bb": 4,
    "doubles": 3,
    "h": 8,
    "hr": 0,
    "iso": 0.07500000000000001,
    "k": 12,
    "obp": 0.2727272727272727,
    "ops": 0.5477272727272727,
    "ops_plus": 59,
    "slg": 0.275,
    "triples": 0,
    "woba": 0.25045454545454543,
    "wrc_plus": 92
  },
  "basic_pitching": null,
  "current_team_id": 111,
  "metrics": {
    "barrel_pct_last_50": 0.0,
    "chase_pct_last_50": 0.34545454545454546,
    "contact_pct_last_50": 0.3150684931506849,
    "hard_hit_pct_last_50": 0.2608695652173913,
    "xwoba_last_50": 0.20084375
  },
  "name": "Carlos Narváez",
  "player_id": 665966,
  "player_name": "Carlos Narváez",
  "recent_unicorns": [],
  "role": "hitter",
  "roles": [
    "hitter"
  ],
  "team_id": 111,
  "team_name": "BOS"
}
