{
  "basic_batting": {
    "avg": 0.2153846153846154,
    "babip": 0.22916666666666666,
    "bb": 8,
    "doubles": 3,
    "h": 14,
    "hr": 3,
    "iso": 0.18461538461538463,
    "k": 15,
    "obp": 0.3157894736842105,
    "ops": 0.7157894736842105,
    "ops_plus": 106,
    "slg": 0.4,
    "triples": 0,
    "woba": 0.3182894736842105,
    "wrc_plus": 113
  },
  "basic_pitching": null,
  "current_team_id": 141,
  "metrics": {
    "barrel_pct_last_50": 0.05405405405405406,
    "chase_pct_last_50": 0.40476190476190477,
    "contact_pct_last_50": 0.34579439252336447,
    "hard_hit_pct_last_50": 0.2972972972972973,
    "xwoba_last_50": 0.26938
  },
  "name": "Andrés Giménez",
  "player_id": 665926,
  "player_name": "Andrés Giménez",
  "recent_unicorns": [],
  "role": "hitter",
  "roles": [
    "hitter"
  ],
  "team_id": 141,
  "team_name": "TOR"
}
