{
  "basic_batting": {
    "avg": 0.255,
    "babip": 0.305019305019305,
    "bb": 19,
    "doubles": 15,
    "h": 84,
    "hr": 5,
    "iso": 0.08999999999999997,
    "k": 66,
    "obp": 0.299,
    "ops": 0.645,
    "ops_plus": 87.06885239670048,
    "slg": 0.345,
    "triples": 0,
    "woba": 0.2879202279202279,
    "wrc_plus": 93.64671902970854
  },
  "basic_pitching": null,
  "current_team_id": 118,
  "metrics": {
    "barrel_pct_last_50": 0.0,
    "chase_pct_last_50": 0.3076923076923077,
    "contact_pct_last_50": 0.34545454545454546,
    "hard_hit_pct_last_50": 0.3157894736842105,
    "xwoba_last_50": 0.21624
  },
  "name": "Freddy Fermin",
  "player_id": 666023,
  "player_name": "Freddy Fermin",
  "recent_unicorns": [],
  "role": "hitter",
  "roles": [
    "hitter"
  ],
  "team_id": 118,
  "team_name": "KC"
}
