{
  "basic_batting": {
    "avg": 0.236,
    "babip": 0.25663716814159293,
    "bb": 33,
    "doubles": 18,
    "h": 124,
    "hr": 37,
    "iso": 0.249,
    "k": 151,
    "obp": 0.293,
    "ops": 0.778,
    "ops_plus": 121.88829715791742,
    "slg": 0.485,
    "triples": 1,
    "woba": 0.33801754385964916,
    "wrc_plus": 109.94098672951512
  },
  "basic_pitching": null,
  "current_team_id": 108,
  "metrics": {
    "barrel_pct_last_50": 0.09090909090909091,
    "chase_pct_last_50": 0.3472222222222222,
    "contact_pct_last_50": 0.38823529411764707,
    "hard_hit_pct_last_50": 0.5454545454545454,
    "xwoba_last_50": 0.3433478260869565
  },
  "name": "Jo Adell",
  "player_id": 666176,
  "player_name": "Jo Adell",
  "recent_unicorns": [],
  "role": "hitter",
  "roles": [
    "hitter"
  ],
  "team_id": 108,
  "team_name": "LAA"
}
