{
  "basic_batting": {
    "avg": 0.2826086956521739,
    "babip": 0.35294117647058826,
    "bb": 3,
    "doubles": 3,
    "h": 13,
    "hr": 1,
    "iso": 0.17391304347826086,
    "k": 11,
    "obp": 0.32653061224489793,
    "ops": 0.7830523513753327,
    "ops_plus": 124,
    "slg": 0.45652173913043476,
    "triples": 1,
    "woba": 0.3412244897959184,
    "wrc_plus": 134
  },
  "basic_pitching": null,
  "current_team_id": 137,
  "metrics": {
    "barrel_pct_last_50": 0.0,
    "chase_pct_last_50": 0.3815789473684211,
    "contact_pct_last_50": 0.37373737373737376,
    "hard_hit_pct_last_50": 0.2972972972972973,
    "xwoba_last_50": 0.22871739130434782
  },
  "name": "Tyler Fitzgerald",
  "player_id": 666149,
  "player_name": "Tyler Fitzgerald",
  "recent_unicorns": [],
  "role": "hitter",
  "roles": [
    "hitter"
  ],
  "team_id": 137,
  "team_name": "SF"
}
