{
  "basic_batting": {
    "avg": 0.27,
    "babip": 0.3069306930693069,
    "bb": 22,
    "doubles": 20,
    "h": 117,
    "hr": 24,
    "iso": 0.248,
    "k": 110,
    "obp": 0.306,
    "ops": 0.824,
    "ops_plus": 134.74746391961583,
    "slg": 0.518,
    "triples": 8,
    "woba": 0.35407809110629074,
    "wrc_plus": 115.1647168103565
  },
  "basic_pitching": null,
  "current_team_id": 115,
  "metrics": {
    "barrel_pct_last_50": 0.037037037037037035,
    "chase_pct_last_50": 0.5581395348837209,
    "contact_pct_last_50": 0.4090909090909091,
    "hard_hit_pct_last_50": 0.5185185185185185,
    "xwoba_last_50": 0.3011666666666667
  },
  "name": "Mickey Moniak",
  "player_id": 666160,
  "player_name": "Mickey Moniak",
  "recent_unicorns": [],
  "role": "hitter",
  "roles": [
    "hitter"
  ],
  "team_id": 115,
  "team_name": "COL"
}
