{
  "basic_batting": {
    "avg": 0.2222222222222222,
    "babip": 0.2692307692307692,
    "bb": 4,
    "doubles": 2,
    "h": 8,
    "hr": 1,
    "iso": 0.19444444444444448,
    "k": 9,
    "obp": 0.3,
    "ops": 0.7166666666666667,
    "ops_plus": 105,
    "slg": 0.4166666666666667,
    "triples": 1,
    "woba": 0.3145,
    "wrc_plus": 63
  },
  "basic_pitching": null,
  "current_team_id": 115,
  "metrics": {
    "barrel_pct_last_50": 0.037037037037037035,
    "chase_pct_last_50": 0.5581395348837209,
    "contact_pct_last_50": 0.4090909090909091,
    "hard_hit_pct_last_50": 0.5185185185185185,
    "xwoba_last_50": 0.3011666666666667
  },
  "name": "Mickey Moniak",
  "player_id": 666160,
  "player_name": "Mickey Moniak",
  "recent_unicorns": [],
  "role": "hitter",
  "roles": [
    "hitter"
  ],
  "team_id": 115,
  "team_name": "COL"
}
