{
  "basic_batting": {
    "avg": 0.30158730158730157,
    "babip": 0.38636363636363635,
    "bb": 5,
    "doubles": 4,
    "h": 19,
    "hr": 2,
    "iso": 0.19047619047619047,
    "k": 17,
    "obp": 0.35294117647058826,
    "ops": 0.8450046685340803,
    "ops_plus": 141,
    "slg": 0.49206349206349204,
    "triples": 1,
    "woba": 0.36808823529411766,
    "wrc_plus": 129
  },
  "basic_pitching": null,
  "current_team_id": 137,
  "metrics": {
    "barrel_pct_last_50": 0.02631578947368421,
    "chase_pct_last_50": 0.44594594594594594,
    "contact_pct_last_50": 0.40860215053763443,
    "hard_hit_pct_last_50": 0.34210526315789475,
    "xwoba_last_50": 0.22945833333333332
  },
  "name": "Tyler Fitzgerald",
  "player_id": 666149,
  "player_name": "Tyler Fitzgerald",
  "recent_unicorns": [],
  "role": "hitter",
  "roles": [
    "hitter"
  ],
  "team_id": 137,
  "team_name": "SF"
}
