{
  "basic_batting": {
    "avg": 0.2,
    "babip": 0.3333333333333333,
    "bb": 0,
    "doubles": 1,
    "h": 2,
    "hr": 0,
    "iso": 0.09999999999999998,
    "k": 5,
    "obp": 0.18181818181818182,
    "ops": 0.4818181818181818,
    "ops_plus": 36,
    "slg": 0.3,
    "triples": 0,
    "woba": 0.19636363636363638,
    "wrc_plus": -64
  },
  "basic_pitching": null,
  "current_team_id": 111,
  "metrics": {
    "barrel_pct_last_50": 0.0,
    "chase_pct_last_50": 0.43333333333333335,
    "contact_pct_last_50": 0.21428571428571427,
    "hard_hit_pct_last_50": 0.5,
    "xwoba_last_50": 0.2429090909090909
  },
  "name": "Blake Sabol",
  "player_id": 666165,
  "player_name": "Blake Sabol",
  "recent_unicorns": [],
  "role": "hitter",
  "roles": [
    "hitter"
  ],
  "team_id": 111,
  "team_name": "BOS"
}
