{
  "basic_batting": {
    "avg": 0.312,
    "babip": 0.3441295546558704,
    "bb": 44,
    "doubles": 44,
    "h": 189,
    "hr": 19,
    "iso": 0.17099999999999999,
    "k": 95,
    "obp": 0.36,
    "ops": 0.843,
    "ops_plus": 133.9958248803037,
    "slg": 0.483,
    "triples": 1,
    "woba": 0.3681984732824427,
    "wrc_plus": 115.86413096448285
  },
  "basic_pitching": null,
  "current_team_id": 141,
  "metrics": {
    "barrel_pct_last_50": 0.0,
    "chase_pct_last_50": 0.4675324675324675,
    "contact_pct_last_50": 0.375,
    "hard_hit_pct_last_50": 0.5384615384615384,
    "xwoba_last_50": 0.38396
  },
  "name": "Bo Bichette",
  "player_id": 666182,
  "player_name": "Bo Bichette",
  "recent_unicorns": [],
  "role": "hitter",
  "roles": [
    "hitter"
  ],
  "team_id": 141,
  "team_name": "TOR"
}
