{
  "current_team_id": 111,
  "metrics": {
    "barrel_pct_last_50": 0.0,
    "chase_pct_last_50": 0.3076923076923077,
    "contact_pct_last_50": 0.41935483870967744,
    "hard_hit_pct_last_50": 0.15384615384615385,
    "xwoba_last_50": 0.11931578947368421
  },
  "name": "David Hamilton",
  "player_id": 666152,
  "player_name": "David Hamilton",
  "recent_unicorns": [],
  "role": "hitter",
  "roles": [
    "hitter"
  ],
  "team_id": 111,
  "team_name": "BOS"
}
