{
  "basic_batting": {
    "avg": 0.2,
    "babip": 0.22580645161290322,
    "bb": 3,
    "doubles": 1,
    "h": 9,
    "hr": 2,
    "iso": 0.15555555555555556,
    "k": 12,
    "obp": 0.2653061224489796,
    "ops": 0.6208616780045352,
    "ops_plus": 78,
    "slg": 0.35555555555555557,
    "triples": 0,
    "woba": 0.2775510204081632,
    "wrc_plus": 122
  },
  "basic_pitching": null,
  "current_team_id": 108,
  "metrics": {
    "barrel_pct_last_50": 0.09090909090909091,
    "chase_pct_last_50": 0.3472222222222222,
    "contact_pct_last_50": 0.38823529411764707,
    "hard_hit_pct_last_50": 0.5454545454545454,
    "xwoba_last_50": 0.3433478260869565
  },
  "name": "Jo Adell",
  "player_id": 666176,
  "player_name": "Jo Adell",
  "recent_unicorns": [],
  "role": "hitter",
  "roles": [
    "hitter"
  ],
  "team_id": 108,
  "team_name": "LAA"
}
