{
  "basic_batting": {
    "avg": 0.168,
    "babip": 0.20652173913043478,
    "bb": 11,
    "doubles": 4,
    "h": 20,
    "hr": 1,
    "iso": 0.059,
    "k": 26,
    "obp": 0.256,
    "ops": 0.483,
    "ops_plus": 42.21220714385272,
    "slg": 0.227,
    "triples": 0,
    "woba": 0.22766917293233083,
    "wrc_plus": 74.04992425619788
  },
  "basic_pitching": null,
  "current_team_id": 139,
  "metrics": {
    "barrel_pct_last_50": 0.0,
    "chase_pct_last_50": 0.2916666666666667,
    "contact_pct_last_50": 0.39285714285714285,
    "hard_hit_pct_last_50": 0.09090909090909091,
    "xwoba_last_50": 0.12442857142857143
  },
  "name": "Ben Rortvedt",
  "player_id": 666163,
  "player_name": "Ben Rortvedt",
  "recent_unicorns": [],
  "role": "hitter",
  "roles": [
    "hitter"
  ],
  "team_id": 139,
  "team_name": "TB"
}
