{
  "basic_batting": {
    "avg": 0.3142857142857143,
    "babip": 0.43137254901960786,
    "bb": 13,
    "doubles": 5,
    "h": 22,
    "hr": 0,
    "iso": 0.07142857142857145,
    "k": 19,
    "obp": 0.42168674698795183,
    "ops": 0.8074010327022376,
    "ops_plus": 135,
    "slg": 0.38571428571428573,
    "triples": 0,
    "woba": 0.3668674698795181,
    "wrc_plus": 201
  },
  "basic_pitching": null,
  "current_team_id": 113,
  "metrics": {
    "barrel_pct_last_50": 0.03125,
    "chase_pct_last_50": 0.23232323232323232,
    "contact_pct_last_50": 0.3404255319148936,
    "hard_hit_pct_last_50": 0.40625,
    "xwoba_last_50": 0.22579591836734694
  },
  "name": "Gavin Lux",
  "player_id": 666158,
  "player_name": "Gavin Lux",
  "recent_unicorns": [
    {
      "description": "Gavin Lux owns the lowest chase rate over his last 50 PA.",
      "metric_value": 0.034483,
      "pattern_id": "UNQ-H-0004",
      "run_date": "2025-04-01",
      "score": 1.266364
    }
  ],
  "role": "hitter",
  "roles": [
    "hitter"
  ],
  "team_id": 113,
  "team_name": "CIN"
}
