{
  "basic_batting": {
    "avg": 0.07407407407407407,
    "babip": 0.05555555555555555,
    "bb": 2,
    "doubles": 0,
    "h": 2,
    "hr": 1,
    "iso": 0.1111111111111111,
    "k": 8,
    "obp": 0.13793103448275862,
    "ops": 0.3231162196679438,
    "ops_plus": -8,
    "slg": 0.18518518518518517,
    "triples": 0,
    "woba": 0.15068965517241378,
    "wrc_plus": -105
  },
  "basic_pitching": null,
  "current_team_id": 111,
  "metrics": {
    "barrel_pct_last_50": 0.0,
    "chase_pct_last_50": 0.29411764705882354,
    "contact_pct_last_50": 0.42857142857142855,
    "hard_hit_pct_last_50": 0.2777777777777778,
    "xwoba_last_50": 0.19504
  },
  "name": "David Hamilton",
  "player_id": 666152,
  "player_name": "David Hamilton",
  "recent_unicorns": [],
  "role": "hitter",
  "roles": [
    "hitter"
  ],
  "team_id": 111,
  "team_name": "BOS"
}
