{
  "basic_batting": {
    "avg": 0.125,
    "babip": 0.2,
    "bb": 1,
    "doubles": 1,
    "h": 2,
    "hr": 0,
    "iso": 0.063,
    "k": 7,
    "obp": 0.167,
    "ops": 0.354,
    "ops_plus": 3.2513488171716176,
    "slg": 0.188,
    "triples": 0,
    "woba": 0.15833333333333333,
    "wrc_plus": 51.49828230829261
  },
  "basic_pitching": null,
  "current_team_id": 111,
  "metrics": {
    "barrel_pct_last_50": 0.0,
    "chase_pct_last_50": 0.42105263157894735,
    "contact_pct_last_50": 0.2222222222222222,
    "hard_hit_pct_last_50": 0.5,
    "xwoba_last_50": 0.23385714285714285
  },
  "name": "Blake Sabol",
  "player_id": 666165,
  "player_name": "Blake Sabol",
  "recent_unicorns": [],
  "role": "hitter",
  "roles": [
    "hitter"
  ],
  "team_id": 111,
  "team_name": "BOS"
}
