{
  "basic_batting": {
    "avg": 0.22,
    "babip": 0.31092436974789917,
    "bb": 22,
    "doubles": 10,
    "h": 40,
    "hr": 3,
    "iso": 0.10400000000000001,
    "k": 61,
    "obp": 0.309,
    "ops": 0.633,
    "ops_plus": 84.78265480670544,
    "slg": 0.324,
    "triples": 0,
    "woba": 0.2881642512077295,
    "wrc_plus": 93.72608816749518
  },
  "basic_pitching": null,
  "current_team_id": 142,
  "metrics": {
    "barrel_pct_last_50": 0.027777777777777776,
    "chase_pct_last_50": 0.2727272727272727,
    "contact_pct_last_50": 0.375,
    "hard_hit_pct_last_50": 0.4166666666666667,
    "xwoba_last_50": 0.33355102040816326
  },
  "name": "Edouard Julien",
  "player_id": 666397,
  "player_name": "Edouard Julien",
  "recent_unicorns": [],
  "role": "hitter",
  "roles": [
    "hitter"
  ],
  "team_id": 142,
  "team_name": "MIN"
}
