{
  "current_team_id": 142,
  "metrics": {
    "barrel_pct_last_50": 0.027777777777777776,
    "chase_pct_last_50": 0.2727272727272727,
    "contact_pct_last_50": 0.375,
    "hard_hit_pct_last_50": 0.4166666666666667,
    "xwoba_last_50": 0.33355102040816326
  },
  "name": "Edouard Julien",
  "player_id": 666397,
  "player_name": "Edouard Julien",
  "recent_unicorns": [],
  "role": "hitter",
  "roles": [
    "hitter"
  ],
  "team_id": 142,
  "team_name": "MIN"
}
