{
  "basic_batting": {
    "avg": 0.219,
    "babip": 0.31645569620253167,
    "bb": 25,
    "doubles": 16,
    "h": 61,
    "hr": 11,
    "iso": 0.17700000000000002,
    "k": 109,
    "obp": 0.289,
    "ops": 0.684,
    "ops_plus": 89.89371303584583,
    "slg": 0.396,
    "triples": 0,
    "woba": 0.30285245901639346,
    "wrc_plus": 95.3011473990387
  },
  "basic_pitching": null,
  "current_team_id": 139,
  "metrics": {
    "barrel_pct_last_50": 0.07407407407407407,
    "chase_pct_last_50": 0.30927835051546393,
    "contact_pct_last_50": 0.3,
    "hard_hit_pct_last_50": 0.37037037037037035,
    "xwoba_last_50": 0.3280222222222222
  },
  "name": "Christopher Morel",
  "player_id": 666624,
  "player_name": "Christopher Morel",
  "recent_unicorns": [],
  "role": "hitter",
  "roles": [
    "hitter"
  ],
  "team_id": 139,
  "team_name": "TB"
}
