{
  "basic_batting": {
    "avg": 0.248,
    "babip": 0.2536231884057971,
    "bb": 31,
    "doubles": 24,
    "h": 124,
    "hr": 19,
    "iso": 0.16999999999999998,
    "k": 76,
    "obp": 0.295,
    "ops": 0.713,
    "ops_plus": 104.94348145613968,
    "slg": 0.418,
    "triples": 2,
    "woba": 0.3106959706959707,
    "wrc_plus": 101.05458196389543
  },
  "basic_pitching": null,
  "current_team_id": 109,
  "metrics": {
    "barrel_pct_last_50": 0.023255813953488372,
    "chase_pct_last_50": 0.38372093023255816,
    "contact_pct_last_50": 0.4479166666666667,
    "hard_hit_pct_last_50": 0.37209302325581395,
    "xwoba_last_50": 0.26846
  },
  "name": "Lourdes Gurriel Jr.",
  "player_id": 666971,
  "player_name": "Lourdes Gurriel Jr.",
  "recent_unicorns": [],
  "role": "hitter",
  "roles": [
    "hitter"
  ],
  "team_id": 109,
  "team_name": "AZ"
}
