{
  "basic_batting": {
    "avg": 0.15,
    "babip": 0.1320754716981132,
    "bb": 3,
    "doubles": 2,
    "h": 9,
    "hr": 2,
    "iso": 0.13333333333333333,
    "k": 7,
    "obp": 0.18461538461538463,
    "ops": 0.46794871794871795,
    "ops_plus": 33,
    "slg": 0.2833333333333333,
    "triples": 0,
    "woba": 0.20399999999999996,
    "wrc_plus": 3
  },
  "basic_pitching": null,
  "current_team_id": 109,
  "metrics": {
    "barrel_pct_last_50": 0.023255813953488372,
    "chase_pct_last_50": 0.38372093023255816,
    "contact_pct_last_50": 0.4479166666666667,
    "hard_hit_pct_last_50": 0.37209302325581395,
    "xwoba_last_50": 0.26846
  },
  "name": "Lourdes Gurriel Jr.",
  "player_id": 666971,
  "player_name": "Lourdes Gurriel Jr.",
  "recent_unicorns": [],
  "role": "hitter",
  "roles": [
    "hitter"
  ],
  "team_id": 109,
  "team_name": "AZ"
}
