{
  "basic_batting": {
    "avg": 0.3333333333333333,
    "babip": 0.45454545454545453,
    "bb": 1,
    "doubles": 2,
    "h": 10,
    "hr": 0,
    "iso": 0.06666666666666671,
    "k": 8,
    "obp": 0.3548387096774194,
    "ops": 0.7548387096774194,
    "ops_plus": 118,
    "slg": 0.4,
    "triples": 0,
    "woba": 0.33387096774193553,
    "wrc_plus": 20
  },
  "basic_pitching": null,
  "current_team_id": 146,
  "metrics": {
    "barrel_pct_last_50": 0.0,
    "chase_pct_last_50": 0.21621621621621623,
    "contact_pct_last_50": 0.3728813559322034,
    "hard_hit_pct_last_50": 0.4090909090909091,
    "xwoba_last_50": 0.2981666666666667
  },
  "name": "Dane Myers",
  "player_id": 667472,
  "player_name": "Dane Myers",
  "recent_unicorns": [],
  "role": "hitter",
  "roles": [
    "hitter"
  ],
  "team_id": 146,
  "team_name": "MIA"
}
