{
  "current_team_id": 116,
  "metrics": {
    "barrel_pct_last_50": 0.07692307692307693,
    "chase_pct_last_50": 0.27586206896551724,
    "contact_pct_last_50": 0.48148148148148145,
    "hard_hit_pct_last_50": 0.23076923076923078,
    "xwoba_last_50": 0.25177777777777777
  },
  "name": "Jake Rogers",
  "player_id": 668670,
  "player_name": "Jake Rogers",
  "recent_unicorns": [],
  "role": "hitter",
  "roles": [
    "hitter"
  ],
  "team_id": 116,
  "team_name": "DET"
}
