{
  "current_team_id": 134,
  "metrics": {
    "barrel_pct_last_50": 0.03225806451612903,
    "chase_pct_last_50": 0.32653061224489793,
    "contact_pct_last_50": 0.3106796116504854,
    "hard_hit_pct_last_50": 0.41935483870967744,
    "xwoba_last_50": 0.34916326530612246
  },
  "name": "Bryan Reynolds",
  "player_id": 668804,
  "player_name": "Bryan Reynolds",
  "recent_unicorns": [],
  "role": "hitter",
  "roles": [
    "hitter"
  ],
  "team_id": 134,
  "team_name": "PIT"
}
