{
  "basic_batting": {
    "avg": 0.24444444444444444,
    "babip": 0.3392857142857143,
    "bb": 8,
    "doubles": 4,
    "h": 22,
    "hr": 3,
    "iso": 0.14444444444444446,
    "k": 32,
    "obp": 0.31,
    "ops": 0.6988888888888889,
    "ops_plus": 100,
    "slg": 0.3888888888888889,
    "triples": 0,
    "woba": 0.30970000000000003,
    "wrc_plus": 112
  },
  "basic_pitching": null,
  "current_team_id": 134,
  "metrics": {
    "barrel_pct_last_50": 0.0625,
    "chase_pct_last_50": 0.3673469387755102,
    "contact_pct_last_50": 0.3106796116504854,
    "hard_hit_pct_last_50": 0.375,
    "xwoba_last_50": 0.36466
  },
  "name": "Bryan Reynolds",
  "player_id": 668804,
  "player_name": "Bryan Reynolds",
  "recent_unicorns": [],
  "role": "hitter",
  "roles": [
    "hitter"
  ],
  "team_id": 134,
  "team_name": "PIT"
}
