{
  "basic_batting": {
    "avg": 0.245,
    "babip": 0.3192019950124688,
    "bb": 57,
    "doubles": 38,
    "h": 144,
    "hr": 16,
    "iso": 0.15700000000000003,
    "k": 173,
    "obp": 0.318,
    "ops": 0.72,
    "ops_plus": 100.58610262457633,
    "slg": 0.402,
    "triples": 3,
    "woba": 0.31883792048929666,
    "wrc_plus": 100.33142790268268
  },
  "basic_pitching": null,
  "current_team_id": 134,
  "metrics": {
    "barrel_pct_last_50": 0.03225806451612903,
    "chase_pct_last_50": 0.32653061224489793,
    "contact_pct_last_50": 0.3106796116504854,
    "hard_hit_pct_last_50": 0.41935483870967744,
    "xwoba_last_50": 0.34916326530612246
  },
  "name": "Bryan Reynolds",
  "player_id": 668804,
  "player_name": "Bryan Reynolds",
  "recent_unicorns": [],
  "role": "hitter",
  "roles": [
    "hitter"
  ],
  "team_id": 134,
  "team_name": "PIT"
}
