{
  "basic_batting": {
    "avg": 0.2112676056338028,
    "babip": 0.28888888888888886,
    "bb": 6,
    "doubles": 4,
    "h": 15,
    "hr": 2,
    "iso": 0.1408450704225352,
    "k": 25,
    "obp": 0.2692307692307692,
    "ops": 0.6213434452871072,
    "ops_plus": 78,
    "slg": 0.352112676056338,
    "triples": 0,
    "woba": 0.2747435897435897,
    "wrc_plus": 89
  },
  "basic_pitching": null,
  "current_team_id": 134,
  "metrics": {
    "barrel_pct_last_50": 0.03225806451612903,
    "chase_pct_last_50": 0.32653061224489793,
    "contact_pct_last_50": 0.3106796116504854,
    "hard_hit_pct_last_50": 0.41935483870967744,
    "xwoba_last_50": 0.34916326530612246
  },
  "name": "Bryan Reynolds",
  "player_id": 668804,
  "player_name": "Bryan Reynolds",
  "recent_unicorns": [],
  "role": "hitter",
  "roles": [
    "hitter"
  ],
  "team_id": 134,
  "team_name": "PIT"
}
