{
  "basic_batting": {
    "avg": 0.2857142857142857,
    "babip": 0.5,
    "bb": 0,
    "doubles": 1,
    "h": 2,
    "hr": 0,
    "iso": 0.14285714285714285,
    "k": 3,
    "obp": 0.2857142857142857,
    "ops": 0.7142857142857142,
    "ops_plus": 103,
    "slg": 0.42857142857142855,
    "triples": 0,
    "woba": 0.3085714285714286,
    "wrc_plus": -5
  },
  "basic_pitching": null,
  "current_team_id": 115,
  "metrics": {
    "barrel_pct_last_50": 0.0,
    "chase_pct_last_50": 0.6153846153846154,
    "contact_pct_last_50": 0.23529411764705882,
    "hard_hit_pct_last_50": 0.25,
    "xwoba_last_50": 0.29128571428571426
  },
  "name": "Aaron Schunk",
  "player_id": 668845,
  "player_name": "Aaron Schunk",
  "recent_unicorns": [],
  "role": "hitter",
  "roles": [
    "hitter"
  ],
  "team_id": 115,
  "team_name": "COL"
}
