{
  "current_team_id": 116,
  "metrics": {
    "barrel_pct_last_50": 0.05555555555555555,
    "chase_pct_last_50": 0.3793103448275862,
    "contact_pct_last_50": 0.2571428571428571,
    "hard_hit_pct_last_50": 0.3333333333333333,
    "xwoba_last_50": 0.21336666666666668
  },
  "name": "Ryan Kreidler",
  "player_id": 668952,
  "player_name": "Ryan Kreidler",
  "recent_unicorns": [],
  "role": "hitter",
  "roles": [
    "hitter"
  ],
  "team_id": 116,
  "team_name": "DET"
}
