{
  "basic_batting": {
    "avg": 0.23728813559322035,
    "babip": 0.2391304347826087,
    "bb": 7,
    "doubles": 2,
    "h": 14,
    "hr": 3,
    "iso": 0.18644067796610167,
    "k": 10,
    "obp": 0.3181818181818182,
    "ops": 0.7419106317411401,
    "ops_plus": 113,
    "slg": 0.423728813559322,
    "triples": 0,
    "woba": 0.3284848484848485,
    "wrc_plus": 115
  },
  "basic_pitching": null,
  "current_team_id": 110,
  "metrics": {
    "barrel_pct_last_50": 0.024390243902439025,
    "chase_pct_last_50": 0.2222222222222222,
    "contact_pct_last_50": 0.5694444444444444,
    "hard_hit_pct_last_50": 0.34146341463414637,
    "xwoba_last_50": 0.28352
  },
  "name": "Adley Rutschman",
  "player_id": 668939,
  "player_name": "Adley Rutschman",
  "recent_unicorns": [
    {
      "description": "Adley Rutschman tops MLB in xwOBA over his last 50 PA.",
      "metric_value": 0.586143,
      "pattern_id": "UNQ-H-0003",
      "run_date": "2025-03-29",
      "score": 1.203197
    }
  ],
  "role": "hitter",
  "roles": [
    "hitter"
  ],
  "team_id": 110,
  "team_name": "BAL"
}
