{
  "basic_batting": {
    "avg": 0.10526315789473684,
    "babip": 0.21052631578947367,
    "bb": 4,
    "doubles": 0,
    "h": 4,
    "hr": 0,
    "iso": 0.0,
    "k": 19,
    "obp": 0.19047619047619047,
    "ops": 0.2957393483709273,
    "ops_plus": -12,
    "slg": 0.10526315789473684,
    "triples": 0,
    "woba": 0.15047619047619049,
    "wrc_plus": 24
  },
  "basic_pitching": null,
  "current_team_id": 116,
  "metrics": {
    "barrel_pct_last_50": 0.05,
    "chase_pct_last_50": 0.35714285714285715,
    "contact_pct_last_50": 0.24390243902439024,
    "hard_hit_pct_last_50": 0.3,
    "xwoba_last_50": 0.20131428571428572
  },
  "name": "Ryan Kreidler",
  "player_id": 668952,
  "player_name": "Ryan Kreidler",
  "recent_unicorns": [],
  "role": "hitter",
  "roles": [
    "hitter"
  ],
  "team_id": 116,
  "team_name": "DET"
}
