{
  "basic_batting": {
    "avg": 0.22,
    "babip": 0.24031007751937986,
    "bb": 40,
    "doubles": 16,
    "h": 71,
    "hr": 9,
    "iso": 0.146,
    "k": 57,
    "obp": 0.307,
    "ops": 0.673,
    "ops_plus": 88.1708739972517,
    "slg": 0.366,
    "triples": 2,
    "woba": 0.30120547945205484,
    "wrc_plus": 94.78287839526699
  },
  "basic_pitching": null,
  "current_team_id": 110,
  "metrics": {
    "barrel_pct_last_50": 0.024390243902439025,
    "chase_pct_last_50": 0.2222222222222222,
    "contact_pct_last_50": 0.5694444444444444,
    "hard_hit_pct_last_50": 0.34146341463414637,
    "xwoba_last_50": 0.28352
  },
  "name": "Adley Rutschman",
  "player_id": 668939,
  "player_name": "Adley Rutschman",
  "recent_unicorns": [
    {
      "description": "Adley Rutschman tops MLB in xwOBA over his last 50 PA.",
      "metric_value": 0.586143,
      "pattern_id": "UNQ-H-0003",
      "run_date": "2025-03-29",
      "score": 1.203197
    }
  ],
  "role": "hitter",
  "roles": [
    "hitter"
  ],
  "team_id": 110,
  "team_name": "BAL"
}
