{
  "basic_batting": {
    "avg": 0.14516129032258066,
    "babip": 0.1875,
    "bb": 9,
    "doubles": 4,
    "h": 9,
    "hr": 0,
    "iso": 0.06451612903225806,
    "k": 14,
    "obp": 0.2535211267605634,
    "ops": 0.4631985461154021,
    "ops_plus": 36,
    "slg": 0.20967741935483872,
    "triples": 0,
    "woba": 0.22169014084507044,
    "wrc_plus": 27
  },
  "basic_pitching": null,
  "current_team_id": 121,
  "metrics": {
    "barrel_pct_last_50": 0.02702702702702703,
    "chase_pct_last_50": 0.3333333333333333,
    "contact_pct_last_50": 0.4111111111111111,
    "hard_hit_pct_last_50": 0.2972972972972973,
    "xwoba_last_50": 0.20998
  },
  "name": "Mark Vientos",
  "player_id": 668901,
  "player_name": "Mark Vientos",
  "recent_unicorns": [],
  "role": "hitter",
  "roles": [
    "hitter"
  ],
  "team_id": 121,
  "team_name": "NYM"
}
