{
  "basic_batting": {
    "avg": 0.1,
    "babip": 0.12,
    "bb": 7,
    "doubles": 0,
    "h": 4,
    "hr": 1,
    "iso": 0.07499999999999998,
    "k": 15,
    "obp": 0.22916666666666666,
    "ops": 0.4041666666666667,
    "ops_plus": 19,
    "slg": 0.175,
    "triples": 0,
    "woba": 0.19999999999999998,
    "wrc_plus": -26
  },
  "basic_pitching": null,
  "current_team_id": 143,
  "metrics": {
    "barrel_pct_last_50": 0.037037037037037035,
    "chase_pct_last_50": 0.35443037974683544,
    "contact_pct_last_50": 0.3333333333333333,
    "hard_hit_pct_last_50": 0.4444444444444444,
    "xwoba_last_50": 0.16114634146341464
  },
  "name": "Brandon Marsh",
  "player_id": 669016,
  "player_name": "Brandon Marsh",
  "recent_unicorns": [],
  "role": "hitter",
  "roles": [
    "hitter"
  ],
  "team_id": 143,
  "team_name": "PHI"
}
