{
  "basic_batting": {
    "avg": 0.288,
    "babip": 0.3557312252964427,
    "bb": 48,
    "doubles": 21,
    "h": 115,
    "hr": 25,
    "iso": 0.25600000000000006,
    "k": 125,
    "obp": 0.368,
    "ops": 0.912,
    "ops_plus": 151.65576685897645,
    "slg": 0.544,
    "triples": 3,
    "woba": 0.3936184210526316,
    "wrc_plus": 123.86324114899519
  },
  "basic_pitching": null,
  "current_team_id": 146,
  "metrics": {
    "barrel_pct_last_50": 0.09090909090909091,
    "chase_pct_last_50": 0.3333333333333333,
    "contact_pct_last_50": 0.358695652173913,
    "hard_hit_pct_last_50": 0.5757575757575758,
    "xwoba_last_50": 0.328125
  },
  "name": "Kyle Stowers",
  "player_id": 669065,
  "player_name": "Kyle Stowers",
  "recent_unicorns": [
    {
      "description": "Kyle Stowers owns the lowest chase rate over his last 50 PA.",
      "metric_value": 0.0,
      "pattern_id": "UNQ-H-0004",
      "run_date": "2025-03-27",
      "score": 0.784553
    }
  ],
  "role": "hitter",
  "roles": [
    "hitter"
  ],
  "team_id": 146,
  "team_name": "MIA"
}
