{
  "basic_batting": {
    "avg": 0.29577464788732394,
    "babip": 0.43478260869565216,
    "bb": 10,
    "doubles": 3,
    "h": 21,
    "hr": 1,
    "iso": 0.11267605633802819,
    "k": 26,
    "obp": 0.38095238095238093,
    "ops": 0.789403085177733,
    "ops_plus": 128,
    "slg": 0.4084507042253521,
    "triples": 1,
    "woba": 0.3498809523809524,
    "wrc_plus": 100
  },
  "basic_pitching": null,
  "current_team_id": 146,
  "metrics": {
    "barrel_pct_last_50": 0.0625,
    "chase_pct_last_50": 0.3770491803278688,
    "contact_pct_last_50": 0.3404255319148936,
    "hard_hit_pct_last_50": 0.40625,
    "xwoba_last_50": 0.2674375
  },
  "name": "Kyle Stowers",
  "player_id": 669065,
  "player_name": "Kyle Stowers",
  "recent_unicorns": [
    {
      "description": "Kyle Stowers owns the lowest chase rate over his last 50 PA.",
      "metric_value": 0.0,
      "pattern_id": "UNQ-H-0004",
      "run_date": "2025-03-27",
      "score": 0.784553
    }
  ],
  "role": "hitter",
  "roles": [
    "hitter"
  ],
  "team_id": 146,
  "team_name": "MIA"
}
