{
  "current_team_id": 143,
  "metrics": {
    "barrel_pct_last_50": 0.037037037037037035,
    "chase_pct_last_50": 0.35443037974683544,
    "contact_pct_last_50": 0.3333333333333333,
    "hard_hit_pct_last_50": 0.4444444444444444,
    "xwoba_last_50": 0.16114634146341464
  },
  "name": "Brandon Marsh",
  "player_id": 669016,
  "player_name": "Brandon Marsh",
  "recent_unicorns": [],
  "role": "hitter",
  "roles": [
    "hitter"
  ],
  "team_id": 143,
  "team_name": "PHI"
}
