{
  "basic_batting": {
    "avg": 0.22,
    "babip": 0.2491349480968858,
    "bb": 31,
    "doubles": 22,
    "h": 93,
    "hr": 21,
    "iso": 0.206,
    "k": 124,
    "obp": 0.274,
    "ops": 0.7,
    "ops_plus": 100.26676549967691,
    "slg": 0.426,
    "triples": 1,
    "woba": 0.30268085106382975,
    "wrc_plus": 98.44764579410132
  },
  "basic_pitching": null,
  "current_team_id": 147,
  "metrics": {
    "barrel_pct_last_50": 0.0,
    "chase_pct_last_50": 0.30097087378640774,
    "contact_pct_last_50": 0.32432432432432434,
    "hard_hit_pct_last_50": 0.5277777777777778,
    "xwoba_last_50": 0.23934
  },
  "name": "Austin Wells",
  "player_id": 669224,
  "player_name": "Austin Wells",
  "recent_unicorns": [],
  "role": "hitter",
  "roles": [
    "hitter"
  ],
  "team_id": 147,
  "team_name": "NYY"
}
