{
  "basic_batting": {
    "avg": 0.35555555555555557,
    "babip": 0.4666666666666667,
    "bb": 5,
    "doubles": 2,
    "h": 16,
    "hr": 2,
    "iso": 0.17777777777777776,
    "k": 14,
    "obp": 0.4230769230769231,
    "ops": 0.9564102564102563,
    "ops_plus": 175,
    "slg": 0.5333333333333333,
    "triples": 0,
    "woba": 0.4151923076923077,
    "wrc_plus": 253
  },
  "basic_pitching": null,
  "current_team_id": 119,
  "metrics": {
    "barrel_pct_last_50": 0.0625,
    "chase_pct_last_50": 0.2318840579710145,
    "contact_pct_last_50": 0.4383561643835616,
    "hard_hit_pct_last_50": 0.4375,
    "xwoba_last_50": 0.28304255319148935
  },
  "name": "Will Smith",
  "player_id": 669257,
  "player_name": "Will Smith",
  "recent_unicorns": [],
  "role": "hitter",
  "roles": [
    "hitter"
  ],
  "team_id": 119,
  "team_name": "LAD"
}
