{
  "basic_batting": {
    "avg": 0.175,
    "babip": 0.25925925925925924,
    "bb": 11,
    "doubles": 2,
    "h": 7,
    "hr": 0,
    "iso": 0.05000000000000002,
    "k": 15,
    "obp": 0.35185185185185186,
    "ops": 0.5768518518518518,
    "ops_plus": 71,
    "slg": 0.225,
    "triples": 0,
    "woba": 0.2833333333333333,
    "wrc_plus": 91
  },
  "basic_pitching": null,
  "current_team_id": 116,
  "metrics": {
    "barrel_pct_last_50": 0.037037037037037035,
    "chase_pct_last_50": 0.25,
    "contact_pct_last_50": 0.36,
    "hard_hit_pct_last_50": 0.3333333333333333,
    "xwoba_last_50": 0.19995348837209304
  },
  "name": "Justyn-Henry Malloy",
  "player_id": 669234,
  "player_name": "Justyn-Henry Malloy",
  "recent_unicorns": [],
  "role": "hitter",
  "roles": [
    "hitter"
  ],
  "team_id": 116,
  "team_name": "DET"
}
