{
  "basic_batting": {
    "avg": 0.2641509433962264,
    "babip": 0.27450980392156865,
    "bb": 6,
    "doubles": 3,
    "h": 14,
    "hr": 0,
    "iso": 0.05660377358490565,
    "k": 2,
    "obp": 0.3389830508474576,
    "ops": 0.6597377678285896,
    "ops_plus": 92,
    "slg": 0.32075471698113206,
    "triples": 0,
    "woba": 0.3006779661016949,
    "wrc_plus": 21
  },
  "basic_pitching": null,
  "current_team_id": 113,
  "metrics": {
    "barrel_pct_last_50": 0.0,
    "chase_pct_last_50": 0.23170731707317074,
    "contact_pct_last_50": 0.6351351351351351,
    "hard_hit_pct_last_50": 0.2127659574468085,
    "xwoba_last_50": 0.25542857142857145
  },
  "name": "Santiago Espinal",
  "player_id": 669289,
  "player_name": "Santiago Espinal",
  "recent_unicorns": [],
  "role": "hitter",
  "roles": [
    "hitter"
  ],
  "team_id": 113,
  "team_name": "CIN"
}
