{
  "basic_batting": {
    "avg": 0.23076923076923078,
    "babip": 0.18181818181818182,
    "bb": 2,
    "doubles": 0,
    "h": 6,
    "hr": 4,
    "iso": 0.4615384615384615,
    "k": 11,
    "obp": 0.3333333333333333,
    "ops": 1.0256410256410255,
    "ops_plus": 187,
    "slg": 0.6923076923076923,
    "triples": 0,
    "woba": 0.43333333333333335,
    "wrc_plus": 239
  },
  "basic_pitching": null,
  "current_team_id": 144,
  "metrics": {
    "barrel_pct_last_50": 0.13333333333333333,
    "chase_pct_last_50": 0.22,
    "contact_pct_last_50": 0.28846153846153844,
    "hard_hit_pct_last_50": 0.4666666666666667,
    "xwoba_last_50": 0.3548928571428571
  },
  "name": "Sean Murphy",
  "player_id": 669221,
  "player_name": "Sean Murphy",
  "recent_unicorns": [
    {
      "description": "Sean Murphy: barrel rate leader with 2 barrels in the last 50 AB.",
      "metric_value": 2.0,
      "pattern_id": "UNQ-H-0510",
      "run_date": "2025-04-15",
      "score": 2.0
    }
  ],
  "role": "hitter",
  "roles": [
    "hitter"
  ],
  "team_id": 144,
  "team_name": "ATL"
}
