{
  "basic_batting": {
    "avg": 0.1282051282051282,
    "babip": 0.25,
    "bb": 6,
    "doubles": 1,
    "h": 5,
    "hr": 0,
    "iso": 0.02564102564102566,
    "k": 19,
    "obp": 0.24444444444444444,
    "ops": 0.3982905982905983,
    "ops_plus": 18,
    "slg": 0.15384615384615385,
    "triples": 0,
    "woba": 0.1993333333333333,
    "wrc_plus": -30
  },
  "basic_pitching": null,
  "current_team_id": 134,
  "metrics": {
    "barrel_pct_last_50": 0.0,
    "chase_pct_last_50": 0.2839506172839506,
    "contact_pct_last_50": 0.2597402597402597,
    "hard_hit_pct_last_50": 0.45,
    "xwoba_last_50": 0.2546923076923077
  },
  "name": "Jack Suwinski",
  "player_id": 669261,
  "player_name": "Jack Suwinski",
  "recent_unicorns": [],
  "role": "hitter",
  "roles": [
    "hitter"
  ],
  "team_id": 134,
  "team_name": "PIT"
}
