{
  "basic_batting": {
    "avg": 0.147,
    "babip": 0.2111111111111111,
    "bb": 24,
    "doubles": 7,
    "h": 22,
    "hr": 3,
    "iso": 0.10600000000000001,
    "k": 57,
    "obp": 0.281,
    "ops": 0.534,
    "ops_plus": 57.10618339858846,
    "slg": 0.253,
    "triples": 0,
    "woba": 0.2545505617977528,
    "wrc_plus": 82.79315806228522
  },
  "basic_pitching": null,
  "current_team_id": 134,
  "metrics": {
    "barrel_pct_last_50": 0.0,
    "chase_pct_last_50": 0.25,
    "contact_pct_last_50": 0.27419354838709675,
    "hard_hit_pct_last_50": 0.47058823529411764,
    "xwoba_last_50": 0.2815
  },
  "name": "Jack Suwinski",
  "player_id": 669261,
  "player_name": "Jack Suwinski",
  "recent_unicorns": [],
  "role": "hitter",
  "roles": [
    "hitter"
  ],
  "team_id": 134,
  "team_name": "PIT"
}
