{
  "basic_batting": {
    "avg": 0.275,
    "babip": 0.2894736842105263,
    "bb": 2,
    "doubles": 2,
    "h": 11,
    "hr": 0,
    "iso": 0.04999999999999999,
    "k": 2,
    "obp": 0.30952380952380953,
    "ops": 0.6345238095238095,
    "ops_plus": 84,
    "slg": 0.325,
    "triples": 0,
    "woba": 0.28404761904761905,
    "wrc_plus": 5
  },
  "basic_pitching": null,
  "current_team_id": 113,
  "metrics": {
    "barrel_pct_last_50": 0.0,
    "chase_pct_last_50": 0.2638888888888889,
    "contact_pct_last_50": 0.6129032258064516,
    "hard_hit_pct_last_50": 0.15789473684210525,
    "xwoba_last_50": 0.239325
  },
  "name": "Santiago Espinal",
  "player_id": 669289,
  "player_name": "Santiago Espinal",
  "recent_unicorns": [],
  "role": "hitter",
  "roles": [
    "hitter"
  ],
  "team_id": 113,
  "team_name": "CIN"
}
