{
  "basic_batting": {
    "avg": 0.19607843137254902,
    "babip": 0.2,
    "bb": 5,
    "doubles": 2,
    "h": 10,
    "hr": 3,
    "iso": 0.2549019607843137,
    "k": 14,
    "obp": 0.27586206896551724,
    "ops": 0.72684246112238,
    "ops_plus": 106,
    "slg": 0.45098039215686275,
    "triples": 1,
    "woba": 0.3136206896551724,
    "wrc_plus": 63
  },
  "basic_pitching": null,
  "current_team_id": 147,
  "metrics": {
    "barrel_pct_last_50": 0.0,
    "chase_pct_last_50": 0.30097087378640774,
    "contact_pct_last_50": 0.32432432432432434,
    "hard_hit_pct_last_50": 0.5277777777777778,
    "xwoba_last_50": 0.23934
  },
  "name": "Austin Wells",
  "player_id": 669224,
  "player_name": "Austin Wells",
  "recent_unicorns": [],
  "role": "hitter",
  "roles": [
    "hitter"
  ],
  "team_id": 147,
  "team_name": "NYY"
}
