{
  "basic_batting": {
    "avg": 0.221,
    "babip": 0.29818181818181816,
    "bb": 31,
    "doubles": 11,
    "h": 82,
    "hr": 0,
    "iso": 0.03,
    "k": 99,
    "obp": 0.284,
    "ops": 0.535,
    "ops_plus": 57.54925051633912,
    "slg": 0.251,
    "triples": 0,
    "woba": 0.24683823529411764,
    "wrc_plus": 80.2847060567825
  },
  "basic_pitching": null,
  "current_team_id": 144,
  "metrics": {
    "barrel_pct_last_50": 0.0,
    "chase_pct_last_50": 0.31666666666666665,
    "contact_pct_last_50": 0.391304347826087,
    "hard_hit_pct_last_50": 0.37037037037037035,
    "xwoba_last_50": 0.2652162162162162
  },
  "name": "Nick Allen",
  "player_id": 669397,
  "player_name": "Nick Allen",
  "recent_unicorns": [],
  "role": "hitter",
  "roles": [
    "hitter"
  ],
  "team_id": 144,
  "team_name": "ATL"
}
