{
  "basic_batting": {
    "avg": 0.188,
    "babip": 0.3333333333333333,
    "bb": 1,
    "doubles": 1,
    "h": 3,
    "hr": 0,
    "iso": 0.062,
    "k": 7,
    "obp": 0.235,
    "ops": 0.485,
    "ops_plus": 36.56286271495603,
    "slg": 0.25,
    "triples": 0,
    "woba": 0.21999999999999997,
    "wrc_plus": 69.22926264453281
  },
  "basic_pitching": null,
  "current_team_id": 112,
  "metrics": {
    "barrel_pct_last_50": 0.16666666666666666,
    "chase_pct_last_50": 0.5454545454545454,
    "contact_pct_last_50": 0.35294117647058826,
    "hard_hit_pct_last_50": 0.3333333333333333,
    "xwoba_last_50": 0.3440909090909091
  },
  "name": "Gage Workman",
  "player_id": 669398,
  "player_name": "Gage Workman",
  "recent_unicorns": [],
  "role": "hitter",
  "roles": [
    "hitter"
  ],
  "team_id": 112,
  "team_name": "CHC"
}
