{
  "basic_batting": {
    "avg": 0.17647058823529413,
    "babip": 0.2222222222222222,
    "bb": 1,
    "doubles": 2,
    "h": 12,
    "hr": 2,
    "iso": 0.11764705882352941,
    "k": 21,
    "obp": 0.2112676056338028,
    "ops": 0.5053852526926264,
    "ops_plus": 44,
    "slg": 0.29411764705882354,
    "triples": 0,
    "woba": 0.22521126760563379,
    "wrc_plus": 71
  },
  "basic_pitching": null,
  "current_team_id": 140,
  "metrics": {
    "barrel_pct_last_50": 0.0,
    "chase_pct_last_50": 0.3516483516483517,
    "contact_pct_last_50": 0.3157894736842105,
    "hard_hit_pct_last_50": 0.43333333333333335,
    "xwoba_last_50": 0.24283673469387754
  },
  "name": "Jake Burger",
  "player_id": 669394,
  "player_name": "Jake Burger",
  "recent_unicorns": [],
  "role": "hitter",
  "roles": [
    "hitter"
  ],
  "team_id": 140,
  "team_name": "TEX"
}
