{
  "basic_batting": {
    "avg": 0.2988505747126437,
    "babip": 0.37681159420289856,
    "bb": 11,
    "doubles": 3,
    "h": 26,
    "hr": 0,
    "iso": 0.03448275862068961,
    "k": 19,
    "obp": 0.38,
    "ops": 0.7133333333333334,
    "ops_plus": 108,
    "slg": 0.3333333333333333,
    "triples": 0,
    "woba": 0.3259,
    "wrc_plus": 120
  },
  "basic_pitching": null,
  "current_team_id": 146,
  "metrics": {
    "barrel_pct_last_50": 0.0,
    "chase_pct_last_50": 0.22727272727272727,
    "contact_pct_last_50": 0.4482758620689655,
    "hard_hit_pct_last_50": 0.2564102564102564,
    "xwoba_last_50": 0.25348
  },
  "name": "Xavier Edwards",
  "player_id": 669364,
  "player_name": "Xavier Edwards",
  "recent_unicorns": [],
  "role": "hitter",
  "roles": [
    "hitter"
  ],
  "team_id": 146,
  "team_name": "MIA"
}
