{
  "basic_batting": {
    "avg": 0.17391304347826086,
    "babip": 0.2857142857142857,
    "bb": 0,
    "doubles": 2,
    "h": 4,
    "hr": 0,
    "iso": 0.08695652173913043,
    "k": 9,
    "obp": 0.20833333333333334,
    "ops": 0.4692028985507246,
    "ops_plus": 34,
    "slg": 0.2608695652173913,
    "triples": 0,
    "woba": 0.21,
    "wrc_plus": 18
  },
  "basic_pitching": null,
  "current_team_id": 137,
  "metrics": {
    "barrel_pct_last_50": 0.0,
    "chase_pct_last_50": 0.525,
    "contact_pct_last_50": 0.2692307692307692,
    "hard_hit_pct_last_50": 0.5,
    "xwoba_last_50": 0.32445833333333335
  },
  "name": "Casey Schmitt",
  "player_id": 669477,
  "player_name": "Casey Schmitt",
  "recent_unicorns": [],
  "role": "hitter",
  "roles": [
    "hitter"
  ],
  "team_id": 137,
  "team_name": "SF"
}
