{
  "basic_batting": {
    "avg": 0.264,
    "babip": 0.32222222222222224,
    "bb": 30,
    "doubles": 16,
    "h": 102,
    "hr": 15,
    "iso": 0.183,
    "k": 108,
    "obp": 0.314,
    "ops": 0.761,
    "ops_plus": 110.47097164146349,
    "slg": 0.447,
    "triples": 5,
    "woba": 0.330377358490566,
    "wrc_plus": 103.9626405579562
  },
  "basic_pitching": null,
  "current_team_id": 113,
  "metrics": {
    "barrel_pct_last_50": 0.0,
    "chase_pct_last_50": 0.4166666666666667,
    "contact_pct_last_50": 0.2727272727272727,
    "hard_hit_pct_last_50": 0.6666666666666666,
    "xwoba_last_50": 0.459
  },
  "name": "Austin Hays",
  "player_id": 669720,
  "player_name": "Austin Hays",
  "recent_unicorns": [],
  "role": "hitter",
  "roles": [
    "hitter"
  ],
  "team_id": 113,
  "team_name": "CIN"
}
