{
  "basic_batting": {
    "avg": 0.3142857142857143,
    "babip": 0.3142857142857143,
    "bb": 10,
    "doubles": 2,
    "h": 11,
    "hr": 0,
    "iso": 0.11428571428571427,
    "k": 2,
    "obp": 0.44680851063829785,
    "ops": 0.8753799392097263,
    "ops_plus": 155,
    "slg": 0.42857142857142855,
    "triples": 1,
    "woba": 0.38680851063829785,
    "wrc_plus": 172
  },
  "basic_pitching": null,
  "current_team_id": 120,
  "metrics": {
    "barrel_pct_last_50": 0.0,
    "chase_pct_last_50": 0.2558139534883721,
    "contact_pct_last_50": 0.5964912280701754,
    "hard_hit_pct_last_50": 0.2647058823529412,
    "xwoba_last_50": 0.25427777777777777
  },
  "name": "Alex Call",
  "player_id": 669743,
  "player_name": "Alex Call",
  "recent_unicorns": [],
  "role": "hitter",
  "roles": [
    "hitter"
  ],
  "team_id": 120,
  "team_name": "WSH"
}
