{
  "basic_batting": {
    "avg": 0.27,
    "babip": 0.3183856502242152,
    "bb": 39,
    "doubles": 13,
    "h": 76,
    "hr": 5,
    "iso": 0.11399999999999999,
    "k": 57,
    "obp": 0.369,
    "ops": 0.753,
    "ops_plus": 112.31259661236064,
    "slg": 0.384,
    "triples": 2,
    "woba": 0.3384894259818731,
    "wrc_plus": 106.51533351680112
  },
  "basic_pitching": null,
  "current_team_id": 120,
  "metrics": {
    "barrel_pct_last_50": 0.0,
    "chase_pct_last_50": 0.2558139534883721,
    "contact_pct_last_50": 0.5964912280701754,
    "hard_hit_pct_last_50": 0.2647058823529412,
    "xwoba_last_50": 0.25427777777777777
  },
  "name": "Alex Call",
  "player_id": 669743,
  "player_name": "Alex Call",
  "recent_unicorns": [],
  "role": "hitter",
  "roles": [
    "hitter"
  ],
  "team_id": 120,
  "team_name": "WSH"
}
