{
  "basic_batting": {
    "avg": 0.058823529411764705,
    "babip": 0.08333333333333333,
    "bb": 1,
    "doubles": 0,
    "h": 1,
    "hr": 0,
    "iso": 0.0,
    "k": 5,
    "obp": 0.1111111111111111,
    "ops": 0.16993464052287582,
    "ops_plus": -49,
    "slg": 0.058823529411764705,
    "triples": 0,
    "woba": 0.08777777777777779,
    "wrc_plus": -137
  },
  "basic_pitching": {
    "babip": 0.3333333333333333,
    "bb": 1,
    "era": 0.0,
    "fip": 19.12558700583402,
    "h": 3,
    "hr": 1,
    "ip": 1.0,
    "whip": 4.0
  },
  "current_team_id": 134,
  "metrics": {
    "barrel_pct_last_50": 0.08333333333333333,
    "chase_pct_last_50": 0.37037037037037035,
    "contact_pct_last_50": 0.36363636363636365,
    "hard_hit_pct_last_50": 0.25,
    "xwoba_last_50": 0.22347058823529412
  },
  "name": "Jared Triolo",
  "player_id": 669707,
  "player_name": "Jared Triolo",
  "recent_unicorns": [],
  "role": "hitter",
  "roles": [
    "hitter"
  ],
  "team_id": 134,
  "team_name": "PIT"
}
