{
  "basic_batting": {
    "avg": 0.34210526315789475,
    "babip": 0.46153846153846156,
    "bb": 6,
    "doubles": 3,
    "h": 13,
    "hr": 1,
    "iso": 0.15789473684210525,
    "k": 11,
    "obp": 0.4318181818181818,
    "ops": 0.9318181818181819,
    "ops_plus": 169,
    "slg": 0.5,
    "triples": 0,
    "woba": 0.4104545454545454,
    "wrc_plus": 189
  },
  "basic_pitching": null,
  "current_team_id": 140,
  "metrics": {
    "barrel_pct_last_50": 0.037037037037037035,
    "chase_pct_last_50": 0.359375,
    "contact_pct_last_50": 0.391304347826087,
    "hard_hit_pct_last_50": 0.4074074074074074,
    "xwoba_last_50": 0.2865526315789474
  },
  "name": "Josh Smith",
  "player_id": 669701,
  "player_name": "Josh Smith",
  "recent_unicorns": [],
  "role": "hitter",
  "roles": [
    "hitter"
  ],
  "team_id": 140,
  "team_name": "TEX"
}
