{
  "basic_batting": {
    "avg": 0.248,
    "babip": 0.3008130081300813,
    "bb": 17,
    "doubles": 4,
    "h": 38,
    "hr": 1,
    "iso": 0.045999999999999985,
    "k": 30,
    "obp": 0.322,
    "ops": 0.616,
    "ops_plus": 75.08487704620465,
    "slg": 0.294,
    "triples": 0,
    "woba": 0.2823391812865497,
    "wrc_plus": 88.84606061876781
  },
  "basic_pitching": {
    "babip": 0.25,
    "bb": 2,
    "era": 0.0,
    "fip": 9.12558700583402,
    "h": 1,
    "hr": 0,
    "ip": 1.0,
    "whip": 3.0
  },
  "current_team_id": 136,
  "metrics": {
    "barrel_pct_last_50": 0.0,
    "chase_pct_last_50": 0.23529411764705882,
    "contact_pct_last_50": 0.6363636363636364,
    "hard_hit_pct_last_50": 0.6190476190476191,
    "xwoba_last_50": 0.33517391304347827
  },
  "name": "Miles Mastrobuoni",
  "player_id": 670156,
  "player_name": "Miles Mastrobuoni",
  "recent_unicorns": [],
  "role": "hitter",
  "roles": [
    "hitter"
  ],
  "team_id": 136,
  "team_name": "SEA"
}
