{
  "basic_batting": {
    "avg": 0.175,
    "babip": 0.21875,
    "bb": 11,
    "doubles": 4,
    "h": 21,
    "hr": 7,
    "iso": 0.20800000000000002,
    "k": 50,
    "obp": 0.254,
    "ops": 0.637,
    "ops_plus": 82.52317380671812,
    "slg": 0.383,
    "triples": 0,
    "woba": 0.2814179104477612,
    "wrc_plus": 91.531825255886
  },
  "basic_pitching": null,
  "current_team_id": 146,
  "metrics": {
    "barrel_pct_last_50": 0.05,
    "chase_pct_last_50": 0.39285714285714285,
    "contact_pct_last_50": 0.2597402597402597,
    "hard_hit_pct_last_50": 0.6,
    "xwoba_last_50": 0.32011428571428574
  },
  "name": "Matt Mervis",
  "player_id": 670223,
  "player_name": "Matt Mervis",
  "recent_unicorns": [
    {
      "description": "Matt Mervis: 100+ mph rate leader with 11 balls hit 100+ mph in the last 50 AB.",
      "metric_value": 11.0,
      "pattern_id": "UNQ-H-0514",
      "run_date": "2025-04-15",
      "score": 11.0
    }
  ],
  "role": "hitter",
  "roles": [
    "hitter"
  ],
  "team_id": 146,
  "team_name": "MIA"
}
