{
  "basic_batting": {
    "avg": 0.202,
    "babip": 0.22772277227722773,
    "bb": 46,
    "doubles": 16,
    "h": 68,
    "hr": 22,
    "iso": 0.262,
    "k": 114,
    "obp": 0.311,
    "ops": 0.776,
    "ops_plus": 122.18383066610916,
    "slg": 0.464,
    "triples": 3,
    "woba": 0.3390561224489796,
    "wrc_plus": 110.2787868141005
  },
  "basic_pitching": null,
  "current_team_id": 142,
  "metrics": {
    "barrel_pct_last_50": 0.0,
    "chase_pct_last_50": 0.35365853658536583,
    "contact_pct_last_50": 0.3163265306122449,
    "hard_hit_pct_last_50": 0.5,
    "xwoba_last_50": 0.28997826086956524
  },
  "name": "Matt Wallner",
  "player_id": 670242,
  "player_name": "Matt Wallner",
  "recent_unicorns": [],
  "role": "hitter",
  "roles": [
    "hitter"
  ],
  "team_id": 142,
  "team_name": "MIN"
}
