{
  "basic_batting": {
    "avg": 0.2631578947368421,
    "babip": 0.3783783783783784,
    "bb": 9,
    "doubles": 5,
    "h": 15,
    "hr": 1,
    "iso": 0.21052631578947367,
    "k": 19,
    "obp": 0.373134328358209,
    "ops": 0.8468185388845247,
    "ops_plus": 142,
    "slg": 0.47368421052631576,
    "triples": 2,
    "woba": 0.37089552238805973,
    "wrc_plus": 113
  },
  "basic_pitching": null,
  "current_team_id": 142,
  "metrics": {
    "barrel_pct_last_50": 0.0,
    "chase_pct_last_50": 0.35365853658536583,
    "contact_pct_last_50": 0.3163265306122449,
    "hard_hit_pct_last_50": 0.5,
    "xwoba_last_50": 0.28997826086956524
  },
  "name": "Matt Wallner",
  "player_id": 670242,
  "player_name": "Matt Wallner",
  "recent_unicorns": [],
  "role": "hitter",
  "roles": [
    "hitter"
  ],
  "team_id": 142,
  "team_name": "MIN"
}
