{
  "basic_batting": {
    "avg": 0.22413793103448276,
    "babip": 0.25,
    "bb": 11,
    "doubles": 2,
    "h": 13,
    "hr": 2,
    "iso": 0.13793103448275862,
    "k": 15,
    "obp": 0.3333333333333333,
    "ops": 0.6954022988505747,
    "ops_plus": 101,
    "slg": 0.3620689655172414,
    "triples": 0,
    "woba": 0.31027777777777776,
    "wrc_plus": 127
  },
  "basic_pitching": null,
  "current_team_id": 117,
  "metrics": {
    "barrel_pct_last_50": 0.07894736842105263,
    "chase_pct_last_50": 0.32407407407407407,
    "contact_pct_last_50": 0.35185185185185186,
    "hard_hit_pct_last_50": 0.5263157894736842,
    "xwoba_last_50": 0.36878
  },
  "name": "Yordan Alvarez",
  "player_id": 670541,
  "player_name": "Yordan Alvarez",
  "recent_unicorns": [
    {
      "description": "Yordan Alvarez has the best xwOBA in MLB in 3-2 counts.",
      "metric_value": 0.691,
      "pattern_id": "UNQ-H-0021",
      "run_date": "2025-03-28",
      "score": 1.972451
    }
  ],
  "role": "hitter",
  "roles": [
    "hitter"
  ],
  "team_id": 117,
  "team_name": "HOU"
}
