{
  "basic_batting": {
    "avg": 0.24242424242424243,
    "babip": 0.2765957446808511,
    "bb": 9,
    "doubles": 1,
    "h": 16,
    "hr": 3,
    "iso": 0.1515151515151515,
    "k": 16,
    "obp": 0.35064935064935066,
    "ops": 0.7445887445887446,
    "ops_plus": 115,
    "slg": 0.3939393939393939,
    "triples": 0,
    "woba": 0.33636363636363636,
    "wrc_plus": 165
  },
  "basic_pitching": null,
  "current_team_id": 117,
  "metrics": {
    "barrel_pct_last_50": 0.0,
    "chase_pct_last_50": 0.3238095238095238,
    "contact_pct_last_50": 0.3711340206185567,
    "hard_hit_pct_last_50": 0.4166666666666667,
    "xwoba_last_50": 0.2916734693877551
  },
  "name": "Isaac Paredes",
  "player_id": 670623,
  "player_name": "Isaac Paredes",
  "recent_unicorns": [],
  "role": "hitter",
  "roles": [
    "hitter"
  ],
  "team_id": 117,
  "team_name": "HOU"
}
