{
  "basic_batting": {
    "avg": 0.23809523809523808,
    "babip": 0.2641509433962264,
    "bb": 5,
    "doubles": 2,
    "h": 15,
    "hr": 1,
    "iso": 0.07936507936507936,
    "k": 9,
    "obp": 0.30434782608695654,
    "ops": 0.621808143547274,
    "ops_plus": 81,
    "slg": 0.31746031746031744,
    "triples": 0,
    "woba": 0.28246376811594204,
    "wrc_plus": 86
  },
  "basic_pitching": null,
  "current_team_id": 113,
  "metrics": {
    "barrel_pct_last_50": 0.023255813953488372,
    "chase_pct_last_50": 0.26153846153846155,
    "contact_pct_last_50": 0.5733333333333334,
    "hard_hit_pct_last_50": 0.3023255813953488,
    "xwoba_last_50": 0.2563673469387755
  },
  "name": "TJ Friedl",
  "player_id": 670770,
  "player_name": "TJ Friedl",
  "recent_unicorns": [],
  "role": "hitter",
  "roles": [
    "hitter"
  ],
  "team_id": 113,
  "team_name": "CIN"
}
