{
  "current_team_id": 113,
  "metrics": {
    "barrel_pct_last_50": 0.023255813953488372,
    "chase_pct_last_50": 0.26153846153846155,
    "contact_pct_last_50": 0.5733333333333334,
    "hard_hit_pct_last_50": 0.3023255813953488,
    "xwoba_last_50": 0.2563673469387755
  },
  "name": "TJ Friedl",
  "player_id": 670770,
  "player_name": "TJ Friedl",
  "recent_unicorns": [],
  "role": "hitter",
  "roles": [
    "hitter"
  ],
  "team_id": 113,
  "team_name": "CIN"
}
