{
  "current_team_id": 120,
  "metrics": {
    "barrel_pct_last_50": 0.022727272727272728,
    "chase_pct_last_50": 0.41025641025641024,
    "contact_pct_last_50": 0.5301204819277109,
    "hard_hit_pct_last_50": 0.4090909090909091,
    "xwoba_last_50": 0.27766
  },
  "name": "Luis García Jr.",
  "player_id": 671277,
  "player_name": "Luis García Jr.",
  "recent_unicorns": [],
  "role": "hitter",
  "roles": [
    "hitter"
  ],
  "team_id": 120,
  "team_name": "WSH"
}
