{
  "basic_batting": {
    "avg": 0.252,
    "babip": 0.2695214105793451,
    "bb": 27,
    "doubles": 28,
    "h": 123,
    "hr": 16,
    "iso": 0.15999999999999998,
    "k": 84,
    "obp": 0.289,
    "ops": 0.701,
    "ops_plus": 101.43193700029141,
    "slg": 0.412,
    "triples": 1,
    "woba": 0.3046958174904943,
    "wrc_plus": 99.10301827756723
  },
  "basic_pitching": null,
  "current_team_id": 120,
  "metrics": {
    "barrel_pct_last_50": 0.022727272727272728,
    "chase_pct_last_50": 0.41025641025641024,
    "contact_pct_last_50": 0.5301204819277109,
    "hard_hit_pct_last_50": 0.4090909090909091,
    "xwoba_last_50": 0.27766
  },
  "name": "Luis García Jr.",
  "player_id": 671277,
  "player_name": "Luis García Jr.",
  "recent_unicorns": [],
  "role": "hitter",
  "roles": [
    "hitter"
  ],
  "team_id": 120,
  "team_name": "WSH"
}
