{
  "basic_batting": {
    "avg": 0.182,
    "babip": 0.21739130434782608,
    "bb": 11,
    "doubles": 3,
    "h": 18,
    "hr": 3,
    "iso": 0.121,
    "k": 27,
    "obp": 0.277,
    "ops": 0.58,
    "ops_plus": 63.031982054468095,
    "slg": 0.303,
    "triples": 0,
    "woba": 0.26625,
    "wrc_plus": 83.783141723213
  },
  "basic_pitching": null,
  "current_team_id": 111,
  "metrics": {
    "barrel_pct_last_50": 0.0,
    "chase_pct_last_50": 0.30392156862745096,
    "contact_pct_last_50": 0.2982456140350877,
    "hard_hit_pct_last_50": 0.3235294117647059,
    "xwoba_last_50": 0.26192
  },
  "name": "Triston Casas",
  "player_id": 671213,
  "player_name": "Triston Casas",
  "recent_unicorns": [],
  "role": "hitter",
  "roles": [
    "hitter"
  ],
  "team_id": 111,
  "team_name": "BOS"
}
