{
  "basic_batting": {
    "avg": 0.18032786885245902,
    "babip": 0.23809523809523808,
    "bb": 4,
    "doubles": 3,
    "h": 11,
    "hr": 1,
    "iso": 0.09836065573770489,
    "k": 18,
    "obp": 0.24242424242424243,
    "ops": 0.5211127670144063,
    "ops_plus": 51,
    "slg": 0.2786885245901639,
    "triples": 0,
    "woba": 0.2366666666666667,
    "wrc_plus": 44
  },
  "basic_pitching": null,
  "current_team_id": 111,
  "metrics": {
    "barrel_pct_last_50": 0.0,
    "chase_pct_last_50": 0.30392156862745096,
    "contact_pct_last_50": 0.2982456140350877,
    "hard_hit_pct_last_50": 0.3235294117647059,
    "xwoba_last_50": 0.26192
  },
  "name": "Triston Casas",
  "player_id": 671213,
  "player_name": "Triston Casas",
  "recent_unicorns": [],
  "role": "hitter",
  "roles": [
    "hitter"
  ],
  "team_id": 111,
  "team_name": "BOS"
}
