{
  "basic_batting": {
    "avg": 0.243,
    "babip": 0.33793103448275863,
    "bb": 11,
    "doubles": 6,
    "h": 50,
    "hr": 1,
    "iso": 0.07300000000000001,
    "k": 60,
    "obp": 0.288,
    "ops": 0.603,
    "ops_plus": 75.90528249768755,
    "slg": 0.316,
    "triples": 3,
    "woba": 0.27036529680365295,
    "wrc_plus": 87.93693714416743
  },
  "basic_pitching": null,
  "current_team_id": 118,
  "metrics": {
    "barrel_pct_last_50": 0.0,
    "chase_pct_last_50": 0.47058823529411764,
    "contact_pct_last_50": 0.19230769230769232,
    "hard_hit_pct_last_50": 0.5,
    "xwoba_last_50": 0.1388
  },
  "name": "Drew Waters",
  "player_id": 671221,
  "player_name": "Drew Waters",
  "recent_unicorns": [],
  "role": "hitter",
  "roles": [
    "hitter"
  ],
  "team_id": 118,
  "team_name": "KC"
}
