{
  "basic_batting": {
    "avg": 0.09090909090909091,
    "babip": 0.1111111111111111,
    "bb": 2,
    "doubles": 0,
    "h": 1,
    "hr": 0,
    "iso": 0.0,
    "k": 3,
    "obp": 0.3125,
    "ops": 0.40340909090909094,
    "ops_plus": 24,
    "slg": 0.09090909090909091,
    "triples": 0,
    "woba": 0.231875,
    "wrc_plus": -53
  },
  "basic_pitching": null,
  "current_team_id": 115,
  "metrics": {
    "barrel_pct_last_50": 0.0,
    "chase_pct_last_50": 0.3939393939393939,
    "contact_pct_last_50": 0.3,
    "hard_hit_pct_last_50": 0.4444444444444444,
    "xwoba_last_50": 0.23692857142857143
  },
  "name": "Tyler Freeman",
  "player_id": 671289,
  "player_name": "Tyler Freeman",
  "recent_unicorns": [],
  "role": "hitter",
  "roles": [
    "hitter"
  ],
  "team_id": 115,
  "team_name": "COL"
}
