{
  "basic_batting": {
    "avg": 0.18181818181818182,
    "babip": 0.4,
    "bb": 0,
    "doubles": 0,
    "h": 2,
    "hr": 0,
    "iso": 0.0,
    "k": 6,
    "obp": 0.18181818181818182,
    "ops": 0.36363636363636365,
    "ops_plus": 6,
    "slg": 0.18181818181818182,
    "triples": 0,
    "woba": 0.16181818181818183,
    "wrc_plus": -6
  },
  "basic_pitching": null,
  "current_team_id": 118,
  "metrics": {
    "barrel_pct_last_50": 0.0,
    "chase_pct_last_50": 0.47058823529411764,
    "contact_pct_last_50": 0.19230769230769232,
    "hard_hit_pct_last_50": 0.5,
    "xwoba_last_50": 0.1388
  },
  "name": "Drew Waters",
  "player_id": 671221,
  "player_name": "Drew Waters",
  "recent_unicorns": [],
  "role": "hitter",
  "roles": [
    "hitter"
  ],
  "team_id": 118,
  "team_name": "KC"
}
