{
  "basic_batting": {
    "avg": 0.19642857142857142,
    "babip": 0.20408163265306123,
    "bb": 1,
    "doubles": 3,
    "h": 11,
    "hr": 1,
    "iso": 0.10714285714285712,
    "k": 7,
    "obp": 0.20689655172413793,
    "ops": 0.5104679802955665,
    "ops_plus": 46,
    "slg": 0.30357142857142855,
    "triples": 0,
    "woba": 0.22120689655172415,
    "wrc_plus": 70
  },
  "basic_pitching": null,
  "current_team_id": 120,
  "metrics": {
    "barrel_pct_last_50": 0.022727272727272728,
    "chase_pct_last_50": 0.41025641025641024,
    "contact_pct_last_50": 0.5301204819277109,
    "hard_hit_pct_last_50": 0.4090909090909091,
    "xwoba_last_50": 0.27766
  },
  "name": "Luis García Jr.",
  "player_id": 671277,
  "player_name": "Luis García Jr.",
  "recent_unicorns": [],
  "role": "hitter",
  "roles": [
    "hitter"
  ],
  "team_id": 120,
  "team_name": "WSH"
}
