{
  "basic_batting": {
    "avg": 0.20689655172413793,
    "babip": 0.35294117647058826,
    "bb": 2,
    "doubles": 1,
    "h": 6,
    "hr": 0,
    "iso": 0.03448275862068967,
    "k": 12,
    "obp": 0.25806451612903225,
    "ops": 0.4994438264738599,
    "ops_plus": 45,
    "slg": 0.2413793103448276,
    "triples": 0,
    "woba": 0.22903225806451613,
    "wrc_plus": -8
  },
  "basic_pitching": null,
  "current_team_id": 118,
  "metrics": {
    "barrel_pct_last_50": 0.06666666666666667,
    "chase_pct_last_50": 0.38461538461538464,
    "contact_pct_last_50": 0.2909090909090909,
    "hard_hit_pct_last_50": 0.26666666666666666,
    "xwoba_last_50": 0.1828846153846154
  },
  "name": "Drew Waters",
  "player_id": 671221,
  "player_name": "Drew Waters",
  "recent_unicorns": [],
  "role": "hitter",
  "roles": [
    "hitter"
  ],
  "team_id": 118,
  "team_name": "KC"
}
