{
  "basic_batting": {
    "avg": 0.29508196721311475,
    "babip": 0.34,
    "bb": 11,
    "doubles": 4,
    "h": 18,
    "hr": 1,
    "iso": 0.11475409836065575,
    "k": 10,
    "obp": 0.4027777777777778,
    "ops": 0.8126138433515483,
    "ops_plus": 136,
    "slg": 0.4098360655737705,
    "triples": 0,
    "woba": 0.3658333333333334,
    "wrc_plus": 145
  },
  "basic_pitching": null,
  "current_team_id": 133,
  "metrics": {
    "barrel_pct_last_50": 0.025,
    "chase_pct_last_50": 0.3118279569892473,
    "contact_pct_last_50": 0.4444444444444444,
    "hard_hit_pct_last_50": 0.5,
    "xwoba_last_50": 0.29002
  },
  "name": "Lawrence Butler",
  "player_id": 671732,
  "player_name": "Lawrence Butler",
  "recent_unicorns": [],
  "role": "hitter",
  "roles": [
    "hitter"
  ],
  "team_id": 133,
  "team_name": "ATH"
}
