{
  "basic_batting": {
    "avg": 0.222,
    "babip": 0.3079710144927536,
    "bb": 30,
    "doubles": 18,
    "h": 91,
    "hr": 6,
    "iso": 0.10300000000000001,
    "k": 133,
    "obp": 0.277,
    "ops": 0.602,
    "ops_plus": 74.71827143599296,
    "slg": 0.325,
    "triples": 3,
    "woba": 0.26816964285714284,
    "wrc_plus": 87.22279562760725
  },
  "basic_pitching": null,
  "current_team_id": 137,
  "metrics": {
    "barrel_pct_last_50": 0.0,
    "chase_pct_last_50": 0.26582278481012656,
    "contact_pct_last_50": 0.3181818181818182,
    "hard_hit_pct_last_50": 0.4642857142857143,
    "xwoba_last_50": 0.18631111111111112
  },
  "name": "Patrick Bailey",
  "player_id": 672275,
  "player_name": "Patrick Bailey",
  "recent_unicorns": [],
  "role": "hitter",
  "roles": [
    "hitter"
  ],
  "team_id": 137,
  "team_name": "SF"
}
