{
  "basic_batting": {
    "avg": 0.15384615384615385,
    "babip": 0.23809523809523808,
    "bb": 5,
    "doubles": 1,
    "h": 6,
    "hr": 1,
    "iso": 0.10256410256410253,
    "k": 17,
    "obp": 0.25,
    "ops": 0.5064102564102564,
    "ops_plus": 47,
    "slg": 0.2564102564102564,
    "triples": 0,
    "woba": 0.23590909090909087,
    "wrc_plus": -56
  },
  "basic_pitching": null,
  "current_team_id": 144,
  "metrics": {
    "barrel_pct_last_50": 0.0,
    "chase_pct_last_50": 0.265625,
    "contact_pct_last_50": 0.2894736842105263,
    "hard_hit_pct_last_50": 0.22727272727272727,
    "xwoba_last_50": 0.1834871794871795
  },
  "name": "Jarred Kelenic",
  "player_id": 672284,
  "player_name": "Jarred Kelenic",
  "recent_unicorns": [],
  "role": "hitter",
  "roles": [
    "hitter"
  ],
  "team_id": 144,
  "team_name": "ATL"
}
