{
  "basic_batting": {
    "avg": 0.24,
    "babip": 0.2558139534883721,
    "bb": 2,
    "doubles": 2,
    "h": 12,
    "hr": 1,
    "iso": 0.10000000000000003,
    "k": 7,
    "obp": 0.2641509433962264,
    "ops": 0.6041509433962264,
    "ops_plus": 73,
    "slg": 0.34,
    "triples": 0,
    "woba": 0.2647169811320755,
    "wrc_plus": -36
  },
  "basic_pitching": null,
  "current_team_id": 141,
  "metrics": {
    "barrel_pct_last_50": 0.0,
    "chase_pct_last_50": 0.379746835443038,
    "contact_pct_last_50": 0.4574468085106383,
    "hard_hit_pct_last_50": 0.5116279069767442,
    "xwoba_last_50": 0.24034
  },
  "name": "Alejandro Kirk",
  "player_id": 672386,
  "player_name": "Alejandro Kirk",
  "recent_unicorns": [],
  "role": "hitter",
  "roles": [
    "hitter"
  ],
  "team_id": 141,
  "team_name": "TOR"
}
