{
  "basic_batting": {
    "avg": 0.27692307692307694,
    "babip": 0.3333333333333333,
    "bb": 5,
    "doubles": 3,
    "h": 18,
    "hr": 4,
    "iso": 0.23076923076923073,
    "k": 20,
    "obp": 0.3333333333333333,
    "ops": 0.8410256410256409,
    "ops_plus": 138,
    "slg": 0.5076923076923077,
    "triples": 0,
    "woba": 0.36347222222222225,
    "wrc_plus": 138
  },
  "basic_pitching": null,
  "current_team_id": 114,
  "metrics": {
    "barrel_pct_last_50": 0.08571428571428572,
    "chase_pct_last_50": 0.3783783783783784,
    "contact_pct_last_50": 0.39325842696629215,
    "hard_hit_pct_last_50": 0.4,
    "xwoba_last_50": 0.29334
  },
  "name": "Gabriel Arias",
  "player_id": 672356,
  "player_name": "Gabriel Arias",
  "recent_unicorns": [],
  "role": "hitter",
  "roles": [
    "hitter"
  ],
  "team_id": 114,
  "team_name": "CLE"
}
