{
  "current_team_id": 114,
  "metrics": {
    "barrel_pct_last_50": 0.029411764705882353,
    "chase_pct_last_50": 0.37755102040816324,
    "contact_pct_last_50": 0.35051546391752575,
    "hard_hit_pct_last_50": 0.47058823529411764,
    "xwoba_last_50": 0.29208
  },
  "name": "Gabriel Arias",
  "player_id": 672356,
  "player_name": "Gabriel Arias",
  "recent_unicorns": [],
  "role": "hitter",
  "roles": [
    "hitter"
  ],
  "team_id": 114,
  "team_name": "CLE"
}
