{
  "current_team_id": 109,
  "metrics": {
    "barrel_pct_last_50": 0.021739130434782608,
    "chase_pct_last_50": 0.21739130434782608,
    "contact_pct_last_50": 0.6351351351351351,
    "hard_hit_pct_last_50": 0.34782608695652173,
    "xwoba_last_50": 0.29929787234042554
  },
  "name": "Geraldo Perdomo",
  "player_id": 672695,
  "player_name": "Geraldo Perdomo",
  "recent_unicorns": [],
  "role": "hitter",
  "roles": [
    "hitter"
  ],
  "team_id": 109,
  "team_name": "AZ"
}
