{
  "basic_batting": {
    "avg": 0.23333333333333334,
    "babip": 0.24489795918367346,
    "bb": 7,
    "doubles": 4,
    "h": 14,
    "hr": 2,
    "iso": 0.16666666666666669,
    "k": 9,
    "obp": 0.31343283582089554,
    "ops": 0.7134328358208956,
    "ops_plus": 105,
    "slg": 0.4,
    "triples": 0,
    "woba": 0.316865671641791,
    "wrc_plus": 141
  },
  "basic_pitching": null,
  "current_team_id": 146,
  "metrics": {
    "barrel_pct_last_50": 0.06976744186046512,
    "chase_pct_last_50": 0.3875,
    "contact_pct_last_50": 0.55,
    "hard_hit_pct_last_50": 0.32558139534883723,
    "xwoba_last_50": 0.3246938775510204
  },
  "name": "Otto Lopez",
  "player_id": 672640,
  "player_name": "Otto Lopez",
  "recent_unicorns": [
    {
      "description": "Otto Lopez: 3 barrels in the last 50 AB.",
      "metric_value": 3.0,
      "pattern_id": "UNQ-H-0500",
      "run_date": "2025-04-15",
      "score": 3.0
    }
  ],
  "role": "hitter",
  "roles": [
    "hitter"
  ],
  "team_id": 146,
  "team_name": "MIA"
}
