{
  "current_team_id": 134,
  "metrics": {
    "barrel_pct_last_50": 0.06666666666666667,
    "chase_pct_last_50": 0.23809523809523808,
    "contact_pct_last_50": 0.40540540540540543,
    "hard_hit_pct_last_50": 0.5333333333333333,
    "xwoba_last_50": 0.37705263157894736
  },
  "name": "Alexander Canario",
  "player_id": 672744,
  "player_name": "Alexander Canario",
  "recent_unicorns": [],
  "role": "hitter",
  "roles": [
    "hitter"
  ],
  "team_id": 134,
  "team_name": "PIT"
}
