{
  "basic_batting": {
    "avg": 0.15384615384615385,
    "babip": 0.18604651162790697,
    "bb": 12,
    "doubles": 1,
    "h": 10,
    "hr": 2,
    "iso": 0.1076923076923077,
    "k": 21,
    "obp": 0.28205128205128205,
    "ops": 0.5435897435897437,
    "ops_plus": 58,
    "slg": 0.26153846153846155,
    "triples": 0,
    "woba": 0.2561538461538462,
    "wrc_plus": 55
  },
  "basic_pitching": null,
  "current_team_id": 145,
  "metrics": {
    "barrel_pct_last_50": 0.06666666666666667,
    "chase_pct_last_50": 0.41,
    "contact_pct_last_50": 0.31958762886597936,
    "hard_hit_pct_last_50": 0.36666666666666664,
    "xwoba_last_50": 0.23287234042553193
  },
  "name": "Luis Robert Jr.",
  "player_id": 673357,
  "player_name": "Luis Robert Jr.",
  "recent_unicorns": [],
  "role": "hitter",
  "roles": [
    "hitter"
  ],
  "team_id": 145,
  "team_name": "CWS"
}
