{
  "basic_batting": {
    "avg": 0.15384615384615385,
    "babip": 0.20588235294117646,
    "bb": 7,
    "doubles": 1,
    "h": 8,
    "hr": 1,
    "iso": 0.07692307692307693,
    "k": 18,
    "obp": 0.25,
    "ops": 0.4807692307692308,
    "ops_plus": 40,
    "slg": 0.23076923076923078,
    "triples": 0,
    "woba": 0.22566666666666665,
    "wrc_plus": 22
  },
  "basic_pitching": null,
  "current_team_id": 145,
  "metrics": {
    "barrel_pct_last_50": 0.06666666666666667,
    "chase_pct_last_50": 0.42696629213483145,
    "contact_pct_last_50": 0.3069306930693069,
    "hard_hit_pct_last_50": 0.4,
    "xwoba_last_50": 0.23585106382978724
  },
  "name": "Luis Robert Jr.",
  "player_id": 673357,
  "player_name": "Luis Robert Jr.",
  "recent_unicorns": [],
  "role": "hitter",
  "roles": [
    "hitter"
  ],
  "team_id": 145,
  "team_name": "CWS"
}
