{
  "current_team_id": 112,
  "metrics": {
    "barrel_pct_last_50": 0.029411764705882353,
    "chase_pct_last_50": 0.29245283018867924,
    "contact_pct_last_50": 0.3695652173913043,
    "hard_hit_pct_last_50": 0.5294117647058824,
    "xwoba_last_50": 0.3623
  },
  "name": "Seiya Suzuki",
  "player_id": 673548,
  "player_name": "Seiya Suzuki",
  "recent_unicorns": [],
  "role": "hitter",
  "roles": [
    "hitter"
  ],
  "team_id": 112,
  "team_name": "CHC"
}
