{
  "basic_batting": {
    "avg": 0.3333333333333333,
    "babip": 0.42857142857142855,
    "bb": 10,
    "doubles": 2,
    "h": 19,
    "hr": 4,
    "iso": 0.28070175438596495,
    "k": 19,
    "obp": 0.4264705882352941,
    "ops": 1.0405056759545923,
    "ops_plus": 197,
    "slg": 0.6140350877192983,
    "triples": 1,
    "woba": 0.44323529411764706,
    "wrc_plus": 205
  },
  "basic_pitching": null,
  "current_team_id": 112,
  "metrics": {
    "barrel_pct_last_50": 0.029411764705882353,
    "chase_pct_last_50": 0.29245283018867924,
    "contact_pct_last_50": 0.3695652173913043,
    "hard_hit_pct_last_50": 0.5294117647058824,
    "xwoba_last_50": 0.3623
  },
  "name": "Seiya Suzuki",
  "player_id": 673548,
  "player_name": "Seiya Suzuki",
  "recent_unicorns": [],
  "role": "hitter",
  "roles": [
    "hitter"
  ],
  "team_id": 112,
  "team_name": "CHC"
}
