{
  "basic_batting": {
    "avg": 0.3870967741935484,
    "babip": 0.5,
    "bb": 0,
    "doubles": 3,
    "h": 12,
    "hr": 1,
    "iso": 0.25806451612903225,
    "k": 8,
    "obp": 0.3870967741935484,
    "ops": 1.032258064516129,
    "ops_plus": 192,
    "slg": 0.6451612903225806,
    "triples": 1,
    "woba": 0.44387096774193546,
    "wrc_plus": 251
  },
  "basic_pitching": null,
  "current_team_id": 140,
  "metrics": {
    "barrel_pct_last_50": 0.08695652173913043,
    "chase_pct_last_50": 0.3939393939393939,
    "contact_pct_last_50": 0.45098039215686275,
    "hard_hit_pct_last_50": 0.34782608695652173,
    "xwoba_last_50": 0.32103225806451613
  },
  "name": "Josh Jung",
  "player_id": 673962,
  "player_name": "Josh Jung",
  "recent_unicorns": [],
  "role": "hitter",
  "roles": [
    "hitter"
  ],
  "team_id": 140,
  "team_name": "TEX"
}
