{
  "basic_batting": {
    "avg": 0.083,
    "babip": 0.16666666666666666,
    "bb": 1,
    "doubles": 0,
    "h": 1,
    "hr": 0,
    "iso": 0.0,
    "k": 6,
    "obp": 0.267,
    "ops": 0.35,
    "ops_plus": 7.956180230863774,
    "slg": 0.083,
    "triples": 0,
    "woba": 0.20133333333333334,
    "wrc_plus": 65.48413160886051
  },
  "basic_pitching": null,
  "current_team_id": 113,
  "metrics": {
    "barrel_pct_last_50": 0.0,
    "chase_pct_last_50": 0.26666666666666666,
    "contact_pct_last_50": 0.23076923076923078,
    "hard_hit_pct_last_50": 0.3333333333333333,
    "xwoba_last_50": 0.2821111111111111
  },
  "name": "Jacob Hurtubise",
  "player_id": 674441,
  "player_name": "Jacob Hurtubise",
  "recent_unicorns": [],
  "role": "hitter",
  "roles": [
    "hitter"
  ],
  "team_id": 113,
  "team_name": "CIN"
}
