{
  "basic_batting": {
    "avg": 0.106,
    "babip": 0.1320754716981132,
    "bb": 3,
    "doubles": 1,
    "h": 7,
    "hr": 0,
    "iso": 0.015,
    "k": 16,
    "obp": 0.139,
    "ops": 0.26,
    "ops_plus": -23.3749585028066,
    "slg": 0.121,
    "triples": 0,
    "woba": 0.12055555555555555,
    "wrc_plus": 39.210972845261395
  },
  "basic_pitching": {
    "babip": 0.0,
    "bb": 0,
    "era": 0.0,
    "fip": 3.1255870058340216,
    "h": 0,
    "hr": 0,
    "ip": 1.0,
    "whip": 0.0
  },
  "current_team_id": 145,
  "metrics": {
    "barrel_pct_last_50": 0.0,
    "chase_pct_last_50": 0.22033898305084745,
    "contact_pct_last_50": 0.5686274509803921,
    "hard_hit_pct_last_50": 0.2413793103448276,
    "xwoba_last_50": 0.17826315789473685
  },
  "name": "Jacob Amaya",
  "player_id": 676070,
  "player_name": "Jacob Amaya",
  "recent_unicorns": [],
  "role": "hitter",
  "roles": [
    "hitter"
  ],
  "team_id": 145,
  "team_name": "CWS"
}
