{
  "basic_batting": {
    "avg": 0.2,
    "babip": 0.23529411764705882,
    "bb": 4,
    "doubles": 2,
    "h": 8,
    "hr": 0,
    "iso": 0.04999999999999999,
    "k": 7,
    "obp": 0.26666666666666666,
    "ops": 0.5166666666666666,
    "ops_plus": 51,
    "slg": 0.25,
    "triples": 0,
    "woba": 0.23644444444444446,
    "wrc_plus": 33
  },
  "basic_pitching": null,
  "current_team_id": 141,
  "metrics": {
    "barrel_pct_last_50": 0.02857142857142857,
    "chase_pct_last_50": 0.37254901960784315,
    "contact_pct_last_50": 0.5384615384615384,
    "hard_hit_pct_last_50": 0.17142857142857143,
    "xwoba_last_50": 0.24658536585365853
  },
  "name": "Ernie Clement",
  "player_id": 676391,
  "player_name": "Ernie Clement",
  "recent_unicorns": [],
  "role": "hitter",
  "roles": [
    "hitter"
  ],
  "team_id": 141,
  "team_name": "TOR"
}
