{
  "basic_batting": {
    "avg": 0.25,
    "babip": 0.2909090909090909,
    "bb": 5,
    "doubles": 3,
    "h": 16,
    "hr": 0,
    "iso": 0.046875,
    "k": 9,
    "obp": 0.30434782608695654,
    "ops": 0.6012228260869565,
    "ops_plus": 74,
    "slg": 0.296875,
    "triples": 0,
    "woba": 0.27289855072463765,
    "wrc_plus": 77
  },
  "basic_pitching": {
    "babip": 0.3333333333333333,
    "bb": 0,
    "era": 0.0,
    "fip": 6.125587005834022,
    "h": 1,
    "hr": 0,
    "ip": 1.0,
    "whip": 1.0
  },
  "current_team_id": 138,
  "metrics": {
    "barrel_pct_last_50": 0.0,
    "chase_pct_last_50": 0.35526315789473684,
    "contact_pct_last_50": 0.4479166666666667,
    "hard_hit_pct_last_50": 0.3488372093023256,
    "xwoba_last_50": 0.19556
  },
  "name": "Alec Burleson",
  "player_id": 676475,
  "player_name": "Alec Burleson",
  "recent_unicorns": [],
  "role": "hitter",
  "roles": [
    "hitter"
  ],
  "team_id": 138,
  "team_name": "STL"
}
