{
  "basic_batting": {
    "avg": 0.25,
    "babip": 0.2956989247311828,
    "bb": 32,
    "doubles": 28,
    "h": 119,
    "hr": 9,
    "iso": 0.128,
    "k": 100,
    "obp": 0.296,
    "ops": 0.674,
    "ops_plus": 87.65382179772479,
    "slg": 0.378,
    "triples": 3,
    "woba": 0.2965564202334631,
    "wrc_plus": 93.31991956938576
  },
  "basic_pitching": null,
  "current_team_id": 146,
  "metrics": {
    "barrel_pct_last_50": 0.02857142857142857,
    "chase_pct_last_50": 0.2727272727272727,
    "contact_pct_last_50": 0.6140350877192983,
    "hard_hit_pct_last_50": 0.42857142857142855,
    "xwoba_last_50": 0.32861538461538464
  },
  "name": "Eric Wagaman",
  "player_id": 676572,
  "player_name": "Eric Wagaman",
  "recent_unicorns": [
    {
      "description": "Eric Wagaman has the best xwOBA in MLB in 3-2 counts.",
      "metric_value": 0.7278,
      "pattern_id": "UNQ-H-0021",
      "run_date": "2025-04-05",
      "score": 2.840903
    }
  ],
  "role": "hitter",
  "roles": [
    "hitter"
  ],
  "team_id": 146,
  "team_name": "MIA"
}
