{
  "basic_batting": {
    "avg": 0.292,
    "babip": 0.3527272727272727,
    "bb": 31,
    "doubles": 15,
    "h": 100,
    "hr": 3,
    "iso": 0.08100000000000002,
    "k": 67,
    "obp": 0.354,
    "ops": 0.727,
    "ops_plus": 104.82466349034078,
    "slg": 0.373,
    "triples": 2,
    "woba": 0.32543535620052766,
    "wrc_plus": 102.40749885556102
  },
  "basic_pitching": null,
  "current_team_id": 117,
  "metrics": {
    "barrel_pct_last_50": 0.0,
    "chase_pct_last_50": 0.25757575757575757,
    "contact_pct_last_50": 0.4157303370786517,
    "hard_hit_pct_last_50": 0.3783783783783784,
    "xwoba_last_50": 0.23502173913043478
  },
  "name": "Jake Meyers",
  "player_id": 676694,
  "player_name": "Jake Meyers",
  "recent_unicorns": [],
  "role": "hitter",
  "roles": [
    "hitter"
  ],
  "team_id": 117,
  "team_name": "HOU"
}
