{
  "basic_batting": {
    "avg": 0.21,
    "babip": 0.2898550724637681,
    "bb": 9,
    "doubles": 5,
    "h": 21,
    "hr": 1,
    "iso": 0.07999999999999999,
    "k": 31,
    "obp": 0.279,
    "ops": 0.569,
    "ops_plus": 60.44439496402614,
    "slg": 0.29,
    "triples": 0,
    "woba": 0.2588288288288288,
    "wrc_plus": 81.44785895894462
  },
  "basic_pitching": {
    "babip": 0.3,
    "bb": 2,
    "era": 6.0,
    "fip": 6.458920339167355,
    "h": 3,
    "hr": 0,
    "ip": 3.0,
    "whip": 1.667
  },
  "current_team_id": 117,
  "metrics": {
    "barrel_pct_last_50": 0.0,
    "chase_pct_last_50": 0.4642857142857143,
    "contact_pct_last_50": 0.28125,
    "hard_hit_pct_last_50": 0.1111111111111111,
    "xwoba_last_50": 0.26166666666666666
  },
  "name": "Chas McCormick",
  "player_id": 676801,
  "player_name": "Chas McCormick",
  "recent_unicorns": [],
  "role": "hitter",
  "roles": [
    "hitter"
  ],
  "team_id": 117,
  "team_name": "HOU"
}
