{
  "basic_batting": {
    "avg": 0.231,
    "babip": 0.28125,
    "bb": 40,
    "doubles": 6,
    "h": 48,
    "hr": 12,
    "iso": 0.20199999999999999,
    "k": 69,
    "obp": 0.359,
    "ops": 0.791,
    "ops_plus": 129.53544557215446,
    "slg": 0.433,
    "triples": 0,
    "woba": 0.35282868525896416,
    "wrc_plus": 114.7583446732412
  },
  "basic_pitching": null,
  "current_team_id": 141,
  "metrics": {
    "barrel_pct_last_50": 0.0,
    "chase_pct_last_50": 0.27906976744186046,
    "contact_pct_last_50": 0.2413793103448276,
    "hard_hit_pct_last_50": 0.0,
    "xwoba_last_50": 0.1308125
  },
  "name": "Davis Schneider",
  "player_id": 676914,
  "player_name": "Davis Schneider",
  "recent_unicorns": [],
  "role": "hitter",
  "roles": [
    "hitter"
  ],
  "team_id": 141,
  "team_name": "TOR"
}
