{
  "basic_batting": {
    "avg": 0.36585365853658536,
    "babip": 0.4166666666666667,
    "bb": 5,
    "doubles": 1,
    "h": 15,
    "hr": 5,
    "iso": 0.4390243902439025,
    "k": 12,
    "obp": 0.4583333333333333,
    "ops": 1.2632113821138211,
    "ops_plus": 257,
    "slg": 0.8048780487804879,
    "triples": 1,
    "woba": 0.5291666666666667,
    "wrc_plus": 283
  },
  "basic_pitching": null,
  "current_team_id": 108,
  "metrics": {
    "barrel_pct_last_50": 0.034482758620689655,
    "chase_pct_last_50": 0.328125,
    "contact_pct_last_50": 0.3918918918918919,
    "hard_hit_pct_last_50": 0.5862068965517241,
    "xwoba_last_50": 0.3637674418604651
  },
  "name": "Kyren Paris",
  "player_id": 677347,
  "player_name": "Kyren Paris",
  "recent_unicorns": [],
  "role": "hitter",
  "roles": [
    "hitter"
  ],
  "team_id": 108,
  "team_name": "LAA"
}
