{
  "basic_batting": {
    "avg": 0.3333333333333333,
    "babip": 0.42857142857142855,
    "bb": 2,
    "doubles": 2,
    "h": 12,
    "hr": 0,
    "iso": 0.16666666666666669,
    "k": 9,
    "obp": 0.375,
    "ops": 0.875,
    "ops_plus": 151,
    "slg": 0.5,
    "triples": 2,
    "woba": 0.37499999999999994,
    "wrc_plus": 210
  },
  "basic_pitching": null,
  "current_team_id": 109,
  "metrics": {
    "barrel_pct_last_50": 0.0,
    "chase_pct_last_50": 0.42592592592592593,
    "contact_pct_last_50": 0.40298507462686567,
    "hard_hit_pct_last_50": 0.4444444444444444,
    "xwoba_last_50": 0.38132352941176473
  },
  "name": "Alek Thomas",
  "player_id": 677950,
  "player_name": "Alek Thomas",
  "recent_unicorns": [],
  "role": "hitter",
  "roles": [
    "hitter"
  ],
  "team_id": 109,
  "team_name": "AZ"
}
