{
  "basic_batting": {
    "avg": 0.14473684210526316,
    "babip": 0.2,
    "bb": 8,
    "doubles": 5,
    "h": 11,
    "hr": 0,
    "iso": 0.06578947368421051,
    "k": 21,
    "obp": 0.2441860465116279,
    "ops": 0.45471236230110157,
    "ops_plus": 33,
    "slg": 0.21052631578947367,
    "triples": 0,
    "woba": 0.21686046511627904,
    "wrc_plus": 66
  },
  "basic_pitching": null,
  "current_team_id": 145,
  "metrics": {
    "barrel_pct_last_50": 0.027777777777777776,
    "chase_pct_last_50": 0.23595505617977527,
    "contact_pct_last_50": 0.42857142857142855,
    "hard_hit_pct_last_50": 0.4444444444444444,
    "xwoba_last_50": 0.23053061224489796
  },
  "name": "Miguel Vargas",
  "player_id": 678246,
  "player_name": "Miguel Vargas",
  "recent_unicorns": [],
  "role": "hitter",
  "roles": [
    "hitter"
  ],
  "team_id": 145,
  "team_name": "CWS"
}
