{
  "basic_batting": {
    "avg": 0.159,
    "babip": 0.1978021978021978,
    "bb": 4,
    "doubles": 2,
    "h": 24,
    "hr": 6,
    "iso": 0.13199999999999998,
    "k": 55,
    "obp": 0.179,
    "ops": 0.471,
    "ops_plus": 28.950489035274973,
    "slg": 0.291,
    "triples": 0,
    "woba": 0.20602564102564103,
    "wrc_plus": 64.83183279123791
  },
  "basic_pitching": null,
  "current_team_id": 114,
  "metrics": {
    "barrel_pct_last_50": 0.0,
    "chase_pct_last_50": 0.4117647058823529,
    "contact_pct_last_50": 0.4153846153846154,
    "hard_hit_pct_last_50": 0.5555555555555556,
    "xwoba_last_50": 0.16684848484848486
  },
  "name": "Jhonkensy Noel",
  "player_id": 678877,
  "player_name": "Jhonkensy Noel",
  "recent_unicorns": [
    {
      "description": "Jhonkensy Noel: second-highest exit velocity = 116.100 mph (last 50 AB).",
      "metric_value": 116.1,
      "pattern_id": "UNQ-H-0581",
      "run_date": "2025-04-15",
      "score": 116.1
    }
  ],
  "role": "hitter",
  "roles": [
    "hitter"
  ],
  "team_id": 114,
  "team_name": "CLE"
}
