{
  "basic_batting": {
    "avg": 0.18421052631578946,
    "babip": 0.2413793103448276,
    "bb": 2,
    "doubles": 1,
    "h": 7,
    "hr": 0,
    "iso": 0.02631578947368421,
    "k": 10,
    "obp": 0.21951219512195122,
    "ops": 0.43003851091142486,
    "ops_plus": 25,
    "slg": 0.21052631578947367,
    "triples": 0,
    "woba": 0.1948780487804878,
    "wrc_plus": 78
  },
  "basic_pitching": null,
  "current_team_id": 114,
  "metrics": {
    "barrel_pct_last_50": 0.0,
    "chase_pct_last_50": 0.453125,
    "contact_pct_last_50": 0.3625,
    "hard_hit_pct_last_50": 0.5517241379310345,
    "xwoba_last_50": 0.15643589743589745
  },
  "name": "Jhonkensy Noel",
  "player_id": 678877,
  "player_name": "Jhonkensy Noel",
  "recent_unicorns": [
    {
      "description": "Jhonkensy Noel: second-highest exit velocity = 116.100 mph (last 50 AB).",
      "metric_value": 116.1,
      "pattern_id": "UNQ-H-0581",
      "run_date": "2025-04-15",
      "score": 116.1
    }
  ],
  "role": "hitter",
  "roles": [
    "hitter"
  ],
  "team_id": 114,
  "team_name": "CLE"
}
