{
  "basic_batting": {
    "avg": 0.221,
    "babip": 0.2964071856287425,
    "bb": 56,
    "doubles": 19,
    "h": 114,
    "hr": 15,
    "iso": 0.12299999999999997,
    "k": 172,
    "obp": 0.301,
    "ops": 0.645,
    "ops_plus": 87.45174414921249,
    "slg": 0.344,
    "triples": 0,
    "woba": 0.2904982817869416,
    "wrc_plus": 94.48523700339699
  },
  "basic_pitching": null,
  "current_team_id": 113,
  "metrics": {
    "barrel_pct_last_50": 0.05263157894736842,
    "chase_pct_last_50": 0.23636363636363636,
    "contact_pct_last_50": 0.38,
    "hard_hit_pct_last_50": 0.5789473684210527,
    "xwoba_last_50": 0.37070967741935484
  },
  "name": "Matt McLain",
  "player_id": 680574,
  "player_name": "Matt McLain",
  "recent_unicorns": [],
  "role": "hitter",
  "roles": [
    "hitter"
  ],
  "team_id": 113,
  "team_name": "CIN"
}
