{
  "basic_batting": {
    "avg": 0.20408163265306123,
    "babip": 0.20689655172413793,
    "bb": 9,
    "doubles": 1,
    "h": 10,
    "hr": 4,
    "iso": 0.2653061224489796,
    "k": 16,
    "obp": 0.3389830508474576,
    "ops": 0.8083708059494985,
    "ops_plus": 130,
    "slg": 0.46938775510204084,
    "triples": 0,
    "woba": 0.3567796610169491,
    "wrc_plus": 143
  },
  "basic_pitching": null,
  "current_team_id": 113,
  "metrics": {
    "barrel_pct_last_50": 0.06896551724137931,
    "chase_pct_last_50": 0.23684210526315788,
    "contact_pct_last_50": 0.410958904109589,
    "hard_hit_pct_last_50": 0.5862068965517241,
    "xwoba_last_50": 0.3475909090909091
  },
  "name": "Matt McLain",
  "player_id": 680574,
  "player_name": "Matt McLain",
  "recent_unicorns": [],
  "role": "hitter",
  "roles": [
    "hitter"
  ],
  "team_id": 113,
  "team_name": "CIN"
}
