{
  "current_team_id": 113,
  "metrics": {
    "barrel_pct_last_50": 0.05263157894736842,
    "chase_pct_last_50": 0.23636363636363636,
    "contact_pct_last_50": 0.38,
    "hard_hit_pct_last_50": 0.5789473684210527,
    "xwoba_last_50": 0.37070967741935484
  },
  "name": "Matt McLain",
  "player_id": 680574,
  "player_name": "Matt McLain",
  "recent_unicorns": [],
  "role": "hitter",
  "roles": [
    "hitter"
  ],
  "team_id": 113,
  "team_name": "CIN"
}
