{
  "basic_batting": {
    "avg": 0.3230769230769231,
    "babip": 0.3333333333333333,
    "bb": 5,
    "doubles": 1,
    "h": 21,
    "hr": 3,
    "iso": 0.15384615384615385,
    "k": 8,
    "obp": 0.38028169014084506,
    "ops": 0.857204767063922,
    "ops_plus": 146,
    "slg": 0.47692307692307695,
    "triples": 0,
    "woba": 0.37845070422535215,
    "wrc_plus": 160
  },
  "basic_pitching": null,
  "current_team_id": 114,
  "metrics": {
    "barrel_pct_last_50": 0.0,
    "chase_pct_last_50": 0.24324324324324326,
    "contact_pct_last_50": 0.5189873417721519,
    "hard_hit_pct_last_50": 0.2682926829268293,
    "xwoba_last_50": 0.3157142857142857
  },
  "name": "Steven Kwan",
  "player_id": 680757,
  "player_name": "Steven Kwan",
  "recent_unicorns": [],
  "role": "hitter",
  "roles": [
    "hitter"
  ],
  "team_id": 114,
  "team_name": "CLE"
}
