{
  "basic_batting": {
    "avg": 0.266,
    "babip": 0.32247557003257327,
    "bb": 50,
    "doubles": 26,
    "h": 108,
    "hr": 9,
    "iso": 0.131,
    "k": 91,
    "obp": 0.356,
    "ops": 0.752,
    "ops_plus": 119.11581961708544,
    "slg": 0.397,
    "triples": 0,
    "woba": 0.3371336206896552,
    "wrc_plus": 109.65348867721707
  },
  "basic_pitching": null,
  "current_team_id": 142,
  "metrics": {
    "barrel_pct_last_50": 0.06896551724137931,
    "chase_pct_last_50": 0.30434782608695654,
    "contact_pct_last_50": 0.38461538461538464,
    "hard_hit_pct_last_50": 0.41379310344827586,
    "xwoba_last_50": 0.37157894736842106
  },
  "name": "Ryan Jeffers",
  "player_id": 680777,
  "player_name": "Ryan Jeffers",
  "recent_unicorns": [],
  "role": "hitter",
  "roles": [
    "hitter"
  ],
  "team_id": 142,
  "team_name": "MIN"
}
