{
  "basic_batting": {
    "avg": 0.258,
    "babip": 0.3013698630136986,
    "bb": 44,
    "doubles": 36,
    "h": 134,
    "hr": 24,
    "iso": 0.21099999999999997,
    "k": 133,
    "obp": 0.318,
    "ops": 0.787,
    "ops_plus": 125.75555048719602,
    "slg": 0.469,
    "triples": 1,
    "woba": 0.3431107205623901,
    "wrc_plus": 111.59755421383369
  },
  "basic_pitching": null,
  "current_team_id": 141,
  "metrics": {
    "barrel_pct_last_50": 0.0,
    "chase_pct_last_50": 0.2,
    "contact_pct_last_50": 0.3333333333333333,
    "hard_hit_pct_last_50": 0.3333333333333333,
    "xwoba_last_50": 0.08775
  },
  "name": "Addison Barger",
  "player_id": 680718,
  "player_name": "Addison Barger",
  "recent_unicorns": [],
  "role": "hitter",
  "roles": [
    "hitter"
  ],
  "team_id": 141,
  "team_name": "TOR"
}
