{
  "basic_batting": {
    "avg": 0.15384615384615385,
    "babip": 0.18181818181818182,
    "bb": 0,
    "doubles": 0,
    "h": 2,
    "hr": 0,
    "iso": 0.0,
    "k": 2,
    "obp": 0.15384615384615385,
    "ops": 0.3076923076923077,
    "ops_plus": -10,
    "slg": 0.15384615384615385,
    "triples": 0,
    "woba": 0.13692307692307693,
    "wrc_plus": 28
  },
  "basic_pitching": null,
  "current_team_id": 134,
  "metrics": {
    "barrel_pct_last_50": 0.0,
    "chase_pct_last_50": 0.5,
    "contact_pct_last_50": 0.36666666666666664,
    "hard_hit_pct_last_50": 0.18181818181818182,
    "xwoba_last_50": 0.2716153846153846
  },
  "name": "Henry Davis",
  "player_id": 680779,
  "player_name": "Henry Davis",
  "recent_unicorns": [],
  "role": "hitter",
  "roles": [
    "hitter"
  ],
  "team_id": 134,
  "team_name": "PIT"
}
