{
  "basic_batting": {
    "avg": 0.11627906976744186,
    "babip": 0.18518518518518517,
    "bb": 5,
    "doubles": 0,
    "h": 5,
    "hr": 0,
    "iso": 0.0,
    "k": 16,
    "obp": 0.20833333333333334,
    "ops": 0.3246124031007752,
    "ops_plus": -3,
    "slg": 0.11627906976744186,
    "triples": 0,
    "woba": 0.16458333333333333,
    "wrc_plus": 35
  },
  "basic_pitching": {
    "babip": 0.4482758620689655,
    "bb": 3,
    "era": 15.0,
    "fip": 7.125587005834022,
    "h": 14,
    "hr": 1,
    "ip": 6.0,
    "whip": 2.833
  },
  "current_team_id": 142,
  "metrics": {
    "barrel_pct_last_50": 0.0,
    "chase_pct_last_50": 0.25287356321839083,
    "contact_pct_last_50": 0.3333333333333333,
    "hard_hit_pct_last_50": 0.28,
    "xwoba_last_50": 0.14925
  },
  "name": "Jonah Bride",
  "player_id": 681146,
  "player_name": "Jonah Bride",
  "recent_unicorns": [],
  "role": "hitter",
  "roles": [
    "hitter"
  ],
  "team_id": 142,
  "team_name": "MIN"
}
