{
  "basic_batting": {
    "avg": 0.213,
    "babip": 0.2669172932330827,
    "bb": 24,
    "doubles": 8,
    "h": 90,
    "hr": 19,
    "iso": 0.158,
    "k": 139,
    "obp": 0.258,
    "ops": 0.629,
    "ops_plus": 73.85679291902545,
    "slg": 0.371,
    "triples": 1,
    "woba": 0.2774666666666667,
    "wrc_plus": 87.31278518986231
  },
  "basic_pitching": null,
  "current_team_id": 108,
  "metrics": {
    "barrel_pct_last_50": 0.1,
    "chase_pct_last_50": 0.35353535353535354,
    "contact_pct_last_50": 0.2777777777777778,
    "hard_hit_pct_last_50": 0.5333333333333333,
    "xwoba_last_50": 0.3602708333333333
  },
  "name": "Logan O'Hoppe",
  "player_id": 681351,
  "player_name": "Logan O'Hoppe",
  "recent_unicorns": [
    {
      "description": "Logan O'Hoppe: barrel rate vs 95+ mph fastballs: 2 barrels (last 50 AB).",
      "metric_value": 2.0,
      "pattern_id": "UNQ-H-0520",
      "run_date": "2025-04-15",
      "score": 2.0
    }
  ],
  "role": "hitter",
  "roles": [
    "hitter"
  ],
  "team_id": 108,
  "team_name": "LAA"
}
