{
  "basic_batting": {
    "avg": 0.2682926829268293,
    "babip": 0.3333333333333333,
    "bb": 1,
    "doubles": 1,
    "h": 11,
    "hr": 1,
    "iso": 0.09756097560975607,
    "k": 11,
    "obp": 0.27906976744186046,
    "ops": 0.6449234259784458,
    "ops_plus": 85,
    "slg": 0.36585365853658536,
    "triples": 0,
    "woba": 0.2806976744186046,
    "wrc_plus": 71
  },
  "basic_pitching": null,
  "current_team_id": 145,
  "metrics": {
    "barrel_pct_last_50": 0.03125,
    "chase_pct_last_50": 0.3764705882352941,
    "contact_pct_last_50": 0.36363636363636365,
    "hard_hit_pct_last_50": 0.40625,
    "xwoba_last_50": 0.24402380952380953
  },
  "name": "Brooks Baldwin",
  "player_id": 681460,
  "player_name": "Brooks Baldwin",
  "recent_unicorns": [],
  "role": "hitter",
  "roles": [
    "hitter"
  ],
  "team_id": 145,
  "team_name": "CWS"
}
