{
  "basic_batting": {
    "avg": 0.254,
    "babip": 0.2795031055900621,
    "bb": 25,
    "doubles": 19,
    "h": 118,
    "hr": 28,
    "iso": 0.243,
    "k": 117,
    "obp": 0.301,
    "ops": 0.797,
    "ops_plus": 127.62052052052053,
    "slg": 0.497,
    "triples": 5,
    "woba": 0.34480961923847697,
    "wrc_plus": 112.15012493152403
  },
  "basic_pitching": null,
  "current_team_id": 116,
  "metrics": {
    "barrel_pct_last_50": 0.07894736842105263,
    "chase_pct_last_50": 0.4268292682926829,
    "contact_pct_last_50": 0.40860215053763443,
    "hard_hit_pct_last_50": 0.5,
    "xwoba_last_50": 0.42538
  },
  "name": "Kerry Carpenter",
  "player_id": 681481,
  "player_name": "Kerry Carpenter",
  "recent_unicorns": [
    {
      "description": "Kerry Carpenter: barrel rate vs breaking balls: 2 barrels (last 50 AB).",
      "metric_value": 2.0,
      "pattern_id": "UNQ-H-0524",
      "run_date": "2025-04-15",
      "score": 2.0
    }
  ],
  "role": "hitter",
  "roles": [
    "hitter"
  ],
  "team_id": 116,
  "team_name": "DET"
}
