{
  "basic_batting": {
    "avg": 0.2545454545454545,
    "babip": 0.3076923076923077,
    "bb": 1,
    "doubles": 1,
    "h": 14,
    "hr": 2,
    "iso": 0.12727272727272732,
    "k": 15,
    "obp": 0.2631578947368421,
    "ops": 0.6449760765550239,
    "ops_plus": 83,
    "slg": 0.38181818181818183,
    "triples": 0,
    "woba": 0.27982456140350875,
    "wrc_plus": 70
  },
  "basic_pitching": null,
  "current_team_id": 145,
  "metrics": {
    "barrel_pct_last_50": 0.02631578947368421,
    "chase_pct_last_50": 0.34782608695652173,
    "contact_pct_last_50": 0.41304347826086957,
    "hard_hit_pct_last_50": 0.39473684210526316,
    "xwoba_last_50": 0.2892708333333333
  },
  "name": "Brooks Baldwin",
  "player_id": 681460,
  "player_name": "Brooks Baldwin",
  "recent_unicorns": [],
  "role": "hitter",
  "roles": [
    "hitter"
  ],
  "team_id": 145,
  "team_name": "CWS"
}
