{
  "basic_batting": {
    "avg": 0.25925925925925924,
    "babip": 0.23684210526315788,
    "bb": 1,
    "doubles": 2,
    "h": 14,
    "hr": 5,
    "iso": 0.3148148148148148,
    "k": 12,
    "obp": 0.29310344827586204,
    "ops": 0.8671775223499361,
    "ops_plus": 144,
    "slg": 0.5740740740740741,
    "triples": 0,
    "woba": 0.36896551724137927,
    "wrc_plus": 134
  },
  "basic_pitching": null,
  "current_team_id": 116,
  "metrics": {
    "barrel_pct_last_50": 0.07894736842105263,
    "chase_pct_last_50": 0.4268292682926829,
    "contact_pct_last_50": 0.40860215053763443,
    "hard_hit_pct_last_50": 0.5,
    "xwoba_last_50": 0.42538
  },
  "name": "Kerry Carpenter",
  "player_id": 681481,
  "player_name": "Kerry Carpenter",
  "recent_unicorns": [
    {
      "description": "Kerry Carpenter: barrel rate vs breaking balls: 2 barrels (last 50 AB).",
      "metric_value": 2.0,
      "pattern_id": "UNQ-H-0524",
      "run_date": "2025-04-15",
      "score": 2.0
    }
  ],
  "role": "hitter",
  "roles": [
    "hitter"
  ],
  "team_id": 116,
  "team_name": "DET"
}
