{
  "basic_batting": {
    "avg": 0.158,
    "babip": 0.17567567567567569,
    "bb": 10,
    "doubles": 1,
    "h": 15,
    "hr": 2,
    "iso": 0.07400000000000001,
    "k": 20,
    "obp": 0.257,
    "ops": 0.488,
    "ops_plus": 39.084239167484554,
    "slg": 0.232,
    "triples": 0,
    "woba": 0.23128440366972475,
    "wrc_plus": 72.7802214874342
  },
  "basic_pitching": null,
  "current_team_id": 142,
  "metrics": {
    "barrel_pct_last_50": 0.0,
    "chase_pct_last_50": 0.17647058823529413,
    "contact_pct_last_50": 0.3793103448275862,
    "hard_hit_pct_last_50": 0.09090909090909091,
    "xwoba_last_50": 0.08976470588235294
  },
  "name": "Mickey Gasper",
  "player_id": 681508,
  "player_name": "Mickey Gasper",
  "recent_unicorns": [],
  "role": "hitter",
  "roles": [
    "hitter"
  ],
  "team_id": 142,
  "team_name": "MIN"
}
