{
  "basic_batting": {
    "avg": 0.11764705882352941,
    "babip": 0.18181818181818182,
    "bb": 4,
    "doubles": 0,
    "h": 2,
    "hr": 0,
    "iso": 0.0,
    "k": 6,
    "obp": 0.2857142857142857,
    "ops": 0.40336134453781514,
    "ops_plus": 23,
    "slg": 0.11764705882352941,
    "triples": 0,
    "woba": 0.21619047619047618,
    "wrc_plus": -16
  },
  "basic_pitching": null,
  "current_team_id": 142,
  "metrics": {
    "barrel_pct_last_50": 0.0,
    "chase_pct_last_50": 0.17647058823529413,
    "contact_pct_last_50": 0.3793103448275862,
    "hard_hit_pct_last_50": 0.09090909090909091,
    "xwoba_last_50": 0.08976470588235294
  },
  "name": "Mickey Gasper",
  "player_id": 681508,
  "player_name": "Mickey Gasper",
  "recent_unicorns": [],
  "role": "hitter",
  "roles": [
    "hitter"
  ],
  "team_id": 142,
  "team_name": "MIN"
}
