{
  "basic_batting": {
    "avg": 0.256,
    "babip": 0.2903225806451613,
    "bb": 29,
    "doubles": 28,
    "h": 162,
    "hr": 27,
    "iso": 0.176,
    "k": 146,
    "obp": 0.297,
    "ops": 0.729,
    "ops_plus": 109.26448853917208,
    "slg": 0.432,
    "triples": 1,
    "woba": 0.31821270310192024,
    "wrc_plus": 103.49941653743741
  },
  "basic_pitching": null,
  "current_team_id": 119,
  "metrics": {
    "barrel_pct_last_50": 0.03125,
    "chase_pct_last_50": 0.37272727272727274,
    "contact_pct_last_50": 0.25196850393700787,
    "hard_hit_pct_last_50": 0.25,
    "xwoba_last_50": 0.19312
  },
  "name": "Andy Pages",
  "player_id": 681624,
  "player_name": "Andy Pages",
  "recent_unicorns": [],
  "role": "hitter",
  "roles": [
    "hitter"
  ],
  "team_id": 119,
  "team_name": "LAD"
}
