{
  "basic_batting": {
    "avg": 0.09090909090909091,
    "babip": 0.09090909090909091,
    "bb": 3,
    "doubles": 1,
    "h": 2,
    "hr": 1,
    "iso": 0.1818181818181818,
    "k": 10,
    "obp": 0.2,
    "ops": 0.4727272727272727,
    "ops_plus": 35,
    "slg": 0.2727272727272727,
    "triples": 0,
    "woba": 0.2176,
    "wrc_plus": 97
  },
  "basic_pitching": null,
  "current_team_id": 114,
  "metrics": {
    "barrel_pct_last_50": 0.0,
    "chase_pct_last_50": 0.2830188679245283,
    "contact_pct_last_50": 0.27906976744186046,
    "hard_hit_pct_last_50": 0.4166666666666667,
    "xwoba_last_50": 0.1620909090909091
  },
  "name": "Daniel Schneemann",
  "player_id": 682177,
  "player_name": "Daniel Schneemann",
  "recent_unicorns": [],
  "role": "hitter",
  "roles": [
    "hitter"
  ],
  "team_id": 114,
  "team_name": "CLE"
}
