{
  "basic_batting": {
    "avg": 0.23809523809523808,
    "babip": 0.2,
    "bb": 1,
    "doubles": 1,
    "h": 5,
    "hr": 1,
    "iso": 0.19047619047619047,
    "k": 0,
    "obp": 0.2727272727272727,
    "ops": 0.7012987012987013,
    "ops_plus": 99,
    "slg": 0.42857142857142855,
    "triples": 0,
    "woba": 0.3059090909090909,
    "wrc_plus": 65
  },
  "basic_pitching": null,
  "current_team_id": 137,
  "metrics": {
    "barrel_pct_last_50": 0.047619047619047616,
    "chase_pct_last_50": 0.4444444444444444,
    "contact_pct_last_50": 0.525,
    "hard_hit_pct_last_50": 0.42857142857142855,
    "xwoba_last_50": 0.3557619047619048
  },
  "name": "Luis Matos",
  "player_id": 682641,
  "player_name": "Luis Matos",
  "recent_unicorns": [],
  "role": "hitter",
  "roles": [
    "hitter"
  ],
  "team_id": 137,
  "team_name": "SF"
}
