{
  "current_team_id": 137,
  "metrics": {
    "barrel_pct_last_50": 0.047619047619047616,
    "chase_pct_last_50": 0.4444444444444444,
    "contact_pct_last_50": 0.525,
    "hard_hit_pct_last_50": 0.42857142857142855,
    "xwoba_last_50": 0.3557619047619048
  },
  "name": "Luis Matos",
  "player_id": 682641,
  "player_name": "Luis Matos",
  "recent_unicorns": [],
  "role": "hitter",
  "roles": [
    "hitter"
  ],
  "team_id": 137,
  "team_name": "SF"
}
