{
  "basic_batting": {
    "avg": 0.16666666666666666,
    "babip": 0.16666666666666666,
    "bb": 1,
    "doubles": 0,
    "h": 1,
    "hr": 0,
    "iso": 0.0,
    "k": 0,
    "obp": 0.2857142857142857,
    "ops": 0.45238095238095233,
    "ops_plus": 35,
    "slg": 0.16666666666666666,
    "triples": 0,
    "woba": 0.22571428571428573,
    "wrc_plus": 102
  },
  "basic_pitching": null,
  "current_team_id": 113,
  "metrics": {
    "barrel_pct_last_50": 0.0,
    "chase_pct_last_50": 0.4,
    "contact_pct_last_50": 0.6666666666666666,
    "hard_hit_pct_last_50": 0.0,
    "xwoba_last_50": 0.18233333333333332
  },
  "name": "Noelvi Marte",
  "player_id": 682622,
  "player_name": "Noelvi Marte",
  "recent_unicorns": [],
  "role": "hitter",
  "roles": [
    "hitter"
  ],
  "team_id": 113,
  "team_name": "CIN"
}
