{
  "basic_batting": {
    "avg": 0.234,
    "babip": 0.2949640287769784,
    "bb": 13,
    "doubles": 7,
    "h": 41,
    "hr": 0,
    "iso": 0.04000000000000001,
    "k": 37,
    "obp": 0.293,
    "ops": 0.567,
    "ops_plus": 66.49214150859719,
    "slg": 0.274,
    "triples": 0,
    "woba": 0.25947643979057594,
    "wrc_plus": 84.3953112548575
  },
  "basic_pitching": null,
  "current_team_id": 121,
  "metrics": {
    "barrel_pct_last_50": 0.0,
    "chase_pct_last_50": 0.3,
    "contact_pct_last_50": 0.4915254237288136,
    "hard_hit_pct_last_50": 0.35714285714285715,
    "xwoba_last_50": 0.22754545454545455
  },
  "name": "Luisangel Acuña",
  "player_id": 682668,
  "player_name": "Luisangel Acuña",
  "recent_unicorns": [],
  "role": "hitter",
  "roles": [
    "hitter"
  ],
  "team_id": 121,
  "team_name": "NYM"
}
