{
  "basic_batting": {
    "avg": 0.5714285714285714,
    "babip": 0.6153846153846154,
    "bb": 0,
    "doubles": 2,
    "h": 8,
    "hr": 0,
    "iso": 0.2857142857142857,
    "k": 2,
    "obp": 0.5333333333333333,
    "ops": 1.3904761904761904,
    "ops_plus": 295,
    "slg": 0.8571428571428571,
    "triples": 1,
    "woba": 0.574,
    "wrc_plus": 284
  },
  "basic_pitching": null,
  "current_team_id": 114,
  "metrics": {
    "barrel_pct_last_50": 0.07692307692307693,
    "chase_pct_last_50": 0.28,
    "contact_pct_last_50": 0.4642857142857143,
    "hard_hit_pct_last_50": 0.6923076923076923,
    "xwoba_last_50": 0.4063333333333333
  },
  "name": "Angel Martínez",
  "player_id": 682657,
  "player_name": "Angel Martínez",
  "recent_unicorns": [
    {
      "description": "Angel Martínez leads MLB in hard-hit rate over his last 50 PA.",
      "metric_value": 0.211538,
      "pattern_id": "UNQ-H-0002",
      "run_date": "2025-04-15",
      "score": 0.211538
    }
  ],
  "role": "hitter",
  "roles": [
    "hitter"
  ],
  "team_id": 114,
  "team_name": "CLE"
}
