{
  "basic_batting": {
    "avg": 0.3157894736842105,
    "babip": 0.3333333333333333,
    "bb": 1,
    "doubles": 2,
    "h": 6,
    "hr": 1,
    "iso": 0.26315789473684215,
    "k": 3,
    "obp": 0.35,
    "ops": 0.9289473684210526,
    "ops_plus": 162,
    "slg": 0.5789473684210527,
    "triples": 0,
    "woba": 0.4,
    "wrc_plus": 279
  },
  "basic_pitching": null,
  "current_team_id": 113,
  "metrics": {
    "barrel_pct_last_50": 0.0,
    "chase_pct_last_50": 0.37142857142857144,
    "contact_pct_last_50": 0.47058823529411764,
    "hard_hit_pct_last_50": 0.25,
    "xwoba_last_50": 0.25794736842105265
  },
  "name": "Noelvi Marte",
  "player_id": 682622,
  "player_name": "Noelvi Marte",
  "recent_unicorns": [],
  "role": "hitter",
  "roles": [
    "hitter"
  ],
  "team_id": 113,
  "team_name": "CIN"
}
