{
  "basic_batting": {
    "avg": 0.225,
    "babip": 0.2727272727272727,
    "bb": 23,
    "doubles": 23,
    "h": 101,
    "hr": 11,
    "iso": 0.13399999999999998,
    "k": 112,
    "obp": 0.27,
    "ops": 0.628,
    "ops_plus": 81.38565147425906,
    "slg": 0.359,
    "triples": 2,
    "woba": 0.2771576763485477,
    "wrc_plus": 90.14617427689203
  },
  "basic_pitching": null,
  "current_team_id": 114,
  "metrics": {
    "barrel_pct_last_50": 0.07692307692307693,
    "chase_pct_last_50": 0.28,
    "contact_pct_last_50": 0.4642857142857143,
    "hard_hit_pct_last_50": 0.6923076923076923,
    "xwoba_last_50": 0.4063333333333333
  },
  "name": "Angel Martínez",
  "player_id": 682657,
  "player_name": "Angel Martínez",
  "recent_unicorns": [
    {
      "description": "Angel Martínez leads MLB in hard-hit rate over his last 50 PA.",
      "metric_value": 0.211538,
      "pattern_id": "UNQ-H-0002",
      "run_date": "2025-04-15",
      "score": 0.211538
    }
  ],
  "role": "hitter",
  "roles": [
    "hitter"
  ],
  "team_id": 114,
  "team_name": "CLE"
}
