{
  "basic_batting": {
    "avg": 0.173,
    "babip": 0.23684210526315788,
    "bb": 5,
    "doubles": 4,
    "h": 9,
    "hr": 0,
    "iso": 0.07700000000000001,
    "k": 14,
    "obp": 0.246,
    "ops": 0.496,
    "ops_plus": 45.023486777917164,
    "slg": 0.25,
    "triples": 0,
    "woba": 0.22771929824561404,
    "wrc_plus": 74.06622763009841
  },
  "basic_pitching": null,
  "current_team_id": 134,
  "metrics": {
    "barrel_pct_last_50": 0.03125,
    "chase_pct_last_50": 0.22950819672131148,
    "contact_pct_last_50": 0.4177215189873418,
    "hard_hit_pct_last_50": 0.46875,
    "xwoba_last_50": 0.21529545454545454
  },
  "name": "Endy Rodríguez",
  "player_id": 682848,
  "player_name": "Endy Rodríguez",
  "recent_unicorns": [],
  "role": "hitter",
  "roles": [
    "hitter"
  ],
  "team_id": 134,
  "team_name": "PIT"
}
