{
  "basic_batting": {
    "avg": 0.17391304347826086,
    "babip": 0.23529411764705882,
    "bb": 5,
    "doubles": 3,
    "h": 8,
    "hr": 0,
    "iso": 0.06521739130434784,
    "k": 12,
    "obp": 0.2549019607843137,
    "ops": 0.4940323955669224,
    "ops_plus": 44,
    "slg": 0.2391304347826087,
    "triples": 0,
    "woba": 0.2296078431372549,
    "wrc_plus": 1
  },
  "basic_pitching": null,
  "current_team_id": 134,
  "metrics": {
    "barrel_pct_last_50": 0.03125,
    "chase_pct_last_50": 0.22950819672131148,
    "contact_pct_last_50": 0.4177215189873418,
    "hard_hit_pct_last_50": 0.46875,
    "xwoba_last_50": 0.21529545454545454
  },
  "name": "Endy Rodríguez",
  "player_id": 682848,
  "player_name": "Endy Rodríguez",
  "recent_unicorns": [],
  "role": "hitter",
  "roles": [
    "hitter"
  ],
  "team_id": 134,
  "team_name": "PIT"
}
