{
  "basic_batting": {
    "avg": 0.257,
    "babip": 0.296127562642369,
    "bb": 37,
    "doubles": 35,
    "h": 149,
    "hr": 19,
    "iso": 0.176,
    "k": 125,
    "obp": 0.315,
    "ops": 0.748,
    "ops_plus": 115.33592453212708,
    "slg": 0.433,
    "triples": 5,
    "woba": 0.3283280757097792,
    "wrc_plus": 106.78946483773059
  },
  "basic_pitching": null,
  "current_team_id": 120,
  "metrics": {
    "barrel_pct_last_50": 0.034482758620689655,
    "chase_pct_last_50": 0.38961038961038963,
    "contact_pct_last_50": 0.37662337662337664,
    "hard_hit_pct_last_50": 0.3793103448275862,
    "xwoba_last_50": 0.32171052631578945
  },
  "name": "CJ Abrams",
  "player_id": 682928,
  "player_name": "CJ Abrams",
  "recent_unicorns": [],
  "role": "hitter",
  "roles": [
    "hitter"
  ],
  "team_id": 120,
  "team_name": "WSH"
}
