{
  "basic_batting": {
    "avg": 0.24390243902439024,
    "babip": 0.23076923076923078,
    "bb": 3,
    "doubles": 2,
    "h": 10,
    "hr": 4,
    "iso": 0.3414634146341463,
    "k": 12,
    "obp": 0.28888888888888886,
    "ops": 0.8742547425474254,
    "ops_plus": 144,
    "slg": 0.5853658536585366,
    "triples": 0,
    "woba": 0.36822222222222223,
    "wrc_plus": 124
  },
  "basic_pitching": null,
  "current_team_id": 120,
  "metrics": {
    "barrel_pct_last_50": 0.034482758620689655,
    "chase_pct_last_50": 0.38961038961038963,
    "contact_pct_last_50": 0.37662337662337664,
    "hard_hit_pct_last_50": 0.3793103448275862,
    "xwoba_last_50": 0.32171052631578945
  },
  "name": "CJ Abrams",
  "player_id": 682928,
  "player_name": "CJ Abrams",
  "recent_unicorns": [],
  "role": "hitter",
  "roles": [
    "hitter"
  ],
  "team_id": 120,
  "team_name": "WSH"
}
