{
  "basic_batting": {
    "avg": 0.232,
    "babip": 0.2542372881355932,
    "bb": 8,
    "doubles": 2,
    "h": 19,
    "hr": 4,
    "iso": 0.17,
    "k": 20,
    "obp": 0.297,
    "ops": 0.699,
    "ops_plus": 101.38825787813128,
    "slg": 0.402,
    "triples": 0,
    "woba": 0.30802197802197806,
    "wrc_plus": 100.18485967158651
  },
  "basic_pitching": null,
  "current_team_id": 120,
  "metrics": {
    "barrel_pct_last_50": 0.0,
    "chase_pct_last_50": 0.26666666666666666,
    "contact_pct_last_50": 0.42857142857142855,
    "hard_hit_pct_last_50": 0.16666666666666666,
    "xwoba_last_50": 0.37085714285714283
  },
  "name": "Nasim Nuñez",
  "player_id": 683083,
  "player_name": "Nasim Nuñez",
  "recent_unicorns": [],
  "role": "hitter",
  "roles": [
    "hitter"
  ],
  "team_id": 120,
  "team_name": "WSH"
}
