{
  "basic_batting": {
    "avg": 0.18181818181818182,
    "babip": 0.23529411764705882,
    "bb": 3,
    "doubles": 1,
    "h": 4,
    "hr": 0,
    "iso": 0.04545454545454544,
    "k": 5,
    "obp": 0.28,
    "ops": 0.5072727272727273,
    "ops_plus": 49,
    "slg": 0.22727272727272727,
    "triples": 0,
    "woba": 0.2404,
    "wrc_plus": 106
  },
  "basic_pitching": null,
  "current_team_id": 120,
  "metrics": {
    "barrel_pct_last_50": 0.0,
    "chase_pct_last_50": 0.3333333333333333,
    "contact_pct_last_50": 0.3684210526315789,
    "hard_hit_pct_last_50": 0.2857142857142857,
    "xwoba_last_50": 0.19461111111111112
  },
  "name": "Nasim Nuñez",
  "player_id": 683083,
  "player_name": "Nasim Nuñez",
  "recent_unicorns": [],
  "role": "hitter",
  "roles": [
    "hitter"
  ],
  "team_id": 120,
  "team_name": "WSH"
}
