{
  "basic_batting": {
    "avg": 0.12280701754385964,
    "babip": 0.125,
    "bb": 4,
    "doubles": 2,
    "h": 7,
    "hr": 2,
    "iso": 0.14035087719298245,
    "k": 15,
    "obp": 0.18032786885245902,
    "ops": 0.44348576358930114,
    "ops_plus": 27,
    "slg": 0.2631578947368421,
    "triples": 0,
    "woba": 0.19950819672131148,
    "wrc_plus": 39
  },
  "basic_pitching": null,
  "current_team_id": 145,
  "metrics": {
    "barrel_pct_last_50": 0.02857142857142857,
    "chase_pct_last_50": 0.3821138211382114,
    "contact_pct_last_50": 0.3333333333333333,
    "hard_hit_pct_last_50": 0.5142857142857142,
    "xwoba_last_50": 0.28778
  },
  "name": "Andrew Vaughn",
  "player_id": 683734,
  "player_name": "Andrew Vaughn",
  "recent_unicorns": [],
  "role": "hitter",
  "roles": [
    "hitter"
  ],
  "team_id": 145,
  "team_name": "CWS"
}
