{
  "basic_batting": {
    "avg": 0.248,
    "babip": 0.2676470588235294,
    "bb": 35,
    "doubles": 22,
    "h": 107,
    "hr": 16,
    "iso": 0.16199999999999998,
    "k": 82,
    "obp": 0.305,
    "ops": 0.714,
    "ops_plus": 106.07031715259563,
    "slg": 0.41,
    "triples": 0,
    "woba": 0.31357142857142856,
    "wrc_plus": 101.98983127822763
  },
  "basic_pitching": null,
  "current_team_id": 145,
  "metrics": {
    "barrel_pct_last_50": 0.02857142857142857,
    "chase_pct_last_50": 0.3821138211382114,
    "contact_pct_last_50": 0.3333333333333333,
    "hard_hit_pct_last_50": 0.5142857142857142,
    "xwoba_last_50": 0.28778
  },
  "name": "Andrew Vaughn",
  "player_id": 683734,
  "player_name": "Andrew Vaughn",
  "recent_unicorns": [],
  "role": "hitter",
  "roles": [
    "hitter"
  ],
  "team_id": 145,
  "team_name": "CWS"
}
