{
  "current_team_id": 112,
  "metrics": {
    "barrel_pct_last_50": 0.05555555555555555,
    "chase_pct_last_50": 0.23655913978494625,
    "contact_pct_last_50": 0.42857142857142855,
    "hard_hit_pct_last_50": 0.4722222222222222,
    "xwoba_last_50": 0.39148
  },
  "name": "Michael Busch",
  "player_id": 683737,
  "player_name": "Michael Busch",
  "recent_unicorns": [],
  "role": "hitter",
  "roles": [
    "hitter"
  ],
  "team_id": 112,
  "team_name": "CHC"
}
