{
  "current_team_id": 145,
  "metrics": {
    "barrel_pct_last_50": 0.02857142857142857,
    "chase_pct_last_50": 0.3821138211382114,
    "contact_pct_last_50": 0.3333333333333333,
    "hard_hit_pct_last_50": 0.5142857142857142,
    "xwoba_last_50": 0.28778
  },
  "name": "Andrew Vaughn",
  "player_id": 683734,
  "player_name": "Andrew Vaughn",
  "recent_unicorns": [],
  "role": "hitter",
  "roles": [
    "hitter"
  ],
  "team_id": 145,
  "team_name": "CWS"
}
