{
  "basic_batting": {
    "avg": 0.263,
    "babip": 0.28763440860215056,
    "bb": 59,
    "doubles": 25,
    "h": 145,
    "hr": 38,
    "iso": 0.271,
    "k": 143,
    "obp": 0.345,
    "ops": 0.879,
    "ops_plus": 151.53405937583156,
    "slg": 0.534,
    "triples": 5,
    "woba": 0.38011235955056183,
    "wrc_plus": 123.63242274319617
  },
  "basic_pitching": null,
  "current_team_id": 112,
  "metrics": {
    "barrel_pct_last_50": 0.05555555555555555,
    "chase_pct_last_50": 0.23655913978494625,
    "contact_pct_last_50": 0.42857142857142855,
    "hard_hit_pct_last_50": 0.4722222222222222,
    "xwoba_last_50": 0.39148
  },
  "name": "Michael Busch",
  "player_id": 683737,
  "player_name": "Michael Busch",
  "recent_unicorns": [],
  "role": "hitter",
  "roles": [
    "hitter"
  ],
  "team_id": 112,
  "team_name": "CHC"
}
