{
  "basic_batting": {
    "avg": 0.3064516129032258,
    "babip": 0.3584905660377358,
    "bb": 8,
    "doubles": 2,
    "h": 19,
    "hr": 0,
    "iso": 0.09677419354838707,
    "k": 9,
    "obp": 0.4027777777777778,
    "ops": 0.8060035842293907,
    "ops_plus": 135,
    "slg": 0.4032258064516129,
    "triples": 2,
    "woba": 0.3623611111111111,
    "wrc_plus": 167
  },
  "basic_pitching": null,
  "current_team_id": 158,
  "metrics": {
    "barrel_pct_last_50": 0.0,
    "chase_pct_last_50": 0.1935483870967742,
    "contact_pct_last_50": 0.5061728395061729,
    "hard_hit_pct_last_50": 0.34146341463414637,
    "xwoba_last_50": 0.29375510204081634
  },
  "name": "Sal Frelick",
  "player_id": 686217,
  "player_name": "Sal Frelick",
  "recent_unicorns": [],
  "role": "hitter",
  "roles": [
    "hitter"
  ],
  "team_id": 158,
  "team_name": "MIL"
}
