{
  "basic_batting": {
    "avg": 0.281,
    "babip": 0.30982905982905984,
    "bb": 49,
    "doubles": 21,
    "h": 157,
    "hr": 12,
    "iso": 0.11299999999999999,
    "k": 85,
    "obp": 0.343,
    "ops": 0.737,
    "ops_plus": 114.13288351642782,
    "slg": 0.394,
    "triples": 3,
    "woba": 0.3273268921095008,
    "wrc_plus": 106.46382755969121
  },
  "basic_pitching": null,
  "current_team_id": 158,
  "metrics": {
    "barrel_pct_last_50": 0.0,
    "chase_pct_last_50": 0.1935483870967742,
    "contact_pct_last_50": 0.5061728395061729,
    "hard_hit_pct_last_50": 0.34146341463414637,
    "xwoba_last_50": 0.29375510204081634
  },
  "name": "Sal Frelick",
  "player_id": 686217,
  "player_name": "Sal Frelick",
  "recent_unicorns": [],
  "role": "hitter",
  "roles": [
    "hitter"
  ],
  "team_id": 158,
  "team_name": "MIL"
}
