{
  "current_team_id": 158,
  "metrics": {
    "barrel_pct_last_50": 0.0,
    "chase_pct_last_50": 0.1935483870967742,
    "contact_pct_last_50": 0.5061728395061729,
    "hard_hit_pct_last_50": 0.34146341463414637,
    "xwoba_last_50": 0.29375510204081634
  },
  "name": "Sal Frelick",
  "player_id": 686217,
  "player_name": "Sal Frelick",
  "recent_unicorns": [],
  "role": "hitter",
  "roles": [
    "hitter"
  ],
  "team_id": 158,
  "team_name": "MIL"
}
