{
  "basic_batting": {
    "avg": 0.16666666666666666,
    "babip": 0.23076923076923078,
    "bb": 2,
    "doubles": 2,
    "h": 6,
    "hr": 0,
    "iso": 0.05555555555555555,
    "k": 11,
    "obp": 0.20512820512820512,
    "ops": 0.42735042735042733,
    "ops_plus": 23,
    "slg": 0.2222222222222222,
    "triples": 0,
    "woba": 0.19179487179487179,
    "wrc_plus": 54
  },
  "basic_pitching": null,
  "current_team_id": 158,
  "metrics": {
    "barrel_pct_last_50": 0.0,
    "chase_pct_last_50": 0.1774193548387097,
    "contact_pct_last_50": 0.4375,
    "hard_hit_pct_last_50": 0.32142857142857145,
    "xwoba_last_50": 0.21221621621621622
  },
  "name": "Oliver Dunn",
  "player_id": 686554,
  "player_name": "Oliver Dunn",
  "recent_unicorns": [],
  "role": "hitter",
  "roles": [
    "hitter"
  ],
  "team_id": 158,
  "team_name": "MIL"
}
