{
  "basic_batting": {
    "avg": 0.17142857142857143,
    "babip": 0.24,
    "bb": 2,
    "doubles": 2,
    "h": 6,
    "hr": 0,
    "iso": 0.057142857142857134,
    "k": 11,
    "obp": 0.21052631578947367,
    "ops": 0.4390977443609022,
    "ops_plus": 27,
    "slg": 0.22857142857142856,
    "triples": 0,
    "woba": 0.19684210526315787,
    "wrc_plus": 48
  },
  "basic_pitching": null,
  "current_team_id": 158,
  "metrics": {
    "barrel_pct_last_50": 0.0,
    "chase_pct_last_50": 0.18032786885245902,
    "contact_pct_last_50": 0.41935483870967744,
    "hard_hit_pct_last_50": 0.3076923076923077,
    "xwoba_last_50": 0.2110277777777778
  },
  "name": "Oliver Dunn",
  "player_id": 686554,
  "player_name": "Oliver Dunn",
  "recent_unicorns": [],
  "role": "hitter",
  "roles": [
    "hitter"
  ],
  "team_id": 158,
  "team_name": "MIL"
}
