{
  "current_team_id": 158,
  "metrics": {
    "barrel_pct_last_50": 0.0,
    "chase_pct_last_50": 0.18032786885245902,
    "contact_pct_last_50": 0.41935483870967744,
    "hard_hit_pct_last_50": 0.3076923076923077,
    "xwoba_last_50": 0.2110277777777778
  },
  "name": "Oliver Dunn",
  "player_id": 686554,
  "player_name": "Oliver Dunn",
  "recent_unicorns": [],
  "role": "hitter",
  "roles": [
    "hitter"
  ],
  "team_id": 158,
  "team_name": "MIL"
}
