{
  "basic_batting": {
    "avg": 0.167,
    "babip": 0.23076923076923078,
    "bb": 2,
    "doubles": 2,
    "h": 6,
    "hr": 0,
    "iso": 0.05499999999999999,
    "k": 11,
    "obp": 0.205,
    "ops": 0.427,
    "ops_plus": 24.44096628273842,
    "slg": 0.222,
    "triples": 0,
    "woba": 0.19179487179487179,
    "wrc_plus": 62.3817249661585
  },
  "basic_pitching": null,
  "current_team_id": 158,
  "metrics": {
    "barrel_pct_last_50": 0.0,
    "chase_pct_last_50": 0.18032786885245902,
    "contact_pct_last_50": 0.41935483870967744,
    "hard_hit_pct_last_50": 0.3076923076923077,
    "xwoba_last_50": 0.2110277777777778
  },
  "name": "Oliver Dunn",
  "player_id": 686554,
  "player_name": "Oliver Dunn",
  "recent_unicorns": [],
  "role": "hitter",
  "roles": [
    "hitter"
  ],
  "team_id": 158,
  "team_name": "MIL"
}
