{
  "basic_batting": {
    "avg": 0.32075471698113206,
    "babip": 0.35,
    "bb": 3,
    "doubles": 3,
    "h": 17,
    "hr": 3,
    "iso": 0.22641509433962265,
    "k": 10,
    "obp": 0.35714285714285715,
    "ops": 0.9043126684636118,
    "ops_plus": 157,
    "slg": 0.5471698113207547,
    "triples": 0,
    "woba": 0.3923214285714286,
    "wrc_plus": 201
  },
  "basic_pitching": null,
  "current_team_id": 115,
  "metrics": {
    "barrel_pct_last_50": 0.04878048780487805,
    "chase_pct_last_50": 0.2702702702702703,
    "contact_pct_last_50": 0.4939759036144578,
    "hard_hit_pct_last_50": 0.4634146341463415,
    "xwoba_last_50": 0.3899183673469388
  },
  "name": "Brenton Doyle",
  "player_id": 686668,
  "player_name": "Brenton Doyle",
  "recent_unicorns": [],
  "role": "hitter",
  "roles": [
    "hitter"
  ],
  "team_id": 115,
  "team_name": "COL"
}
