{
  "current_team_id": 120,
  "metrics": {
    "barrel_pct_last_50": 0.07142857142857142,
    "chase_pct_last_50": 0.3108108108108108,
    "contact_pct_last_50": 0.358974358974359,
    "hard_hit_pct_last_50": 0.32142857142857145,
    "xwoba_last_50": 0.20719565217391303
  },
  "name": "Dylan Crews",
  "player_id": 686611,
  "player_name": "Dylan Crews",
  "recent_unicorns": [],
  "role": "hitter",
  "roles": [
    "hitter"
  ],
  "team_id": 120,
  "team_name": "WSH"
}
