{
  "basic_batting": {
    "avg": 0.1746031746031746,
    "babip": 0.21153846153846154,
    "bb": 1,
    "doubles": 3,
    "h": 11,
    "hr": 0,
    "iso": 0.047619047619047616,
    "k": 12,
    "obp": 0.19696969696969696,
    "ops": 0.41919191919191917,
    "ops_plus": 21,
    "slg": 0.2222222222222222,
    "triples": 0,
    "woba": 0.18696969696969698,
    "wrc_plus": -28
  },
  "basic_pitching": null,
  "current_team_id": 118,
  "metrics": {
    "barrel_pct_last_50": 0.0,
    "chase_pct_last_50": 0.4105263157894737,
    "contact_pct_last_50": 0.39215686274509803,
    "hard_hit_pct_last_50": 0.275,
    "xwoba_last_50": 0.21736
  },
  "name": "Michael Massey",
  "player_id": 686681,
  "player_name": "Michael Massey",
  "recent_unicorns": [],
  "role": "hitter",
  "roles": [
    "hitter"
  ],
  "team_id": 118,
  "team_name": "KC"
}
