{
  "basic_batting": {
    "avg": 0.2857142857142857,
    "babip": 0.16666666666666666,
    "bb": 1,
    "doubles": 0,
    "h": 2,
    "hr": 1,
    "iso": 0.4285714285714286,
    "k": 0,
    "obp": 0.375,
    "ops": 1.0892857142857144,
    "ops_plus": 207,
    "slg": 0.7142857142857143,
    "triples": 0,
    "woba": 0.46,
    "wrc_plus": 255
  },
  "basic_pitching": null,
  "current_team_id": 142,
  "metrics": {
    "barrel_pct_last_50": 0.0,
    "chase_pct_last_50": 0.3,
    "contact_pct_last_50": 0.5454545454545454,
    "hard_hit_pct_last_50": 0.8333333333333334,
    "xwoba_last_50": 0.517
  },
  "name": "Brooks Lee",
  "player_id": 686797,
  "player_name": "Brooks Lee",
  "recent_unicorns": [],
  "role": "hitter",
  "roles": [
    "hitter"
  ],
  "team_id": 142,
  "team_name": "MIN"
}
