{
  "basic_batting": {
    "avg": 0.2682926829268293,
    "babip": 0.3225806451612903,
    "bb": 1,
    "doubles": 4,
    "h": 11,
    "hr": 1,
    "iso": 0.17073170731707316,
    "k": 9,
    "obp": 0.2857142857142857,
    "ops": 0.7247386759581882,
    "ops_plus": 106,
    "slg": 0.43902439024390244,
    "triples": 0,
    "woba": 0.3145238095238095,
    "wrc_plus": 106
  },
  "basic_pitching": null,
  "current_team_id": 138,
  "metrics": {
    "barrel_pct_last_50": 0.0,
    "chase_pct_last_50": 0.32,
    "contact_pct_last_50": 0.4915254237288136,
    "hard_hit_pct_last_50": 0.3448275862068966,
    "xwoba_last_50": 0.3078888888888889
  },
  "name": "Pedro Pagés",
  "player_id": 686780,
  "player_name": "Pedro Pagés",
  "recent_unicorns": [],
  "role": "hitter",
  "roles": [
    "hitter"
  ],
  "team_id": 138,
  "team_name": "STL"
}
