{
  "basic_batting": {
    "avg": 0.274,
    "babip": 0.2893081761006289,
    "bb": 38,
    "doubles": 18,
    "h": 111,
    "hr": 19,
    "iso": 0.19499999999999995,
    "k": 68,
    "obp": 0.341,
    "ops": 0.81,
    "ops_plus": 133.1780273944831,
    "slg": 0.469,
    "triples": 2,
    "woba": 0.35529147982062775,
    "wrc_plus": 115.55937429179201
  },
  "basic_pitching": null,
  "current_team_id": 144,
  "metrics": {
    "barrel_pct_last_50": 0.038461538461538464,
    "chase_pct_last_50": 0.2972972972972973,
    "contact_pct_last_50": 0.3880597014925373,
    "hard_hit_pct_last_50": 0.6923076923076923,
    "xwoba_last_50": 0.3278787878787879
  },
  "name": "Drake Baldwin",
  "player_id": 686948,
  "player_name": "Drake Baldwin",
  "recent_unicorns": [
    {
      "description": "Drake Baldwin has the best xwOBA in MLB in 3-2 counts.",
      "metric_value": 0.601833,
      "pattern_id": "UNQ-H-0021",
      "run_date": "2025-03-30",
      "score": 1.799664
    }
  ],
  "role": "hitter",
  "roles": [
    "hitter"
  ],
  "team_id": 144,
  "team_name": "ATL"
}
