{
  "basic_batting": {
    "avg": 0.216,
    "babip": 0.28421052631578947,
    "bb": 42,
    "doubles": 15,
    "h": 86,
    "hr": 5,
    "iso": 0.07999999999999999,
    "k": 111,
    "obp": 0.305,
    "ops": 0.601,
    "ops_plus": 76.14064064064064,
    "slg": 0.296,
    "triples": 1,
    "woba": 0.2763796909492274,
    "wrc_plus": 89.89313272914933
  },
  "basic_pitching": null,
  "current_team_id": 138,
  "metrics": {
    "barrel_pct_last_50": 0.027777777777777776,
    "chase_pct_last_50": 0.27450980392156865,
    "contact_pct_last_50": 0.35294117647058826,
    "hard_hit_pct_last_50": 0.3333333333333333,
    "xwoba_last_50": 0.20746938775510204
  },
  "name": "Victor Scott II",
  "player_id": 687363,
  "player_name": "Victor Scott II",
  "recent_unicorns": [],
  "role": "hitter",
  "roles": [
    "hitter"
  ],
  "team_id": 138,
  "team_name": "STL"
}
