{
  "current_team_id": 138,
  "metrics": {
    "barrel_pct_last_50": 0.027777777777777776,
    "chase_pct_last_50": 0.27450980392156865,
    "contact_pct_last_50": 0.35294117647058826,
    "hard_hit_pct_last_50": 0.3333333333333333,
    "xwoba_last_50": 0.20746938775510204
  },
  "name": "Victor Scott II",
  "player_id": 687363,
  "player_name": "Victor Scott II",
  "recent_unicorns": [],
  "role": "hitter",
  "roles": [
    "hitter"
  ],
  "team_id": 138,
  "team_name": "STL"
}
