{
  "basic_batting": {
    "avg": 0.21311475409836064,
    "babip": 0.2549019607843137,
    "bb": 7,
    "doubles": 1,
    "h": 13,
    "hr": 0,
    "iso": 0.016393442622950838,
    "k": 10,
    "obp": 0.30434782608695654,
    "ops": 0.533856022808268,
    "ops_plus": 58,
    "slg": 0.22950819672131148,
    "triples": 0,
    "woba": 0.2536231884057971,
    "wrc_plus": 48
  },
  "basic_pitching": null,
  "current_team_id": 158,
  "metrics": {
    "barrel_pct_last_50": 0.0,
    "chase_pct_last_50": 0.2702702702702703,
    "contact_pct_last_50": 0.4878048780487805,
    "hard_hit_pct_last_50": 0.375,
    "xwoba_last_50": 0.24710416666666668
  },
  "name": "Joey Ortiz",
  "player_id": 687401,
  "player_name": "Joey Ortiz",
  "recent_unicorns": [],
  "role": "hitter",
  "roles": [
    "hitter"
  ],
  "team_id": 158,
  "team_name": "MIL"
}
