{
  "basic_batting": {
    "avg": 0.224,
    "babip": 0.26229508196721313,
    "bb": 21,
    "doubles": 9,
    "h": 36,
    "hr": 4,
    "iso": 0.142,
    "k": 36,
    "obp": 0.311,
    "ops": 0.678,
    "ops_plus": 89.44054538142493,
    "slg": 0.366,
    "triples": 1,
    "woba": 0.30338797814207646,
    "wrc_plus": 95.46966373632543
  },
  "basic_pitching": null,
  "current_team_id": 146,
  "metrics": {
    "barrel_pct_last_50": 0.03125,
    "chase_pct_last_50": 0.3815789473684211,
    "contact_pct_last_50": 0.4266666666666667,
    "hard_hit_pct_last_50": 0.40625,
    "xwoba_last_50": 0.24578048780487805
  },
  "name": "Graham Pauley",
  "player_id": 688363,
  "player_name": "Graham Pauley",
  "recent_unicorns": [],
  "role": "hitter",
  "roles": [
    "hitter"
  ],
  "team_id": 146,
  "team_name": "MIA"
}
