{
  "basic_batting": {
    "avg": 0.247,
    "babip": 0.2783882783882784,
    "bb": 43,
    "doubles": 13,
    "h": 82,
    "hr": 6,
    "iso": 0.09899999999999998,
    "k": 56,
    "obp": 0.346,
    "ops": 0.693,
    "ops_plus": 95.59259648135811,
    "slg": 0.346,
    "triples": 1,
    "woba": 0.3154005167958656,
    "wrc_plus": 99.2497509794653
  },
  "basic_pitching": null,
  "current_team_id": 146,
  "metrics": {
    "barrel_pct_last_50": 0.0,
    "chase_pct_last_50": 0.23636363636363636,
    "contact_pct_last_50": 0.46296296296296297,
    "hard_hit_pct_last_50": 0.3333333333333333,
    "xwoba_last_50": 0.2803
  },
  "name": "Liam Hicks",
  "player_id": 689414,
  "player_name": "Liam Hicks",
  "recent_unicorns": [],
  "role": "hitter",
  "roles": [
    "hitter"
  ],
  "team_id": 146,
  "team_name": "MIA"
}
