{
  "basic_batting": {
    "avg": 0.253,
    "babip": 0.3010471204188482,
    "bb": 34,
    "doubles": 27,
    "h": 124,
    "hr": 9,
    "iso": 0.10999999999999999,
    "k": 102,
    "obp": 0.31,
    "ops": 0.673,
    "ops_plus": 95.34447105333179,
    "slg": 0.363,
    "triples": 0,
    "woba": 0.3004299065420561,
    "wrc_plus": 97.71552089025329
  },
  "basic_pitching": null,
  "current_team_id": 138,
  "metrics": {
    "barrel_pct_last_50": 0.0,
    "chase_pct_last_50": 0.21176470588235294,
    "contact_pct_last_50": 0.33766233766233766,
    "hard_hit_pct_last_50": 0.38461538461538464,
    "xwoba_last_50": 0.21207142857142858
  },
  "name": "Masyn Winn",
  "player_id": 691026,
  "player_name": "Masyn Winn",
  "recent_unicorns": [],
  "role": "hitter",
  "roles": [
    "hitter"
  ],
  "team_id": 138,
  "team_name": "STL"
}
