{
  "basic_batting": {
    "avg": 0.27450980392156865,
    "babip": 0.37142857142857144,
    "bb": 6,
    "doubles": 5,
    "h": 14,
    "hr": 1,
    "iso": 0.1568627450980392,
    "k": 15,
    "obp": 0.3620689655172414,
    "ops": 0.7934415145368492,
    "ops_plus": 129,
    "slg": 0.43137254901960786,
    "triples": 0,
    "woba": 0.3522413793103448,
    "wrc_plus": 217
  },
  "basic_pitching": null,
  "current_team_id": 147,
  "metrics": {
    "barrel_pct_last_50": 0.029411764705882353,
    "chase_pct_last_50": 0.41935483870967744,
    "contact_pct_last_50": 0.3541666666666667,
    "hard_hit_pct_last_50": 0.4411764705882353,
    "xwoba_last_50": 0.27044
  },
  "name": "Jasson Domínguez",
  "player_id": 691176,
  "player_name": "Jasson Domínguez",
  "recent_unicorns": [],
  "role": "hitter",
  "roles": [
    "hitter"
  ],
  "team_id": 147,
  "team_name": "NYY"
}
