{
  "current_team_id": 139,
  "metrics": {
    "barrel_pct_last_50": 0.02631578947368421,
    "chase_pct_last_50": 0.42592592592592593,
    "contact_pct_last_50": 0.34234234234234234,
    "hard_hit_pct_last_50": 0.4473684210526316,
    "xwoba_last_50": 0.3077
  },
  "name": "Junior Caminero",
  "player_id": 691406,
  "player_name": "Junior Caminero",
  "recent_unicorns": [],
  "role": "hitter",
  "roles": [
    "hitter"
  ],
  "team_id": 139,
  "team_name": "TB"
}
