{
  "basic_batting": {
    "avg": 0.264,
    "babip": 0.25968109339407747,
    "bb": 41,
    "doubles": 28,
    "h": 159,
    "hr": 45,
    "iso": 0.271,
    "k": 125,
    "obp": 0.311,
    "ops": 0.846,
    "ops_plus": 140.82424323057236,
    "slg": 0.535,
    "triples": 0,
    "woba": 0.36301684532924966,
    "wrc_plus": 118.07206726377785
  },
  "basic_pitching": null,
  "current_team_id": 139,
  "metrics": {
    "barrel_pct_last_50": 0.02631578947368421,
    "chase_pct_last_50": 0.42592592592592593,
    "contact_pct_last_50": 0.34234234234234234,
    "hard_hit_pct_last_50": 0.4473684210526316,
    "xwoba_last_50": 0.3077
  },
  "name": "Junior Caminero",
  "player_id": 691406,
  "player_name": "Junior Caminero",
  "recent_unicorns": [],
  "role": "hitter",
  "roles": [
    "hitter"
  ],
  "team_id": 139,
  "team_name": "TB"
}
