{
  "basic_batting": {
    "avg": 0.35,
    "babip": 0.4482758620689655,
    "bb": 2,
    "doubles": 1,
    "h": 14,
    "hr": 1,
    "iso": 0.10000000000000003,
    "k": 11,
    "obp": 0.37209302325581395,
    "ops": 0.8220930232558139,
    "ops_plus": 136,
    "slg": 0.45,
    "triples": 0,
    "woba": 0.35883720930232554,
    "wrc_plus": 112
  },
  "basic_pitching": {
    "babip": 0.45454545454545453,
    "bb": 5,
    "era": 16.39,
    "fip": 10.089872720119736,
    "h": 24,
    "hr": 4,
    "ip": 9.1,
    "whip": 3.107
  },
  "current_team_id": 146,
  "metrics": {
    "barrel_pct_last_50": 0.0333,
    "chase_pct_last_50": 0.3433,
    "contact_pct_last_50": 0.4366,
    "hard_hit_pct_last_50": 0.3667,
    "xwoba_last_50": 0.2613
  },
  "name": "Javier Sanoja",
  "player_id": 691594,
  "player_name": "Javier Sanoja",
  "recent_unicorns": [],
  "role": "reliever",
  "roles": [
    "reliever"
  ],
  "team_id": 146,
  "team_name": "MIA"
}
