{
  "basic_batting": {
    "avg": 0.10714285714285714,
    "babip": 0.17647058823529413,
    "bb": 2,
    "doubles": 1,
    "h": 3,
    "hr": 0,
    "iso": 0.03571428571428571,
    "k": 11,
    "obp": 0.16666666666666666,
    "ops": 0.30952380952380953,
    "ops_plus": -9,
    "slg": 0.14285714285714285,
    "triples": 0,
    "woba": 0.14766666666666667,
    "wrc_plus": -17
  },
  "basic_pitching": null,
  "current_team_id": 115,
  "metrics": {
    "barrel_pct_last_50": 0.0,
    "chase_pct_last_50": 0.32653061224489793,
    "contact_pct_last_50": 0.265625,
    "hard_hit_pct_last_50": 0.23529411764705882,
    "xwoba_last_50": 0.10021428571428571
  },
  "name": "Zac Veen",
  "player_id": 691728,
  "player_name": "Zac Veen",
  "recent_unicorns": [],
  "role": "hitter",
  "roles": [
    "hitter"
  ],
  "team_id": 115,
  "team_name": "COL"
}
