{
  "basic_batting": {
    "avg": 0.3023255813953488,
    "babip": 0.3793103448275862,
    "bb": 0,
    "doubles": 2,
    "h": 13,
    "hr": 2,
    "iso": 0.2325581395348837,
    "k": 12,
    "obp": 0.3181818181818182,
    "ops": 0.8530655391120507,
    "ops_plus": 142,
    "slg": 0.5348837209302325,
    "triples": 1,
    "woba": 0.36818181818181817,
    "wrc_plus": 190
  },
  "basic_pitching": null,
  "current_team_id": 116,
  "metrics": {
    "barrel_pct_last_50": 0.0967741935483871,
    "chase_pct_last_50": 0.35,
    "contact_pct_last_50": 0.34065934065934067,
    "hard_hit_pct_last_50": 0.5161290322580645,
    "xwoba_last_50": 0.3569090909090909
  },
  "name": "Dillon Dingler",
  "player_id": 693307,
  "player_name": "Dillon Dingler",
  "recent_unicorns": [],
  "role": "hitter",
  "roles": [
    "hitter"
  ],
  "team_id": 116,
  "team_name": "DET"
}
