{
  "basic_batting": {
    "avg": 0.3333333333333333,
    "babip": null,
    "bb": 0,
    "doubles": 0,
    "h": 1,
    "hr": 1,
    "iso": 1.0,
    "k": 2,
    "obp": 0.3333333333333333,
    "ops": 1.6666666666666665,
    "ops_plus": 352,
    "slg": 1.3333333333333333,
    "triples": 0,
    "woba": 0.7000000000000001,
    "wrc_plus": 603
  },
  "basic_pitching": null,
  "current_team_id": 134,
  "metrics": {
    "barrel_pct_last_50": 0.0,
    "chase_pct_last_50": 0.25,
    "contact_pct_last_50": 0.14285714285714285,
    "hard_hit_pct_last_50": 1.0,
    "xwoba_last_50": 0.24966666666666668
  },
  "name": "Nick Gonzales",
  "player_id": 693304,
  "player_name": "Nick Gonzales",
  "recent_unicorns": [],
  "role": "hitter",
  "roles": [
    "hitter"
  ],
  "team_id": 134,
  "team_name": "PIT"
}
