{
  "basic_batting": {
    "avg": 0.275,
    "babip": 0.30357142857142855,
    "bb": 1,
    "doubles": 6,
    "h": 22,
    "hr": 5,
    "iso": 0.2875,
    "k": 20,
    "obp": 0.2804878048780488,
    "ops": 0.8429878048780488,
    "ops_plus": 137,
    "slg": 0.5625,
    "triples": 1,
    "woba": 0.35768292682926833,
    "wrc_plus": 161
  },
  "basic_pitching": null,
  "current_team_id": 158,
  "metrics": {
    "barrel_pct_last_50": 0.0,
    "chase_pct_last_50": 0.45454545454545453,
    "contact_pct_last_50": 0.45161290322580644,
    "hard_hit_pct_last_50": 0.38095238095238093,
    "xwoba_last_50": 0.2911
  },
  "name": "Jackson Chourio",
  "player_id": 694192,
  "player_name": "Jackson Chourio",
  "recent_unicorns": [],
  "role": "hitter",
  "roles": [
    "hitter"
  ],
  "team_id": 158,
  "team_name": "MIL"
}
