{
  "basic_batting": {
    "avg": 0.271,
    "babip": 0.30963302752293576,
    "bb": 31,
    "doubles": 38,
    "h": 158,
    "hr": 23,
    "iso": 0.19799999999999995,
    "k": 130,
    "obp": 0.308,
    "ops": 0.777,
    "ops_plus": 114.01979542794427,
    "slg": 0.469,
    "triples": 4,
    "woba": 0.3360513643659711,
    "wrc_plus": 105.74812802611551
  },
  "basic_pitching": null,
  "current_team_id": 158,
  "metrics": {
    "barrel_pct_last_50": 0.0,
    "chase_pct_last_50": 0.45454545454545453,
    "contact_pct_last_50": 0.45161290322580644,
    "hard_hit_pct_last_50": 0.38095238095238093,
    "xwoba_last_50": 0.2911
  },
  "name": "Jackson Chourio",
  "player_id": 694192,
  "player_name": "Jackson Chourio",
  "recent_unicorns": [],
  "role": "hitter",
  "roles": [
    "hitter"
  ],
  "team_id": 158,
  "team_name": "MIL"
}
