{
  "basic_batting": {
    "avg": 0.201,
    "babip": 0.25190839694656486,
    "bb": 20,
    "doubles": 8,
    "h": 40,
    "hr": 7,
    "iso": 0.14599999999999996,
    "k": 64,
    "obp": 0.274,
    "ops": 0.62,
    "ops_plus": 72.98639024181944,
    "slg": 0.347,
    "triples": 0,
    "woba": 0.27636771300448426,
    "wrc_plus": 86.9669681366196
  },
  "basic_pitching": null,
  "current_team_id": 109,
  "metrics": {
    "barrel_pct_last_50": 0.0,
    "chase_pct_last_50": 0.5333333333333333,
    "contact_pct_last_50": 0.52,
    "hard_hit_pct_last_50": 0.23076923076923078,
    "xwoba_last_50": 0.2626
  },
  "name": "Tim Tawa",
  "player_id": 694374,
  "player_name": "Tim Tawa",
  "recent_unicorns": [],
  "role": "hitter",
  "roles": [
    "hitter"
  ],
  "team_id": 109,
  "team_name": "AZ"
}
