{
  "basic_batting": {
    "avg": 0.21428571428571427,
    "babip": 0.23076923076923078,
    "bb": 1,
    "doubles": 1,
    "h": 3,
    "hr": 0,
    "iso": 0.07142857142857142,
    "k": 2,
    "obp": 0.25,
    "ops": 0.5357142857142857,
    "ops_plus": 55,
    "slg": 0.2857142857142857,
    "triples": 0,
    "woba": 0.23374999999999999,
    "wrc_plus": 176
  },
  "basic_pitching": null,
  "current_team_id": 109,
  "metrics": {
    "barrel_pct_last_50": 0.0,
    "chase_pct_last_50": 0.5333333333333333,
    "contact_pct_last_50": 0.52,
    "hard_hit_pct_last_50": 0.23076923076923078,
    "xwoba_last_50": 0.2626
  },
  "name": "Tim Tawa",
  "player_id": 694374,
  "player_name": "Tim Tawa",
  "recent_unicorns": [],
  "role": "hitter",
  "roles": [
    "hitter"
  ],
  "team_id": 109,
  "team_name": "AZ"
}
