{
  "basic_batting": {
    "avg": 0.4,
    "babip": 0.5,
    "bb": 0,
    "doubles": 4,
    "h": 14,
    "hr": 1,
    "iso": 0.19999999999999996,
    "k": 9,
    "obp": 0.3888888888888889,
    "ops": 0.9888888888888889,
    "ops_plus": 180,
    "slg": 0.6,
    "triples": 0,
    "woba": 0.42194444444444446,
    "wrc_plus": 175
  },
  "basic_pitching": null,
  "current_team_id": 138,
  "metrics": {
    "barrel_pct_last_50": 0.0,
    "chase_pct_last_50": 0.38636363636363635,
    "contact_pct_last_50": 0.3333333333333333,
    "hard_hit_pct_last_50": 0.5,
    "xwoba_last_50": 0.3209
  },
  "name": "Thomas Saggese",
  "player_id": 695336,
  "player_name": "Thomas Saggese",
  "recent_unicorns": [],
  "role": "hitter",
  "roles": [
    "hitter"
  ],
  "team_id": 138,
  "team_name": "STL"
}
