{
  "basic_batting": {
    "avg": 0.4444444444444444,
    "babip": 0.5,
    "bb": 0,
    "doubles": 0,
    "h": 8,
    "hr": 1,
    "iso": 0.16666666666666674,
    "k": 4,
    "obp": 0.42105263157894735,
    "ops": 1.0321637426900585,
    "ops_plus": 195,
    "slg": 0.6111111111111112,
    "triples": 0,
    "woba": 0.43842105263157893,
    "wrc_plus": 123
  },
  "basic_pitching": null,
  "current_team_id": 138,
  "metrics": {
    "barrel_pct_last_50": 0.0,
    "chase_pct_last_50": 0.2857142857142857,
    "contact_pct_last_50": 0.37142857142857144,
    "hard_hit_pct_last_50": 0.38461538461538464,
    "xwoba_last_50": 0.3078823529411765
  },
  "name": "Thomas Saggese",
  "player_id": 695336,
  "player_name": "Thomas Saggese",
  "recent_unicorns": [],
  "role": "hitter",
  "roles": [
    "hitter"
  ],
  "team_id": 138,
  "team_name": "STL"
}
