{
  "basic_batting": {
    "avg": 0.256,
    "babip": 0.3495702005730659,
    "bb": 85,
    "doubles": 38,
    "h": 153,
    "hr": 31,
    "iso": 0.21899999999999997,
    "k": 221,
    "obp": 0.35,
    "ops": 0.825,
    "ops_plus": 137.6577210121514,
    "slg": 0.475,
    "triples": 0,
    "woba": 0.3612917271407838,
    "wrc_plus": 117.5109685891371
  },
  "basic_pitching": null,
  "current_team_id": 120,
  "metrics": {
    "barrel_pct_last_50": 0.12121212121212122,
    "chase_pct_last_50": 0.33980582524271846,
    "contact_pct_last_50": 0.35789473684210527,
    "hard_hit_pct_last_50": 0.6363636363636364,
    "xwoba_last_50": 0.3946938775510204
  },
  "name": "James Wood",
  "player_id": 695578,
  "player_name": "James Wood",
  "recent_unicorns": [
    {
      "description": "James Wood: average exit velocity vs 95+ mph fastballs = 104.820 mph (last 50 AB).",
      "metric_value": 104.82,
      "pattern_id": "UNQ-H-0523",
      "run_date": "2025-04-15",
      "score": 104.82
    }
  ],
  "role": "hitter",
  "roles": [
    "hitter"
  ],
  "team_id": 120,
  "team_name": "WSH"
}
