{
  "basic_batting": {
    "avg": 0.278,
    "babip": 0.33147632311977715,
    "bb": 33,
    "doubles": 28,
    "h": 150,
    "hr": 31,
    "iso": 0.242,
    "k": 152,
    "obp": 0.323,
    "ops": 0.843,
    "ops_plus": 131.42287557312895,
    "slg": 0.52,
    "triples": 5,
    "woba": 0.36433506044905006,
    "wrc_plus": 114.64839813835923
  },
  "basic_pitching": null,
  "current_team_id": 115,
  "metrics": {
    "barrel_pct_last_50": 0.058823529411764705,
    "chase_pct_last_50": 0.5185185185185185,
    "contact_pct_last_50": 0.3238095238095238,
    "hard_hit_pct_last_50": 0.4411764705882353,
    "xwoba_last_50": 0.30186
  },
  "name": "Hunter Goodman",
  "player_id": 696100,
  "player_name": "Hunter Goodman",
  "recent_unicorns": [],
  "role": "hitter",
  "roles": [
    "hitter"
  ],
  "team_id": 115,
  "team_name": "COL"
}
