{
  "basic_batting": {
    "avg": 0.231,
    "babip": 0.28294573643410853,
    "bb": 27,
    "doubles": 10,
    "h": 75,
    "hr": 2,
    "iso": 0.055999999999999966,
    "k": 65,
    "obp": 0.296,
    "ops": 0.583,
    "ops_plus": 70.87332395686825,
    "slg": 0.287,
    "triples": 1,
    "woba": 0.26616901408450705,
    "wrc_plus": 86.57208649922437
  },
  "basic_pitching": null,
  "current_team_id": 120,
  "metrics": {
    "barrel_pct_last_50": 0.0,
    "chase_pct_last_50": 0.2,
    "contact_pct_last_50": 0.5531914893617021,
    "hard_hit_pct_last_50": 0.3076923076923077,
    "xwoba_last_50": 0.2663793103448276
  },
  "name": "Jacob Young",
  "player_id": 696285,
  "player_name": "Jacob Young",
  "recent_unicorns": [],
  "role": "hitter",
  "roles": [
    "hitter"
  ],
  "team_id": 120,
  "team_name": "WSH"
}
