{
  "basic_batting": {
    "avg": 0.231,
    "babip": 0.2616822429906542,
    "bb": 49,
    "doubles": 19,
    "h": 111,
    "hr": 27,
    "iso": 0.216,
    "k": 138,
    "obp": 0.309,
    "ops": 0.756,
    "ops_plus": 117.07520051697267,
    "slg": 0.447,
    "triples": 2,
    "woba": 0.33095764272559847,
    "wrc_plus": 107.64473758212579
  },
  "basic_pitching": null,
  "current_team_id": 114,
  "metrics": {
    "barrel_pct_last_50": 0.029411764705882353,
    "chase_pct_last_50": 0.26582278481012656,
    "contact_pct_last_50": 0.37362637362637363,
    "hard_hit_pct_last_50": 0.38235294117647056,
    "xwoba_last_50": 0.258
  },
  "name": "Kyle Manzardo",
  "player_id": 700932,
  "player_name": "Kyle Manzardo",
  "recent_unicorns": [],
  "role": "hitter",
  "roles": [
    "hitter"
  ],
  "team_id": 114,
  "team_name": "CLE"
}
