{
  "current_team_id": 114,
  "metrics": {
    "barrel_pct_last_50": 0.029411764705882353,
    "chase_pct_last_50": 0.26582278481012656,
    "contact_pct_last_50": 0.37362637362637363,
    "hard_hit_pct_last_50": 0.38235294117647056,
    "xwoba_last_50": 0.258
  },
  "name": "Kyle Manzardo",
  "player_id": 700932,
  "player_name": "Kyle Manzardo",
  "recent_unicorns": [],
  "role": "hitter",
  "roles": [
    "hitter"
  ],
  "team_id": 114,
  "team_name": "CLE"
}
