{
  "basic_batting": {
    "avg": 0.21428571428571427,
    "babip": 0.27586206896551724,
    "bb": 4,
    "doubles": 0,
    "h": 9,
    "hr": 1,
    "iso": 0.11904761904761904,
    "k": 12,
    "obp": 0.2978723404255319,
    "ops": 0.6312056737588652,
    "ops_plus": 83,
    "slg": 0.3333333333333333,
    "triples": 1,
    "woba": 0.28574468085106386,
    "wrc_plus": 107
  },
  "basic_pitching": null,
  "current_team_id": 117,
  "metrics": {
    "barrel_pct_last_50": 0.0,
    "chase_pct_last_50": 0.25,
    "contact_pct_last_50": 0.4225352112676056,
    "hard_hit_pct_last_50": 0.43333333333333335,
    "xwoba_last_50": 0.265046511627907
  },
  "name": "Cam Smith",
  "player_id": 701358,
  "player_name": "Cam Smith",
  "recent_unicorns": [],
  "role": "hitter",
  "roles": [
    "hitter"
  ],
  "team_id": 117,
  "team_name": "HOU"
}
