{
  "basic_batting": {
    "avg": 0.236,
    "babip": 0.31986531986531985,
    "bb": 43,
    "doubles": 21,
    "h": 104,
    "hr": 9,
    "iso": 0.122,
    "k": 137,
    "obp": 0.312,
    "ops": 0.671,
    "ops_plus": 87.77493382283525,
    "slg": 0.358,
    "triples": 3,
    "woba": 0.3008722109533469,
    "wrc_plus": 94.6780059751388
  },
  "basic_pitching": null,
  "current_team_id": 117,
  "metrics": {
    "barrel_pct_last_50": 0.0,
    "chase_pct_last_50": 0.25,
    "contact_pct_last_50": 0.4225352112676056,
    "hard_hit_pct_last_50": 0.43333333333333335,
    "xwoba_last_50": 0.265046511627907
  },
  "name": "Cam Smith",
  "player_id": 701358,
  "player_name": "Cam Smith",
  "recent_unicorns": [],
  "role": "hitter",
  "roles": [
    "hitter"
  ],
  "team_id": 117,
  "team_name": "HOU"
}
