{
  "basic_batting": {
    "avg": 0.2765957446808511,
    "babip": 0.3076923076923077,
    "bb": 3,
    "doubles": 3,
    "h": 13,
    "hr": 1,
    "iso": 0.12765957446808507,
    "k": 8,
    "obp": 0.33962264150943394,
    "ops": 0.7438779606583701,
    "ops_plus": 114,
    "slg": 0.40425531914893614,
    "triples": 0,
    "woba": 0.3288679245283019,
    "wrc_plus": 40
  },
  "basic_pitching": null,
  "current_team_id": 141,
  "metrics": {
    "barrel_pct_last_50": 0.0,
    "chase_pct_last_50": 0.34444444444444444,
    "contact_pct_last_50": 0.4444444444444444,
    "hard_hit_pct_last_50": 0.3,
    "xwoba_last_50": 0.21608
  },
  "name": "Alan Roden",
  "player_id": 702176,
  "player_name": "Alan Roden",
  "recent_unicorns": [],
  "role": "hitter",
  "roles": [
    "hitter"
  ],
  "team_id": 141,
  "team_name": "TOR"
}
