{
  "basic_batting": {
    "avg": 0.23214285714285715,
    "babip": 0.2608695652173913,
    "bb": 4,
    "doubles": 3,
    "h": 13,
    "hr": 1,
    "iso": 0.10714285714285715,
    "k": 11,
    "obp": 0.3076923076923077,
    "ops": 0.646978021978022,
    "ops_plus": 86,
    "slg": 0.3392857142857143,
    "triples": 0,
    "woba": 0.28984615384615386,
    "wrc_plus": 33
  },
  "basic_pitching": null,
  "current_team_id": 141,
  "metrics": {
    "barrel_pct_last_50": 0.0,
    "chase_pct_last_50": 0.30952380952380953,
    "contact_pct_last_50": 0.4418604651162791,
    "hard_hit_pct_last_50": 0.3157894736842105,
    "xwoba_last_50": 0.22552
  },
  "name": "Alan Roden",
  "player_id": 702176,
  "player_name": "Alan Roden",
  "recent_unicorns": [],
  "role": "hitter",
  "roles": [
    "hitter"
  ],
  "team_id": 141,
  "team_name": "TOR"
}
