{
  "basic_batting": {
    "avg": 0.242,
    "babip": 0.29069767441860467,
    "bb": 56,
    "doubles": 21,
    "h": 142,
    "hr": 17,
    "iso": 0.133,
    "k": 140,
    "obp": 0.314,
    "ops": 0.69,
    "ops_plus": 99.78582886684153,
    "slg": 0.375,
    "triples": 3,
    "woba": 0.3082896764252696,
    "wrc_plus": 100.27192919545715
  },
  "basic_pitching": null,
  "current_team_id": 110,
  "metrics": {
    "barrel_pct_last_50": 0.0,
    "chase_pct_last_50": 0.20512820512820512,
    "contact_pct_last_50": 0.3977272727272727,
    "hard_hit_pct_last_50": 0.4,
    "xwoba_last_50": 0.25748936170212766
  },
  "name": "Jackson Holliday",
  "player_id": 702616,
  "player_name": "Jackson Holliday",
  "recent_unicorns": [],
  "role": "hitter",
  "roles": [
    "hitter"
  ],
  "team_id": 110,
  "team_name": "BAL"
}
