{
  "basic_batting": {
    "avg": 0.2127659574468085,
    "babip": 0.2647058823529412,
    "bb": 1,
    "doubles": 1,
    "h": 10,
    "hr": 1,
    "iso": 0.1276595744680851,
    "k": 12,
    "obp": 0.22916666666666666,
    "ops": 0.5695921985815603,
    "ops_plus": 62,
    "slg": 0.3404255319148936,
    "triples": 1,
    "woba": 0.24812499999999996,
    "wrc_plus": 91
  },
  "basic_pitching": null,
  "current_team_id": 110,
  "metrics": {
    "barrel_pct_last_50": 0.0,
    "chase_pct_last_50": 0.20512820512820512,
    "contact_pct_last_50": 0.3977272727272727,
    "hard_hit_pct_last_50": 0.4,
    "xwoba_last_50": 0.25748936170212766
  },
  "name": "Jackson Holliday",
  "player_id": 702616,
  "player_name": "Jackson Holliday",
  "recent_unicorns": [],
  "role": "hitter",
  "roles": [
    "hitter"
  ],
  "team_id": 110,
  "team_name": "BAL"
}
