{
  "basic_batting": {
    "avg": 0.1836734693877551,
    "babip": 0.23529411764705882,
    "bb": 10,
    "doubles": 1,
    "h": 9,
    "hr": 1,
    "iso": 0.0816326530612245,
    "k": 14,
    "obp": 0.3220338983050847,
    "ops": 0.5873400207540643,
    "ops_plus": 72,
    "slg": 0.2653061224489796,
    "triples": 0,
    "woba": 0.2796610169491525,
    "wrc_plus": 68
  },
  "basic_pitching": null,
  "current_team_id": 112,
  "metrics": {
    "barrel_pct_last_50": 0.0,
    "chase_pct_last_50": 0.32608695652173914,
    "contact_pct_last_50": 0.3977272727272727,
    "hard_hit_pct_last_50": 0.22857142857142856,
    "xwoba_last_50": 0.20451020408163265
  },
  "name": "Matt Shaw",
  "player_id": 807713,
  "player_name": "Matt Shaw",
  "recent_unicorns": [],
  "role": "hitter",
  "roles": [
    "hitter"
  ],
  "team_id": 112,
  "team_name": "CHC"
}
