{
  "basic_batting": {
    "avg": 0.222,
    "babip": 0.26,
    "bb": 43,
    "doubles": 21,
    "h": 91,
    "hr": 13,
    "iso": 0.161,
    "k": 101,
    "obp": 0.296,
    "ops": 0.679,
    "ops_plus": 96.07726207219878,
    "slg": 0.383,
    "triples": 3,
    "woba": 0.3006535947712418,
    "wrc_plus": 97.78827600336265
  },
  "basic_pitching": null,
  "current_team_id": 112,
  "metrics": {
    "barrel_pct_last_50": 0.0,
    "chase_pct_last_50": 0.32608695652173914,
    "contact_pct_last_50": 0.3977272727272727,
    "hard_hit_pct_last_50": 0.22857142857142856,
    "xwoba_last_50": 0.20451020408163265
  },
  "name": "Matt Shaw",
  "player_id": 807713,
  "player_name": "Matt Shaw",
  "recent_unicorns": [],
  "role": "hitter",
  "roles": [
    "hitter"
  ],
  "team_id": 112,
  "team_name": "CHC"
}
