{
  "basic_batting": {
    "avg": 0.3333333333333333,
    "babip": 0.36363636363636365,
    "bb": 8,
    "doubles": 10,
    "h": 27,
    "hr": 3,
    "iso": 0.25925925925925924,
    "k": 13,
    "obp": 0.3888888888888889,
    "ops": 0.9814814814814814,
    "ops_plus": 178,
    "slg": 0.5925925925925926,
    "triples": 1,
    "woba": 0.419,
    "wrc_plus": 164
  },
  "basic_pitching": null,
  "current_team_id": 137,
  "metrics": {
    "barrel_pct_last_50": 0.046511627906976744,
    "chase_pct_last_50": 0.3404255319148936,
    "contact_pct_last_50": 0.45263157894736844,
    "hard_hit_pct_last_50": 0.32558139534883723,
    "xwoba_last_50": 0.36446
  },
  "name": "Jung Hoo Lee",
  "player_id": 808982,
  "player_name": "Jung Hoo Lee",
  "recent_unicorns": [],
  "role": "hitter",
  "roles": [
    "hitter"
  ],
  "team_id": 137,
  "team_name": "SF"
}
