{
  "basic_batting": {
    "avg": 0.266,
    "babip": 0.2907216494845361,
    "bb": 47,
    "doubles": 31,
    "h": 149,
    "hr": 8,
    "iso": 0.14099999999999996,
    "k": 71,
    "obp": 0.327,
    "ops": 0.735,
    "ops_plus": 112.38245460650522,
    "slg": 0.407,
    "triples": 12,
    "woba": 0.3234683954619125,
    "wrc_plus": 105.20884261457688
  },
  "basic_pitching": null,
  "current_team_id": 137,
  "metrics": {
    "barrel_pct_last_50": 0.04878048780487805,
    "chase_pct_last_50": 0.2916666666666667,
    "contact_pct_last_50": 0.43157894736842106,
    "hard_hit_pct_last_50": 0.4634146341463415,
    "xwoba_last_50": 0.376
  },
  "name": "Jung Hoo Lee",
  "player_id": 808982,
  "player_name": "Jung Hoo Lee",
  "recent_unicorns": [],
  "role": "hitter",
  "roles": [
    "hitter"
  ],
  "team_id": 137,
  "team_name": "SF"
}
