{
  "basic_batting": {
    "avg": 0.3333333333333333,
    "babip": 0.5,
    "bb": 0,
    "doubles": 0,
    "h": 1,
    "hr": 0,
    "iso": 0.0,
    "k": 1,
    "obp": 0.3333333333333333,
    "ops": 0.6666666666666666,
    "ops_plus": 94,
    "slg": 0.3333333333333333,
    "triples": 0,
    "woba": 0.2966666666666667,
    "wrc_plus": 12
  },
  "basic_pitching": null,
  "current_team_id": 136,
  "metrics": {
    "barrel_pct_last_50": 0.0,
    "chase_pct_last_50": 0.3333333333333333,
    "contact_pct_last_50": 0.16666666666666666,
    "hard_hit_pct_last_50": 0.5,
    "xwoba_last_50": 0.3473333333333333
  },
  "name": "Ben Williamson",
  "player_id": 810938,
  "player_name": "Ben Williamson",
  "recent_unicorns": [],
  "role": "hitter",
  "roles": [
    "hitter"
  ],
  "team_id": 136,
  "team_name": "SEA"
}
