{
  "basic_batting": {
    "avg": 0.3050847457627119,
    "babip": 0.3783783783783784,
    "bb": 18,
    "doubles": 2,
    "h": 18,
    "hr": 4,
    "iso": 0.23728813559322032,
    "k": 18,
    "obp": 0.4675324675324675,
    "ops": 1.0099053488883998,
    "slg": 0.5423728813559322,
    "triples": 0,
    "woba": 0.44207792207792207
  },
  "basic_pitching": null,
  "current_team_id": 144,
  "metrics": {
    "barrel_pct_last_50": 0.0,
    "chase_pct_last_50": 0.2604166666666667,
    "contact_pct_last_50": 0.4146341463414634,
    "hard_hit_pct_last_50": 0.5588235294117647,
    "xwoba_last_50": 0.34646
  },
  "name": "Marcell Ozuna",
  "player_id": 542303,
  "player_name": "Marcell Ozuna",
  "recent_unicorns": [
    {
      "description": "Marcell Ozuna owns the lowest chase rate over his last 50 PA.",
      "metric_value": 0.0,
      "pattern_id": "UNQ-H-0004",
      "run_date": "2025-03-27",
      "score": 0.739684
    }
  ],
  "role": "hitter",
  "roles": [
    "hitter"
  ],
  "team_id": 144,
  "team_name": "ATL"
}
