{
  "basic_batting": {
    "avg": 0.18181818181818182,
    "babip": 0.2222222222222222,
    "bb": 2,
    "doubles": 0,
    "h": 4,
    "hr": 0,
    "iso": 0.0,
    "k": 4,
    "obp": 0.28,
    "ops": 0.46181818181818185,
    "slg": 0.18181818181818182,
    "triples": 0,
    "woba": 0.22640000000000002
  },
  "basic_pitching": {
    "babip": 0.26666666666666666,
    "bb": 4,
    "era": 7.36,
    "fip": 6.398314278561294,
    "h": 4,
    "hr": 0,
    "ip": 3.2,
    "whip": 2.182
  },
  "current_team_id": 112,
  "metrics": {
    "barrel_pct_last_50": 0.0,
    "chase_pct_last_50": 0.2222222222222222,
    "contact_pct_last_50": 0.40540540540540543,
    "hard_hit_pct_last_50": 0.4,
    "xwoba_last_50": 0.262
  },
  "name": "Jon Berti",
  "player_id": 542932,
  "player_name": "Jon Berti",
  "recent_unicorns": [],
  "role": "hitter",
  "roles": [
    "hitter"
  ],
  "team_id": 112,
  "team_name": "CHC"
}
