{
  "basic_batting": {
    "avg": 0.19672131147540983,
    "babip": 0.32432432432432434,
    "bb": 7,
    "doubles": 4,
    "h": 12,
    "hr": 0,
    "iso": 0.0655737704918033,
    "k": 25,
    "obp": 0.2857142857142857,
    "ops": 0.5480093676814988,
    "slg": 0.26229508196721313,
    "triples": 0,
    "woba": 0.2542857142857143
  },
  "basic_pitching": null,
  "current_team_id": 119,
  "metrics": {
    "barrel_pct_last_50": 0.1,
    "chase_pct_last_50": 0.2222222222222222,
    "contact_pct_last_50": 0.30303030303030304,
    "hard_hit_pct_last_50": 0.5,
    "xwoba_last_50": 0.30912
  },
  "name": "Max Muncy",
  "player_id": 571970,
  "player_name": "Max Muncy",
  "recent_unicorns": [],
  "role": "hitter",
  "roles": [
    "hitter"
  ],
  "team_id": 119,
  "team_name": "LAD"
}
