{
  "basic_batting": {
    "avg": 0.15584415584415584,
    "babip": 0.20833333333333334,
    "bb": 8,
    "doubles": 2,
    "h": 12,
    "hr": 2,
    "iso": 0.10389610389610388,
    "k": 27,
    "obp": 0.25287356321839083,
    "ops": 0.5126138229586505,
    "slg": 0.2597402597402597,
    "triples": 0,
    "woba": 0.23931034482758617
  },
  "basic_pitching": null,
  "current_team_id": 117,
  "metrics": {
    "barrel_pct_last_50": 0.03225806451612903,
    "chase_pct_last_50": 0.3173076923076923,
    "contact_pct_last_50": 0.2818181818181818,
    "hard_hit_pct_last_50": 0.2903225806451613,
    "xwoba_last_50": 0.21188
  },
  "name": "Christian Walker",
  "player_id": 572233,
  "player_name": "Christian Walker",
  "recent_unicorns": [],
  "role": "hitter",
  "roles": [
    "hitter"
  ],
  "team_id": 117,
  "team_name": "HOU"
}
