{
  "basic_batting": {
    "avg": 0.2786885245901639,
    "babip": 0.3333333333333333,
    "bb": 12,
    "doubles": 6,
    "h": 17,
    "hr": 3,
    "iso": 0.24590163934426235,
    "k": 16,
    "obp": 0.40540540540540543,
    "ops": 0.9299955693398316,
    "slg": 0.5245901639344263,
    "triples": 0,
    "woba": 0.40594594594594596
  },
  "basic_pitching": {
    "babip": 0.4,
    "bb": 1,
    "era": 18.0,
    "fip": 9.12558700583402,
    "h": 2,
    "hr": 0,
    "ip": 1.0,
    "whip": 3.0
  },
  "current_team_id": 137,
  "metrics": {
    "barrel_pct_last_50": 0.05405405405405406,
    "chase_pct_last_50": 0.3026315789473684,
    "contact_pct_last_50": 0.4065934065934066,
    "hard_hit_pct_last_50": 0.43243243243243246,
    "xwoba_last_50": 0.29942
  },
  "name": "Mike Yastrzemski",
  "player_id": 573262,
  "player_name": "Mike Yastrzemski",
  "recent_unicorns": [],
  "role": "hitter",
  "roles": [
    "hitter"
  ],
  "team_id": 137,
  "team_name": "SF"
}
