{
  "basic_batting": {
    "avg": 0.3048780487804878,
    "babip": 0.3484848484848485,
    "bb": 9,
    "doubles": 9,
    "h": 25,
    "hr": 2,
    "iso": 0.18292682926829268,
    "k": 14,
    "obp": 0.37362637362637363,
    "ops": 0.8614312516751541,
    "slg": 0.4878048780487805,
    "triples": 0,
    "woba": 0.37692307692307697
  },
  "basic_pitching": null,
  "current_team_id": 135,
  "metrics": {
    "barrel_pct_last_50": 0.04878048780487805,
    "chase_pct_last_50": 0.4431818181818182,
    "contact_pct_last_50": 0.36936936936936937,
    "hard_hit_pct_last_50": 0.6341463414634146,
    "xwoba_last_50": 0.40592
  },
  "name": "Manny Machado",
  "player_id": 592518,
  "player_name": "Manny Machado",
  "recent_unicorns": [
    {
      "description": "Manny Machado: 10 balls hit 100+ mph with an 8–32° launch angle in the last 50 AB.",
      "metric_value": 10.0,
      "pattern_id": "UNQ-H-0506",
      "run_date": "2025-04-15",
      "score": 10.0
    }
  ],
  "role": "hitter",
  "roles": [
    "hitter"
  ],
  "team_id": 135,
  "team_name": "SD"
}
