{
  "basic_batting": {
    "avg": 0.14,
    "babip": 0.19444444444444445,
    "bb": 6,
    "doubles": 1,
    "h": 7,
    "hr": 0,
    "iso": 0.01999999999999999,
    "k": 14,
    "obp": 0.23214285714285715,
    "ops": 0.3921428571428571,
    "slg": 0.16,
    "triples": 0,
    "woba": 0.19196428571428573
  },
  "basic_pitching": null,
  "current_team_id": 118,
  "metrics": {
    "barrel_pct_last_50": 0.027777777777777776,
    "chase_pct_last_50": 0.30434782608695654,
    "contact_pct_last_50": 0.4186046511627907,
    "hard_hit_pct_last_50": 0.2777777777777778,
    "xwoba_last_50": 0.15812
  },
  "name": "Hunter Renfroe",
  "player_id": 592669,
  "player_name": "Hunter Renfroe",
  "recent_unicorns": [],
  "role": "hitter",
  "roles": [
    "hitter"
  ],
  "team_id": 118,
  "team_name": "KC"
}
