{
  "basic_batting": {
    "avg": 0.23076923076923078,
    "babip": 0.3333333333333333,
    "bb": 8,
    "doubles": 2,
    "h": 15,
    "hr": 1,
    "iso": 0.1076923076923077,
    "k": 22,
    "obp": 0.3150684931506849,
    "ops": 0.6535300316122234,
    "slg": 0.3384615384615385,
    "triples": 1,
    "woba": 0.2954794520547946
  },
  "basic_pitching": null,
  "current_team_id": 143,
  "metrics": {
    "barrel_pct_last_50": 0.029411764705882353,
    "chase_pct_last_50": 0.25274725274725274,
    "contact_pct_last_50": 0.3695652173913043,
    "hard_hit_pct_last_50": 0.4117647058823529,
    "xwoba_last_50": 0.29888
  },
  "name": "J.T. Realmuto",
  "player_id": 592663,
  "player_name": "J.T. Realmuto",
  "recent_unicorns": [],
  "role": "hitter",
  "roles": [
    "hitter"
  ],
  "team_id": 143,
  "team_name": "PHI"
}
