{
  "basic_batting": {
    "avg": 0.34615384615384615,
    "babip": 0.3488372093023256,
    "bb": 1,
    "doubles": 2,
    "h": 18,
    "hr": 3,
    "iso": 0.21153846153846156,
    "k": 7,
    "obp": 0.35185185185185186,
    "ops": 0.9095441595441596,
    "slg": 0.5576923076923077,
    "triples": 0,
    "woba": 0.3907407407407408
  },
  "basic_pitching": null,
  "current_team_id": 136,
  "metrics": {
    "barrel_pct_last_50": 0.046511627906976744,
    "chase_pct_last_50": 0.30120481927710846,
    "contact_pct_last_50": 0.4942528735632184,
    "hard_hit_pct_last_50": 0.46511627906976744,
    "xwoba_last_50": 0.394734693877551
  },
  "name": "Jorge Polanco",
  "player_id": 593871,
  "player_name": "Jorge Polanco",
  "recent_unicorns": [],
  "role": "hitter",
  "roles": [
    "hitter"
  ],
  "team_id": 136,
  "team_name": "SEA"
}
