{
  "basic_batting": {
    "avg": 0.27058823529411763,
    "babip": 0.2857142857142857,
    "bb": 6,
    "doubles": 4,
    "h": 23,
    "hr": 3,
    "iso": 0.15294117647058825,
    "k": 15,
    "obp": 0.3229166666666667,
    "ops": 0.7464460784313726,
    "slg": 0.4235294117647059,
    "triples": 0,
    "woba": 0.3489361702127659
  },
  "basic_pitching": null,
  "current_team_id": 121,
  "metrics": {
    "barrel_pct_last_50": 0.047619047619047616,
    "chase_pct_last_50": 0.28865979381443296,
    "contact_pct_last_50": 0.4375,
    "hard_hit_pct_last_50": 0.5476190476190477,
    "xwoba_last_50": 0.37206
  },
  "name": "Francisco Lindor",
  "player_id": 596019,
  "player_name": "Francisco Lindor",
  "recent_unicorns": [
    {
      "description": "Francisco Lindor: Δ100+ = 2.925 over the last 50 AB.",
      "metric_value": 2.924528,
      "pattern_id": "UNQ-H-0561",
      "run_date": "2025-04-15",
      "score": 2.924528
    }
  ],
  "role": "hitter",
  "roles": [
    "hitter"
  ],
  "team_id": 121,
  "team_name": "NYM"
}
