{
  "basic_batting": {
    "avg": 0.10526315789473684,
    "babip": 0.16666666666666666,
    "bb": 0,
    "doubles": 1,
    "h": 2,
    "hr": 0,
    "iso": 0.05263157894736842,
    "k": 7,
    "obp": 0.10526315789473684,
    "ops": 0.2631578947368421,
    "slg": 0.15789473684210525,
    "triples": 0,
    "woba": 0.1131578947368421
  },
  "basic_pitching": null,
  "current_team_id": 119,
  "metrics": {
    "barrel_pct_last_50": 0.0,
    "chase_pct_last_50": 0.32142857142857145,
    "contact_pct_last_50": 0.42857142857142855,
    "hard_hit_pct_last_50": 0.08333333333333333,
    "xwoba_last_50": 0.12757894736842104
  },
  "name": "Austin Barnes",
  "player_id": 605131,
  "player_name": "Austin Barnes",
  "recent_unicorns": [],
  "role": "hitter",
  "roles": [
    "hitter"
  ],
  "team_id": 119,
  "team_name": "LAD"
}
