{
  "basic_batting": {
    "avg": 0.24,
    "babip": 0.2222222222222222,
    "bb": 12,
    "doubles": 2,
    "h": 18,
    "hr": 4,
    "iso": 0.1866666666666667,
    "k": 8,
    "obp": 0.3522727272727273,
    "ops": 0.778939393939394,
    "slg": 0.4266666666666667,
    "triples": 0,
    "woba": 0.3479545454545454
  },
  "basic_pitching": null,
  "current_team_id": 119,
  "metrics": {
    "barrel_pct_last_50": 0.0,
    "chase_pct_last_50": 0.2604166666666667,
    "contact_pct_last_50": 0.5641025641025641,
    "hard_hit_pct_last_50": 0.22727272727272727,
    "xwoba_last_50": 0.19598
  },
  "name": "Mookie Betts",
  "player_id": 605141,
  "player_name": "Mookie Betts",
  "recent_unicorns": [],
  "role": "hitter",
  "roles": [
    "hitter"
  ],
  "team_id": 119,
  "team_name": "LAD"
}
