{
  "basic_batting": {
    "avg": 0.14084507042253522,
    "babip": 0.1346153846153846,
    "bb": 11,
    "doubles": 0,
    "h": 10,
    "hr": 3,
    "iso": 0.15492957746478872,
    "k": 16,
    "obp": 0.26506024096385544,
    "ops": 0.5608348888511794,
    "slg": 0.29577464788732394,
    "triples": 1,
    "woba": 0.25987951807228915
  },
  "basic_pitching": null,
  "current_team_id": 120,
  "metrics": {
    "barrel_pct_last_50": 0.05714285714285714,
    "chase_pct_last_50": 0.3132530120481928,
    "contact_pct_last_50": 0.38144329896907214,
    "hard_hit_pct_last_50": 0.45714285714285713,
    "xwoba_last_50": 0.245625
  },
  "name": "Josh Bell",
  "player_id": 605137,
  "player_name": "Josh Bell",
  "recent_unicorns": [],
  "role": "hitter",
  "roles": [
    "hitter"
  ],
  "team_id": 120,
  "team_name": "WSH"
}
