{
  "basic_batting": {
    "avg": 0.2638888888888889,
    "babip": 0.2692307692307692,
    "bb": 2,
    "doubles": 4,
    "h": 19,
    "hr": 5,
    "iso": 0.2638888888888889,
    "k": 16,
    "obp": 0.28,
    "ops": 0.8077777777777778,
    "slg": 0.5277777777777778,
    "triples": 0,
    "woba": 0.33866666666666667
  },
  "basic_pitching": null,
  "current_team_id": 119,
  "metrics": {
    "barrel_pct_last_50": 0.0,
    "chase_pct_last_50": 0.3333333333333333,
    "contact_pct_last_50": 0.45555555555555555,
    "hard_hit_pct_last_50": 0.24390243902439024,
    "xwoba_last_50": 0.26024
  },
  "name": "Teoscar Hernández",
  "player_id": 606192,
  "player_name": "Teoscar Hernández",
  "recent_unicorns": [],
  "role": "hitter",
  "roles": [
    "hitter"
  ],
  "team_id": 119,
  "team_name": "LAD"
}
