{
  "basic_batting": {
    "avg": 0.30434782608695654,
    "babip": 0.3888888888888889,
    "bb": 0,
    "doubles": 2,
    "h": 7,
    "hr": 0,
    "iso": 0.08695652173913043,
    "k": 5,
    "obp": 0.30434782608695654,
    "ops": 0.6956521739130435,
    "slg": 0.391304347826087,
    "triples": 0,
    "woba": 0.30391304347826087
  },
  "basic_pitching": null,
  "current_team_id": 140,
  "metrics": {
    "barrel_pct_last_50": 0.0,
    "chase_pct_last_50": 0.38461538461538464,
    "contact_pct_last_50": 0.375,
    "hard_hit_pct_last_50": 0.2222222222222222,
    "xwoba_last_50": 0.23452173913043478
  },
  "name": "Kevin Pillar",
  "player_id": 607680,
  "player_name": "Kevin Pillar",
  "recent_unicorns": [],
  "role": "hitter",
  "roles": [
    "hitter"
  ],
  "team_id": 140,
  "team_name": "TEX"
}
