{
  "basic_batting": {
    "avg": 0.14285714285714285,
    "babip": 0.2857142857142857,
    "bb": 4,
    "doubles": 1,
    "h": 4,
    "hr": 0,
    "iso": 0.035714285714285726,
    "k": 14,
    "obp": 0.29411764705882354,
    "ops": 0.4726890756302521,
    "slg": 0.17857142857142858,
    "triples": 0,
    "woba": 0.23941176470588232
  },
  "basic_pitching": {
    "babip": 0.2857142857142857,
    "bb": 0,
    "era": 4.5,
    "fip": 2.1255870058340216,
    "h": 2,
    "hr": 0,
    "ip": 2.0,
    "whip": 1.0
  },
  "current_team_id": 115,
  "metrics": {
    "barrel_pct_last_50": 0.0,
    "chase_pct_last_50": 0.4307692307692308,
    "contact_pct_last_50": 0.22058823529411764,
    "hard_hit_pct_last_50": 0.4666666666666667,
    "xwoba_last_50": 0.2197
  },
  "name": "Jacob Stallings",
  "player_id": 607732,
  "player_name": "Jacob Stallings",
  "recent_unicorns": [],
  "role": "hitter",
  "roles": [
    "hitter"
  ],
  "team_id": 115,
  "team_name": "COL"
}
