{
  "basic_batting": {
    "avg": 0.29213483146067415,
    "babip": 0.3333333333333333,
    "bb": 7,
    "doubles": 7,
    "h": 26,
    "hr": 4,
    "iso": 0.21348314606741575,
    "k": 20,
    "obp": 0.36,
    "ops": 0.8656179775280899,
    "slg": 0.5056179775280899,
    "triples": 0,
    "woba": 0.3815
  },
  "basic_pitching": null,
  "current_team_id": 111,
  "metrics": {
    "barrel_pct_last_50": 0.0,
    "chase_pct_last_50": 0.2159090909090909,
    "contact_pct_last_50": 0.4625,
    "hard_hit_pct_last_50": 0.3783783783783784,
    "xwoba_last_50": 0.26188
  },
  "name": "Alex Bregman",
  "player_id": 608324,
  "player_name": "Alex Bregman",
  "recent_unicorns": [
    {
      "description": "Alex Bregman leads MLB in hard-hit rate over his last 50 PA.",
      "metric_value": 0.145299,
      "pattern_id": "UNQ-H-0002",
      "run_date": "2025-04-03",
      "score": 2.037243
    }
  ],
  "role": "hitter",
  "roles": [
    "hitter"
  ],
  "team_id": 111,
  "team_name": "BOS"
}
