{
  "basic_batting": {
    "avg": 0.24,
    "babip": 0.2972972972972973,
    "bb": 3,
    "doubles": 6,
    "h": 12,
    "hr": 1,
    "iso": 0.18,
    "k": 12,
    "obp": 0.2830188679245283,
    "ops": 0.7030188679245283,
    "slg": 0.42,
    "triples": 0,
    "woba": 0.32075471698113206
  },
  "basic_pitching": {
    "babip": 0.6,
    "bb": 1,
    "era": 54.0,
    "fip": 46.62558700583402,
    "h": 5,
    "hr": 2,
    "ip": 0.2,
    "whip": 9.0
  },
  "current_team_id": 121,
  "metrics": {
    "barrel_pct_last_50": 0.02702702702702703,
    "chase_pct_last_50": 0.2891566265060241,
    "contact_pct_last_50": 0.3978494623655914,
    "hard_hit_pct_last_50": 0.5675675675675675,
    "xwoba_last_50": 0.36759574468085104
  },
  "name": "Luis Torrens",
  "player_id": 620443,
  "player_name": "Luis Torrens",
  "recent_unicorns": [],
  "role": "hitter",
  "roles": [
    "hitter"
  ],
  "team_id": 121,
  "team_name": "NYM"
}
