{
  "basic_batting": {
    "avg": 0.24358974358974358,
    "babip": 0.30612244897959184,
    "bb": 2,
    "doubles": 4,
    "h": 19,
    "hr": 4,
    "iso": 0.23076923076923075,
    "k": 26,
    "obp": 0.27710843373493976,
    "ops": 0.7514674080939141,
    "slg": 0.47435897435897434,
    "triples": 1,
    "woba": 0.32313253012048193
  },
  "basic_pitching": null,
  "current_team_id": 142,
  "metrics": {
    "barrel_pct_last_50": 0.0,
    "chase_pct_last_50": 0.24742268041237114,
    "contact_pct_last_50": 0.3125,
    "hard_hit_pct_last_50": 0.6666666666666666,
    "xwoba_last_50": 0.34722
  },
  "name": "Byron Buxton",
  "player_id": 621439,
  "player_name": "Byron Buxton",
  "recent_unicorns": [],
  "role": "hitter",
  "roles": [
    "hitter"
  ],
  "team_id": 142,
  "team_name": "MIN"
}
