{
  "basic_batting": {
    "avg": 0.5,
    "babip": 0.5714285714285714,
    "bb": 1,
    "doubles": 3,
    "h": 13,
    "hr": 1,
    "iso": 0.23076923076923073,
    "k": 4,
    "obp": 0.5185185185185185,
    "ops": 1.2492877492877492,
    "slg": 0.7307692307692307,
    "triples": 0,
    "woba": 0.5388888888888889
  },
  "basic_pitching": {
    "babip": 0.5833333333333334,
    "bb": 0,
    "era": 32.4,
    "fip": 8.825587005834022,
    "h": 15,
    "hr": 1,
    "ip": 3.1,
    "whip": 4.5
  },
  "current_team_id": 141,
  "metrics": {
    "barrel_pct_last_50": 0.09090909090909091,
    "chase_pct_last_50": 0.425,
    "contact_pct_last_50": 0.4782608695652174,
    "hard_hit_pct_last_50": 0.2727272727272727,
    "xwoba_last_50": 0.3313846153846154
  },
  "name": "Tyler Heineman",
  "player_id": 623168,
  "player_name": "Tyler Heineman",
  "recent_unicorns": [],
  "role": "hitter",
  "roles": [
    "hitter"
  ],
  "team_id": 141,
  "team_name": "TOR"
}
