{
  "basic_batting": {
    "avg": 0.2631578947368421,
    "babip": 0.34782608695652173,
    "bb": 5,
    "doubles": 3,
    "h": 20,
    "hr": 4,
    "iso": 0.19736842105263158,
    "k": 28,
    "obp": 0.32558139534883723,
    "ops": 0.7861077111383109,
    "slg": 0.4605263157894737,
    "triples": 0,
    "woba": 0.34174418604651163
  },
  "basic_pitching": null,
  "current_team_id": 108,
  "metrics": {
    "barrel_pct_last_50": 0.0,
    "chase_pct_last_50": 0.26881720430107525,
    "contact_pct_last_50": 0.3626373626373626,
    "hard_hit_pct_last_50": 0.3939393939393939,
    "xwoba_last_50": 0.27318
  },
  "name": "Jorge Soler",
  "player_id": 624585,
  "player_name": "Jorge Soler",
  "recent_unicorns": [],
  "role": "hitter",
  "roles": [
    "hitter"
  ],
  "team_id": 108,
  "team_name": "LAA"
}
