{
  "basic_batting": {
    "avg": 0.17142857142857143,
    "babip": 0.13333333333333333,
    "bb": 3,
    "doubles": 1,
    "h": 6,
    "hr": 2,
    "iso": 0.2,
    "k": 3,
    "obp": 0.2564102564102564,
    "ops": 0.6278388278388278,
    "slg": 0.37142857142857144,
    "triples": 0,
    "woba": 0.28025641025641024
  },
  "basic_pitching": null,
  "current_team_id": 116,
  "metrics": {
    "barrel_pct_last_50": 0.034482758620689655,
    "chase_pct_last_50": 0.36666666666666664,
    "contact_pct_last_50": 0.463768115942029,
    "hard_hit_pct_last_50": 0.41379310344827586,
    "xwoba_last_50": 0.26566666666666666
  },
  "name": "Andy Ib치침ez",
  "player_id": 628451,
  "player_name": "Andy Ib치침ez",
  "recent_unicorns": [],
  "role": "hitter",
  "roles": [
    "hitter"
  ],
  "team_id": 116,
  "team_name": "DET"
}
