{
  "basic_batting": {
    "avg": 0.17647058823529413,
    "babip": 0.2,
    "bb": 6,
    "doubles": 1,
    "h": 12,
    "hr": 2,
    "iso": 0.1323529411764706,
    "k": 19,
    "obp": 0.23376623376623376,
    "ops": 0.5425897631779985,
    "slg": 0.3088235294117647,
    "triples": 1,
    "woba": 0.23831168831168828
  },
  "basic_pitching": null,
  "current_team_id": 147,
  "metrics": {
    "barrel_pct_last_50": 0.0,
    "chase_pct_last_50": 0.3804347826086957,
    "contact_pct_last_50": 0.35353535353535354,
    "hard_hit_pct_last_50": 0.47058823529411764,
    "xwoba_last_50": 0.20914583333333334
  },
  "name": "Cody Bellinger",
  "player_id": 641355,
  "player_name": "Cody Bellinger",
  "recent_unicorns": [],
  "role": "hitter",
  "roles": [
    "hitter"
  ],
  "team_id": 147,
  "team_name": "NYY"
}
