{
  "basic_batting": {
    "avg": 0.13043478260869565,
    "babip": 0.21428571428571427,
    "bb": 7,
    "doubles": 0,
    "h": 3,
    "hr": 0,
    "iso": 0.0,
    "k": 9,
    "obp": 0.3333333333333333,
    "ops": 0.46376811594202894,
    "slg": 0.13043478260869565,
    "triples": 0,
    "woba": 0.25
  },
  "basic_pitching": {
    "babip": 0.0,
    "bb": 0,
    "era": 0.0,
    "fip": 3.1255870058340216,
    "h": 0,
    "hr": 0,
    "ip": 1.0,
    "whip": 0.0
  },
  "current_team_id": 109,
  "metrics": {
    "barrel_pct_last_50": 0.0,
    "chase_pct_last_50": 0.20689655172413793,
    "contact_pct_last_50": 0.29411764705882354,
    "hard_hit_pct_last_50": 0.2,
    "xwoba_last_50": 0.109
  },
  "name": "Garrett Hampson",
  "player_id": 641658,
  "player_name": "Garrett Hampson",
  "recent_unicorns": [],
  "role": "hitter",
  "roles": [
    "hitter"
  ],
  "team_id": 109,
  "team_name": "AZ"
}
