{
  "basic_batting": {
    "avg": 0.3125,
    "babip": 0.45454545454545453,
    "bb": 3,
    "doubles": 0,
    "h": 5,
    "hr": 0,
    "iso": 0.0,
    "k": 5,
    "obp": 0.42105263157894735,
    "ops": 0.7335526315789473,
    "slg": 0.3125,
    "triples": 0,
    "woba": 0.34736842105263155
  },
  "basic_pitching": {
    "babip": 0.4,
    "bb": 1,
    "era": 9.0,
    "fip": 6.125587005834022,
    "h": 2,
    "hr": 0,
    "ip": 1.0,
    "whip": 3.0
  },
  "current_team_id": 135,
  "metrics": {
    "barrel_pct_last_50": 0.0,
    "chase_pct_last_50": 0.3333333333333333,
    "contact_pct_last_50": 0.3333333333333333,
    "hard_hit_pct_last_50": 0.125,
    "xwoba_last_50": 0.17046153846153847
  },
  "name": "Tyler Wade",
  "player_id": 642180,
  "player_name": "Tyler Wade",
  "recent_unicorns": [],
  "role": "hitter",
  "roles": [
    "hitter"
  ],
  "team_id": 135,
  "team_name": "SD"
}
