{
  "basic_batting": {
    "avg": 0.17857142857142858,
    "babip": 0.2,
    "bb": 3,
    "doubles": 2,
    "h": 5,
    "hr": 0,
    "iso": 0.07142857142857142,
    "k": 3,
    "obp": 0.25806451612903225,
    "ops": 0.5080645161290323,
    "slg": 0.25,
    "triples": 0,
    "woba": 0.23483870967741935
  },
  "basic_pitching": null,
  "current_team_id": 117,
  "metrics": {
    "barrel_pct_last_50": 0.0,
    "chase_pct_last_50": 0.3023255813953488,
    "contact_pct_last_50": 0.49056603773584906,
    "hard_hit_pct_last_50": 0.19230769230769232,
    "xwoba_last_50": 0.24821428571428572
  },
  "name": "Mauricio Dubón",
  "player_id": 643289,
  "player_name": "Mauricio Dubón",
  "recent_unicorns": [],
  "role": "hitter",
  "roles": [
    "hitter"
  ],
  "team_id": 117,
  "team_name": "HOU"
}
