{
  "basic_batting": {
    "avg": 0.2727272727272727,
    "babip": 0.3157894736842105,
    "bb": 0,
    "doubles": 3,
    "h": 12,
    "hr": 0,
    "iso": 0.06818181818181818,
    "k": 7,
    "obp": 0.2826086956521739,
    "ops": 0.6235177865612648,
    "slg": 0.3409090909090909,
    "triples": 0,
    "woba": 0.27260869565217394
  },
  "basic_pitching": null,
  "current_team_id": 136,
  "metrics": {
    "barrel_pct_last_50": 0.0,
    "chase_pct_last_50": 0.4166666666666667,
    "contact_pct_last_50": 0.4175824175824176,
    "hard_hit_pct_last_50": 0.18421052631578946,
    "xwoba_last_50": 0.2098695652173913
  },
  "name": "Victor Robles",
  "player_id": 645302,
  "player_name": "Victor Robles",
  "recent_unicorns": [],
  "role": "hitter",
  "roles": [
    "hitter"
  ],
  "team_id": 136,
  "team_name": "SEA"
}
