{
  "basic_batting": {
    "avg": 0.23809523809523808,
    "babip": 0.2222222222222222,
    "bb": 2,
    "doubles": 0,
    "h": 5,
    "hr": 1,
    "iso": 0.14285714285714285,
    "k": 3,
    "obp": 0.2916666666666667,
    "ops": 0.6726190476190477,
    "slg": 0.38095238095238093,
    "triples": 0,
    "woba": 0.2933333333333333
  },
  "basic_pitching": null,
  "current_team_id": 133,
  "metrics": {
    "barrel_pct_last_50": 0.0,
    "chase_pct_last_50": 0.3142857142857143,
    "contact_pct_last_50": 0.4864864864864865,
    "hard_hit_pct_last_50": 0.3333333333333333,
    "xwoba_last_50": 0.2834285714285714
  },
  "name": "Luis Urías",
  "player_id": 649966,
  "player_name": "Luis Urías",
  "recent_unicorns": [],
  "role": "hitter",
  "roles": [
    "hitter"
  ],
  "team_id": 133,
  "team_name": "ATH"
}
