{
  "basic_batting": {
    "avg": 0.2222222222222222,
    "babip": 0.22666666666666666,
    "bb": 6,
    "doubles": 4,
    "h": 20,
    "hr": 3,
    "iso": 0.14444444444444443,
    "k": 13,
    "obp": 0.26804123711340205,
    "ops": 0.6347079037800687,
    "slg": 0.36666666666666664,
    "triples": 0,
    "woba": 0.2792783505154639
  },
  "basic_pitching": null,
  "current_team_id": 139,
  "metrics": {
    "barrel_pct_last_50": 0.047619047619047616,
    "chase_pct_last_50": 0.29347826086956524,
    "contact_pct_last_50": 0.4883720930232558,
    "hard_hit_pct_last_50": 0.5,
    "xwoba_last_50": 0.28846
  },
  "name": "Yandy Díaz",
  "player_id": 650490,
  "player_name": "Yandy Díaz",
  "recent_unicorns": [
    {
      "description": "Yandy Díaz: 12 balls hit 105+ mph in the last 50 AB.",
      "metric_value": 12.0,
      "pattern_id": "UNQ-H-0502",
      "run_date": "2025-04-15",
      "score": 12.0
    }
  ],
  "role": "hitter",
  "roles": [
    "hitter"
  ],
  "team_id": 139,
  "team_name": "TB"
}
