{
  "basic_batting": {
    "avg": 0.2835820895522388,
    "babip": 0.28888888888888886,
    "bb": 15,
    "doubles": 5,
    "h": 19,
    "hr": 6,
    "iso": 0.3432835820895523,
    "k": 16,
    "obp": 0.42857142857142855,
    "ops": 1.0554371002132197,
    "slg": 0.6268656716417911,
    "triples": 0,
    "woba": 0.4446428571428572
  },
  "basic_pitching": null,
  "current_team_id": 110,
  "metrics": {
    "barrel_pct_last_50": 0.0,
    "chase_pct_last_50": 0.29292929292929293,
    "contact_pct_last_50": 0.3917525773195876,
    "hard_hit_pct_last_50": 0.3157894736842105,
    "xwoba_last_50": 0.25708
  },
  "name": "Cedric Mullins",
  "player_id": 656775,
  "player_name": "Cedric Mullins",
  "recent_unicorns": [],
  "role": "hitter",
  "roles": [
    "hitter"
  ],
  "team_id": 110,
  "team_name": "BAL"
}
