{
  "basic_batting": {
    "avg": 0.08695652173913043,
    "babip": 0.125,
    "bb": 3,
    "doubles": 0,
    "h": 2,
    "hr": 0,
    "iso": 0.0,
    "k": 7,
    "obp": 0.19230769230769232,
    "ops": 0.2792642140468228,
    "slg": 0.08695652173913043,
    "triples": 0,
    "woba": 0.14807692307692305
  },
  "basic_pitching": null,
  "current_team_id": 111,
  "metrics": {
    "barrel_pct_last_50": 0.0,
    "chase_pct_last_50": 0.4,
    "contact_pct_last_50": 0.2777777777777778,
    "hard_hit_pct_last_50": 0.3333333333333333,
    "xwoba_last_50": 0.30522727272727274
  },
  "name": "Connor Wong",
  "player_id": 657136,
  "player_name": "Connor Wong",
  "recent_unicorns": [],
  "role": "hitter",
  "roles": [
    "hitter"
  ],
  "team_id": 111,
  "team_name": "BOS"
}
