{
  "basic_batting": {
    "avg": 0.24324324324324326,
    "babip": 0.26785714285714285,
    "bb": 13,
    "doubles": 2,
    "h": 18,
    "hr": 3,
    "iso": 0.14864864864864863,
    "k": 16,
    "obp": 0.3522727272727273,
    "ops": 0.7441646191646192,
    "slg": 0.3918918918918919,
    "triples": 0,
    "woba": 0.33386363636363636
  },
  "basic_pitching": null,
  "current_team_id": 158,
  "metrics": {
    "barrel_pct_last_50": 0.0,
    "chase_pct_last_50": 0.2891566265060241,
    "contact_pct_last_50": 0.42424242424242425,
    "hard_hit_pct_last_50": 0.42857142857142855,
    "xwoba_last_50": 0.25182
  },
  "name": "William Contreras",
  "player_id": 661388,
  "player_name": "William Contreras",
  "recent_unicorns": [],
  "role": "hitter",
  "roles": [
    "hitter"
  ],
  "team_id": 158,
  "team_name": "MIL"
}
