{
  "basic_batting": {
    "avg": 0.19444444444444445,
    "babip": 0.23214285714285715,
    "bb": 10,
    "doubles": 1,
    "h": 14,
    "hr": 1,
    "iso": 0.05555555555555555,
    "k": 16,
    "obp": 0.2976190476190476,
    "ops": 0.5476190476190477,
    "slg": 0.25,
    "triples": 0,
    "woba": 0.258433734939759
  },
  "basic_pitching": null,
  "current_team_id": 142,
  "metrics": {
    "barrel_pct_last_50": 0.0,
    "chase_pct_last_50": 0.4024390243902439,
    "contact_pct_last_50": 0.4482758620689655,
    "hard_hit_pct_last_50": 0.41025641025641024,
    "xwoba_last_50": 0.24154
  },
  "name": "Trevor Larnach",
  "player_id": 663616,
  "player_name": "Trevor Larnach",
  "recent_unicorns": [],
  "role": "hitter",
  "roles": [
    "hitter"
  ],
  "team_id": 142,
  "team_name": "MIN"
}
