{
  "basic_batting": {
    "avg": 0.1935483870967742,
    "babip": 0.2608695652173913,
    "bb": 3,
    "doubles": 2,
    "h": 6,
    "hr": 0,
    "iso": 0.06451612903225806,
    "k": 8,
    "obp": 0.2647058823529412,
    "ops": 0.5227703984819734,
    "slg": 0.25806451612903225,
    "triples": 0,
    "woba": 0.24029411764705882
  },
  "basic_pitching": null,
  "current_team_id": 135,
  "metrics": {
    "barrel_pct_last_50": 0.0,
    "chase_pct_last_50": 0.42857142857142855,
    "contact_pct_last_50": 0.352112676056338,
    "hard_hit_pct_last_50": 0.16,
    "xwoba_last_50": 0.15861290322580646
  },
  "name": "Brandon Lockridge",
  "player_id": 663604,
  "player_name": "Brandon Lockridge",
  "recent_unicorns": [],
  "role": "hitter",
  "roles": [
    "hitter"
  ],
  "team_id": 135,
  "team_name": "SD"
}
