{
  "basic_batting": {
    "avg": 0.28125,
    "babip": 0.38636363636363635,
    "bb": 7,
    "doubles": 7,
    "h": 18,
    "hr": 1,
    "iso": 0.15625,
    "k": 19,
    "obp": 0.352112676056338,
    "ops": 0.789612676056338,
    "slg": 0.4375,
    "triples": 0,
    "woba": 0.34816901408450707
  },
  "basic_pitching": null,
  "current_team_id": 146,
  "metrics": {
    "barrel_pct_last_50": 0.0,
    "chase_pct_last_50": 0.22077922077922077,
    "contact_pct_last_50": 0.3707865168539326,
    "hard_hit_pct_last_50": 0.48484848484848486,
    "xwoba_last_50": 0.24706
  },
  "name": "Griffin Conine",
  "player_id": 665052,
  "player_name": "Griffin Conine",
  "recent_unicorns": [],
  "role": "hitter",
  "roles": [
    "hitter"
  ],
  "team_id": 146,
  "team_name": "MIA"
}
