{
  "basic_batting": {
    "avg": 0.25316455696202533,
    "babip": 0.2698412698412698,
    "bb": 17,
    "doubles": 5,
    "h": 20,
    "hr": 3,
    "iso": 0.17721518987341772,
    "k": 14,
    "obp": 0.38144329896907214,
    "ops": 0.8118230458045153,
    "slg": 0.43037974683544306,
    "triples": 0,
    "woba": 0.3614432989690722
  },
  "basic_pitching": null,
  "current_team_id": 121,
  "metrics": {
    "barrel_pct_last_50": 0.0,
    "chase_pct_last_50": 0.2967032967032967,
    "contact_pct_last_50": 0.45348837209302323,
    "hard_hit_pct_last_50": 0.48717948717948717,
    "xwoba_last_50": 0.29542
  },
  "name": "Juan Soto",
  "player_id": 665742,
  "player_name": "Juan Soto",
  "recent_unicorns": [],
  "role": "hitter",
  "roles": [
    "hitter"
  ],
  "team_id": 121,
  "team_name": "NYM"
}
