{
  "basic_batting": {
    "avg": 0.2,
    "babip": 0.2727272727272727,
    "bb": 1,
    "doubles": 1,
    "h": 12,
    "hr": 0,
    "iso": 0.04999999999999999,
    "k": 16,
    "obp": 0.21311475409836064,
    "ops": 0.46311475409836067,
    "slg": 0.25,
    "triples": 1,
    "woba": 0.20459016393442625
  },
  "basic_pitching": null,
  "current_team_id": 140,
  "metrics": {
    "barrel_pct_last_50": 0.0,
    "chase_pct_last_50": 0.4246575342465753,
    "contact_pct_last_50": 0.3979591836734694,
    "hard_hit_pct_last_50": 0.28205128205128205,
    "xwoba_last_50": 0.18024
  },
  "name": "Leody Taveras",
  "player_id": 665750,
  "player_name": "Leody Taveras",
  "recent_unicorns": [],
  "role": "hitter",
  "roles": [
    "hitter"
  ],
  "team_id": 140,
  "team_name": "TEX"
}
