{
  "basic_batting": {
    "avg": 0.2608695652173913,
    "babip": 0.2972972972972973,
    "bb": 1,
    "doubles": 5,
    "h": 12,
    "hr": 1,
    "iso": 0.17391304347826086,
    "k": 9,
    "obp": 0.2857142857142857,
    "ops": 0.7204968944099379,
    "slg": 0.43478260869565216,
    "triples": 0,
    "woba": 0.31020408163265306
  },
  "basic_pitching": null,
  "current_team_id": 112,
  "metrics": {
    "barrel_pct_last_50": 0.02702702702702703,
    "chase_pct_last_50": 0.37894736842105264,
    "contact_pct_last_50": 0.3627450980392157,
    "hard_hit_pct_last_50": 0.2972972972972973,
    "xwoba_last_50": 0.3218
  },
  "name": "Miguel Amaya",
  "player_id": 665804,
  "player_name": "Miguel Amaya",
  "recent_unicorns": [],
  "role": "hitter",
  "roles": [
    "hitter"
  ],
  "team_id": 112,
  "team_name": "CHC"
}
