{
  "basic_batting": {
    "avg": 0.1566265060240964,
    "babip": 0.14583333333333334,
    "bb": 8,
    "doubles": 2,
    "h": 13,
    "hr": 6,
    "iso": 0.24096385542168675,
    "k": 29,
    "obp": 0.2553191489361702,
    "ops": 0.6529095103819533,
    "slg": 0.39759036144578314,
    "triples": 0,
    "woba": 0.2901063829787234
  },
  "basic_pitching": null,
  "current_team_id": 147,
  "metrics": {
    "barrel_pct_last_50": 0.029411764705882353,
    "chase_pct_last_50": 0.2967032967032967,
    "contact_pct_last_50": 0.3695652173913043,
    "hard_hit_pct_last_50": 0.3235294117647059,
    "xwoba_last_50": 0.22194
  },
  "name": "Jazz Chisholm Jr.",
  "player_id": 665862,
  "player_name": "Jazz Chisholm Jr.",
  "recent_unicorns": [],
  "role": "hitter",
  "roles": [
    "hitter"
  ],
  "team_id": 147,
  "team_name": "NYY"
}
