{
  "basic_batting": {
    "avg": 0.18181818181818182,
    "babip": 0.2,
    "bb": 1,
    "doubles": 0,
    "h": 6,
    "hr": 1,
    "iso": 0.09090909090909088,
    "k": 7,
    "obp": 0.22857142857142856,
    "ops": 0.5012987012987012,
    "slg": 0.2727272727272727,
    "triples": 0,
    "woba": 0.2323529411764706
  },
  "basic_pitching": null,
  "current_team_id": 118,
  "metrics": {
    "barrel_pct_last_50": 0.0,
    "chase_pct_last_50": 0.3220338983050847,
    "contact_pct_last_50": 0.31343283582089554,
    "hard_hit_pct_last_50": 0.2857142857142857,
    "xwoba_last_50": 0.20472413793103447
  },
  "name": "Freddy Fermin",
  "player_id": 666023,
  "player_name": "Freddy Fermin",
  "recent_unicorns": [],
  "role": "hitter",
  "roles": [
    "hitter"
  ],
  "team_id": 118,
  "team_name": "KC"
}
