{
  "basic_batting": {
    "avg": 0.18,
    "babip": 0.2647058823529412,
    "bb": 9,
    "doubles": 4,
    "h": 9,
    "hr": 0,
    "iso": 0.08000000000000002,
    "k": 16,
    "obp": 0.3050847457627119,
    "ops": 0.565084745762712,
    "slg": 0.26,
    "triples": 0,
    "woba": 0.26677966101694917
  },
  "basic_pitching": null,
  "current_team_id": 114,
  "metrics": {
    "barrel_pct_last_50": 0.030303030303030304,
    "chase_pct_last_50": 0.26136363636363635,
    "contact_pct_last_50": 0.3235294117647059,
    "hard_hit_pct_last_50": 0.6363636363636364,
    "xwoba_last_50": 0.26946938775510204
  },
  "name": "Nolan Jones",
  "player_id": 666134,
  "player_name": "Nolan Jones",
  "recent_unicorns": [],
  "role": "hitter",
  "roles": [
    "hitter"
  ],
  "team_id": 114,
  "team_name": "CLE"
}
