{
  "basic_batting": {
    "avg": 0.2459016393442623,
    "babip": 0.4375,
    "bb": 7,
    "doubles": 3,
    "h": 15,
    "hr": 1,
    "iso": 0.09836065573770492,
    "k": 28,
    "obp": 0.3235294117647059,
    "ops": 0.6677917068466731,
    "slg": 0.3442622950819672,
    "triples": 0,
    "woba": 0.3019117647058824
  },
  "basic_pitching": null,
  "current_team_id": 139,
  "metrics": {
    "barrel_pct_last_50": 0.07142857142857142,
    "chase_pct_last_50": 0.3269230769230769,
    "contact_pct_last_50": 0.27450980392156865,
    "hard_hit_pct_last_50": 0.35714285714285715,
    "xwoba_last_50": 0.30932
  },
  "name": "Christopher Morel",
  "player_id": 666624,
  "player_name": "Christopher Morel",
  "recent_unicorns": [],
  "role": "hitter",
  "roles": [
    "hitter"
  ],
  "team_id": 139,
  "team_name": "TB"
}
