{
  "basic_batting": {
    "avg": 0.17721518987341772,
    "babip": 0.15151515151515152,
    "bb": 3,
    "doubles": 3,
    "h": 14,
    "hr": 4,
    "iso": 0.189873417721519,
    "k": 11,
    "obp": 0.20238095238095238,
    "ops": 0.5694695599758891,
    "slg": 0.3670886075949367,
    "triples": 0,
    "woba": 0.2441666666666667
  },
  "basic_pitching": null,
  "current_team_id": 109,
  "metrics": {
    "barrel_pct_last_50": 0.024390243902439025,
    "chase_pct_last_50": 0.3246753246753247,
    "contact_pct_last_50": 0.4270833333333333,
    "hard_hit_pct_last_50": 0.36585365853658536,
    "xwoba_last_50": 0.2604
  },
  "name": "Lourdes Gurriel Jr.",
  "player_id": 666971,
  "player_name": "Lourdes Gurriel Jr.",
  "recent_unicorns": [],
  "role": "hitter",
  "roles": [
    "hitter"
  ],
  "team_id": 109,
  "team_name": "AZ"
}
