{
  "basic_batting": {
    "avg": 0.2222222222222222,
    "babip": 0.3076923076923077,
    "bb": 4,
    "doubles": 0,
    "h": 4,
    "hr": 0,
    "iso": 0.1111111111111111,
    "k": 5,
    "obp": 0.36363636363636365,
    "ops": 0.696969696969697,
    "slg": 0.3333333333333333,
    "triples": 1,
    "woba": 0.32045454545454544
  },
  "basic_pitching": {
    "babip": 0.3333333333333333,
    "bb": 0,
    "era": 2.45,
    "fip": 3.94376882401584,
    "h": 5,
    "hr": 0,
    "ip": 3.2,
    "whip": 1.364
  },
  "current_team_id": 116,
  "metrics": {
    "barrel_pct_last_50": 0.07692307692307693,
    "chase_pct_last_50": 0.27586206896551724,
    "contact_pct_last_50": 0.48148148148148145,
    "hard_hit_pct_last_50": 0.23076923076923078,
    "xwoba_last_50": 0.25177777777777777
  },
  "name": "Jake Rogers",
  "player_id": 668670,
  "player_name": "Jake Rogers",
  "recent_unicorns": [],
  "role": "hitter",
  "roles": [
    "hitter"
  ],
  "team_id": 116,
  "team_name": "DET"
}
