{
  "basic_batting": {
    "avg": 0.19672131147540983,
    "babip": 0.19047619047619047,
    "bb": 7,
    "doubles": 2,
    "h": 12,
    "hr": 4,
    "iso": 0.26229508196721313,
    "k": 17,
    "obp": 0.28169014084507044,
    "ops": 0.7407065342876934,
    "slg": 0.45901639344262296,
    "triples": 1,
    "woba": 0.31267605633802814
  },
  "basic_pitching": null,
  "current_team_id": 147,
  "metrics": {
    "barrel_pct_last_50": 0.0,
    "chase_pct_last_50": 0.30612244897959184,
    "contact_pct_last_50": 0.3125,
    "hard_hit_pct_last_50": 0.5428571428571428,
    "xwoba_last_50": 0.23378
  },
  "name": "Austin Wells",
  "player_id": 669224,
  "player_name": "Austin Wells",
  "recent_unicorns": [],
  "role": "hitter",
  "roles": [
    "hitter"
  ],
  "team_id": 147,
  "team_name": "NYY"
}
