{
  "basic_batting": {
    "avg": 0.13793103448275862,
    "babip": 0.17391304347826086,
    "bb": 1,
    "doubles": 2,
    "h": 4,
    "hr": 0,
    "iso": 0.06896551724137931,
    "k": 6,
    "obp": 0.1935483870967742,
    "ops": 0.40044493882091214,
    "slg": 0.20689655172413793,
    "triples": 0,
    "woba": 0.18387096774193548
  },
  "basic_pitching": {
    "babip": 0.3333333333333333,
    "bb": 1,
    "era": 0.0,
    "fip": 19.12558700583402,
    "h": 3,
    "hr": 1,
    "ip": 1.0,
    "whip": 4.0
  },
  "current_team_id": 134,
  "metrics": {
    "barrel_pct_last_50": 0.043478260869565216,
    "chase_pct_last_50": 0.29411764705882354,
    "contact_pct_last_50": 0.3709677419354839,
    "hard_hit_pct_last_50": 0.30434782608695654,
    "xwoba_last_50": 0.22903333333333334
  },
  "name": "Jared Triolo",
  "player_id": 669707,
  "player_name": "Jared Triolo",
  "recent_unicorns": [],
  "role": "hitter",
  "roles": [
    "hitter"
  ],
  "team_id": 134,
  "team_name": "PIT"
}
