{
  "basic_batting": {
    "avg": 0.2926829268292683,
    "babip": 0.323943661971831,
    "bb": 8,
    "doubles": 3,
    "h": 24,
    "hr": 1,
    "iso": 0.09756097560975613,
    "k": 11,
    "obp": 0.358695652173913,
    "ops": 0.7489395546129374,
    "slg": 0.3902439024390244,
    "triples": 1,
    "woba": 0.3334782608695652
  },
  "basic_pitching": null,
  "current_team_id": 113,
  "metrics": {
    "barrel_pct_last_50": 0.0,
    "chase_pct_last_50": 0.20967741935483872,
    "contact_pct_last_50": 0.5833333333333334,
    "hard_hit_pct_last_50": 0.23809523809523808,
    "xwoba_last_50": 0.19952083333333334
  },
  "name": "TJ Friedl",
  "player_id": 670770,
  "player_name": "TJ Friedl",
  "recent_unicorns": [],
  "role": "hitter",
  "roles": [
    "hitter"
  ],
  "team_id": 113,
  "team_name": "CIN"
}
