{
  "basic_batting": {
    "avg": 0.16666666666666666,
    "babip": 0.21568627450980393,
    "bb": 6,
    "doubles": 3,
    "h": 12,
    "hr": 1,
    "iso": 0.08333333333333334,
    "k": 20,
    "obp": 0.24050632911392406,
    "ops": 0.49050632911392406,
    "slg": 0.25,
    "triples": 0,
    "woba": 0.22645569620253164
  },
  "basic_pitching": null,
  "current_team_id": 111,
  "metrics": {
    "barrel_pct_last_50": 0.0,
    "chase_pct_last_50": 0.28431372549019607,
    "contact_pct_last_50": 0.32727272727272727,
    "hard_hit_pct_last_50": 0.3888888888888889,
    "xwoba_last_50": 0.27542
  },
  "name": "Triston Casas",
  "player_id": 671213,
  "player_name": "Triston Casas",
  "recent_unicorns": [],
  "role": "hitter",
  "roles": [
    "hitter"
  ],
  "team_id": 111,
  "team_name": "BOS"
}
