{
  "basic_batting": {
    "avg": 0.23376623376623376,
    "babip": 0.25396825396825395,
    "bb": 9,
    "doubles": 5,
    "h": 18,
    "hr": 2,
    "iso": 0.14285714285714288,
    "k": 12,
    "obp": 0.313953488372093,
    "ops": 0.6905768649954697,
    "slg": 0.37662337662337664,
    "triples": 0,
    "woba": 0.30872093023255814
  },
  "basic_pitching": null,
  "current_team_id": 146,
  "metrics": {
    "barrel_pct_last_50": 0.07317073170731707,
    "chase_pct_last_50": 0.3972602739726027,
    "contact_pct_last_50": 0.5454545454545454,
    "hard_hit_pct_last_50": 0.24390243902439024,
    "xwoba_last_50": 0.2646734693877551
  },
  "name": "Otto Lopez",
  "player_id": 672640,
  "player_name": "Otto Lopez",
  "recent_unicorns": [
    {
      "description": "Otto Lopez: 3 barrels in the last 50 AB.",
      "metric_value": 3.0,
      "pattern_id": "UNQ-H-0500",
      "run_date": "2025-04-15",
      "score": 3.0
    }
  ],
  "role": "hitter",
  "roles": [
    "hitter"
  ],
  "team_id": 146,
  "team_name": "MIA"
}
