{
  "basic_batting": {
    "avg": 0.21739130434782608,
    "babip": 0.2857142857142857,
    "bb": 1,
    "doubles": 2,
    "h": 5,
    "hr": 1,
    "iso": 0.21739130434782608,
    "k": 8,
    "obp": 0.25,
    "ops": 0.6847826086956521,
    "slg": 0.43478260869565216,
    "triples": 0,
    "woba": 0.29624999999999996
  },
  "basic_pitching": {
    "babip": 0.5714285714285714,
    "bb": 0,
    "era": 30.86,
    "fip": 9.982729862976878,
    "h": 9,
    "hr": 1,
    "ip": 2.1,
    "whip": 3.857
  },
  "current_team_id": 147,
  "metrics": {
    "barrel_pct_last_50": 0.0,
    "chase_pct_last_50": 0.2926829268292683,
    "contact_pct_last_50": 0.3191489361702128,
    "hard_hit_pct_last_50": 0.4,
    "xwoba_last_50": 0.24639130434782608
  },
  "name": "Oswald Peraza",
  "player_id": 672724,
  "player_name": "Oswald Peraza",
  "recent_unicorns": [
    {
      "description": "Oswald Peraza leads MLB in hard-hit rate over his last 50 PA.",
      "metric_value": 0.185185,
      "pattern_id": "UNQ-H-0002",
      "run_date": "2025-04-05",
      "score": 2.447314
    }
  ],
  "role": "hitter",
  "roles": [
    "hitter"
  ],
  "team_id": 147,
  "team_name": "NYY"
}
