{
  "basic_batting": {
    "avg": 0.2972972972972973,
    "babip": 0.3404255319148936,
    "bb": 10,
    "doubles": 2,
    "h": 22,
    "hr": 6,
    "iso": 0.2972972972972973,
    "k": 22,
    "obp": 0.3764705882352941,
    "ops": 0.9710651828298887,
    "slg": 0.5945945945945946,
    "triples": 1,
    "woba": 0.41447058823529415
  },
  "basic_pitching": null,
  "current_team_id": 112,
  "metrics": {
    "barrel_pct_last_50": 0.0,
    "chase_pct_last_50": 0.23300970873786409,
    "contact_pct_last_50": 0.4148936170212766,
    "hard_hit_pct_last_50": 0.4358974358974359,
    "xwoba_last_50": 0.37224
  },
  "name": "Seiya Suzuki",
  "player_id": 673548,
  "player_name": "Seiya Suzuki",
  "recent_unicorns": [],
  "role": "hitter",
  "roles": [
    "hitter"
  ],
  "team_id": 112,
  "team_name": "CHC"
}
