{
  "basic_batting": {
    "avg": 0.43478260869565216,
    "babip": 0.5263157894736842,
    "bb": 2,
    "doubles": 0,
    "h": 10,
    "hr": 0,
    "iso": 0.08695652173913043,
    "k": 4,
    "obp": 0.48,
    "ops": 1.0017391304347827,
    "slg": 0.5217391304347826,
    "triples": 1,
    "woba": 0.44040000000000007
  },
  "basic_pitching": null,
  "current_team_id": 139,
  "metrics": {
    "barrel_pct_last_50": 0.0,
    "chase_pct_last_50": 0.48717948717948717,
    "contact_pct_last_50": 0.3958333333333333,
    "hard_hit_pct_last_50": 0.10526315789473684,
    "xwoba_last_50": 0.2818695652173913
  },
  "name": "Jonny DeLuca",
  "player_id": 676356,
  "player_name": "Jonny DeLuca",
  "recent_unicorns": [],
  "role": "hitter",
  "roles": [
    "hitter"
  ],
  "team_id": 139,
  "team_name": "TB"
}
