{
  "basic_batting": {
    "avg": 0.2,
    "babip": 0.375,
    "bb": 4,
    "doubles": 0,
    "h": 3,
    "hr": 0,
    "iso": 0.0,
    "k": 7,
    "obp": 0.3684210526315789,
    "ops": 0.5684210526315789,
    "slg": 0.2,
    "triples": 0,
    "woba": 0.28578947368421054
  },
  "basic_pitching": {
    "babip": 0.3,
    "bb": 2,
    "era": 6.0,
    "fip": 6.458920339167355,
    "h": 3,
    "hr": 0,
    "ip": 3.0,
    "whip": 1.667
  },
  "current_team_id": 117,
  "metrics": {
    "barrel_pct_last_50": 0.0,
    "chase_pct_last_50": 0.41935483870967744,
    "contact_pct_last_50": 0.2894736842105263,
    "hard_hit_pct_last_50": 0.18181818181818182,
    "xwoba_last_50": 0.23613333333333333
  },
  "name": "Chas McCormick",
  "player_id": 676801,
  "player_name": "Chas McCormick",
  "recent_unicorns": [],
  "role": "hitter",
  "roles": [
    "hitter"
  ],
  "team_id": 117,
  "team_name": "HOU"
}
