{
  "basic_batting": {
    "avg": 0.06666666666666667,
    "babip": 0.14285714285714285,
    "bb": 5,
    "doubles": 0,
    "h": 1,
    "hr": 0,
    "iso": 0.0,
    "k": 8,
    "obp": 0.3333333333333333,
    "ops": 0.39999999999999997,
    "slg": 0.06666666666666667,
    "triples": 0,
    "woba": 0.2857142857142857
  },
  "basic_pitching": null,
  "current_team_id": 141,
  "metrics": {
    "barrel_pct_last_50": 0.0,
    "chase_pct_last_50": 0.27906976744186046,
    "contact_pct_last_50": 0.2413793103448276,
    "hard_hit_pct_last_50": 0.0,
    "xwoba_last_50": 0.1308125
  },
  "name": "Davis Schneider",
  "player_id": 676914,
  "player_name": "Davis Schneider",
  "recent_unicorns": [],
  "role": "hitter",
  "roles": [
    "hitter"
  ],
  "team_id": 141,
  "team_name": "TOR"
}
