{
  "basic_batting": {
    "avg": 0.17647058823529413,
    "babip": 0.23076923076923078,
    "bb": 0,
    "doubles": 0,
    "h": 3,
    "hr": 0,
    "iso": 0.2352941176470588,
    "k": 4,
    "obp": 0.17647058823529413,
    "ops": 0.5882352941176471,
    "slg": 0.4117647058823529,
    "triples": 2,
    "woba": 0.24294117647058822
  },
  "basic_pitching": null,
  "current_team_id": 133,
  "metrics": {
    "barrel_pct_last_50": 0.0,
    "chase_pct_last_50": 0.23809523809523808,
    "contact_pct_last_50": 0.3170731707317073,
    "hard_hit_pct_last_50": 0.38461538461538464,
    "xwoba_last_50": 0.2068235294117647
  },
  "name": "Max Schuemann",
  "player_id": 680474,
  "player_name": "Max Schuemann",
  "recent_unicorns": [],
  "role": "hitter",
  "roles": [
    "hitter"
  ],
  "team_id": 133,
  "team_name": "ATH"
}
