{
  "basic_batting": {
    "avg": 0.07142857142857142,
    "babip": 0.09090909090909091,
    "bb": 1,
    "doubles": 1,
    "h": 1,
    "hr": 0,
    "iso": 0.07142857142857142,
    "k": 3,
    "obp": 0.13333333333333333,
    "ops": 0.2761904761904762,
    "slg": 0.14285714285714285,
    "triples": 0,
    "woba": 0.13
  },
  "basic_pitching": null,
  "current_team_id": 141,
  "metrics": {
    "barrel_pct_last_50": 0.0,
    "chase_pct_last_50": 0.25925925925925924,
    "contact_pct_last_50": 0.3448275862068966,
    "hard_hit_pct_last_50": 0.4,
    "xwoba_last_50": 0.18915384615384614
  },
  "name": "Addison Barger",
  "player_id": 680718,
  "player_name": "Addison Barger",
  "recent_unicorns": [],
  "role": "hitter",
  "roles": [
    "hitter"
  ],
  "team_id": 141,
  "team_name": "TOR"
}
