{
  "basic_batting": {
    "avg": 0.3563218390804598,
    "babip": 0.3835616438356164,
    "bb": 4,
    "doubles": 7,
    "h": 31,
    "hr": 3,
    "iso": 0.1839080459770115,
    "k": 12,
    "obp": 0.3870967741935484,
    "ops": 0.9273266592510196,
    "slg": 0.5402298850574713,
    "triples": 0,
    "woba": 0.4017204301075269
  },
  "basic_pitching": null,
  "current_team_id": 138,
  "metrics": {
    "barrel_pct_last_50": 0.024390243902439025,
    "chase_pct_last_50": 0.24390243902439024,
    "contact_pct_last_50": 0.43617021276595747,
    "hard_hit_pct_last_50": 0.4146341463414634,
    "xwoba_last_50": 0.40106
  },
  "name": "Brendan Donovan",
  "player_id": 680977,
  "player_name": "Brendan Donovan",
  "recent_unicorns": [],
  "role": "hitter",
  "roles": [
    "hitter"
  ],
  "team_id": 138,
  "team_name": "STL"
}
