{
  "basic_batting": {
    "avg": 0.2857142857142857,
    "babip": 0.3939393939393939,
    "bb": 2,
    "doubles": 1,
    "h": 18,
    "hr": 5,
    "iso": 0.25396825396825395,
    "k": 25,
    "obp": 0.3076923076923077,
    "ops": 0.8473748473748474,
    "slg": 0.5396825396825397,
    "triples": 0,
    "woba": 0.36661538461538457
  },
  "basic_pitching": null,
  "current_team_id": 108,
  "metrics": {
    "barrel_pct_last_50": 0.06666666666666667,
    "chase_pct_last_50": 0.3333333333333333,
    "contact_pct_last_50": 0.2777777777777778,
    "hard_hit_pct_last_50": 0.5,
    "xwoba_last_50": 0.2825
  },
  "name": "Logan O'Hoppe",
  "player_id": 681351,
  "player_name": "Logan O'Hoppe",
  "recent_unicorns": [
    {
      "description": "Logan O'Hoppe: barrel rate vs 95+ mph fastballs: 2 barrels (last 50 AB).",
      "metric_value": 2.0,
      "pattern_id": "UNQ-H-0520",
      "run_date": "2025-04-15",
      "score": 2.0
    }
  ],
  "role": "hitter",
  "roles": [
    "hitter"
  ],
  "team_id": 108,
  "team_name": "LAA"
}
