{
  "basic_batting": {
    "avg": 0.3448275862068966,
    "babip": 0.38461538461538464,
    "bb": 0,
    "doubles": 2,
    "h": 10,
    "hr": 0,
    "iso": 0.13793103448275862,
    "k": 4,
    "obp": 0.3333333333333333,
    "ops": 0.8160919540229885,
    "slg": 0.4827586206896552,
    "triples": 1,
    "woba": 0.3466666666666667
  },
  "basic_pitching": null,
  "current_team_id": 114,
  "metrics": {
    "barrel_pct_last_50": 0.038461538461538464,
    "chase_pct_last_50": 0.41379310344827586,
    "contact_pct_last_50": 0.37681159420289856,
    "hard_hit_pct_last_50": 0.46153846153846156,
    "xwoba_last_50": 0.30706666666666665
  },
  "name": "Angel Martínez",
  "player_id": 682657,
  "player_name": "Angel Martínez",
  "recent_unicorns": [
    {
      "description": "Angel Martínez leads MLB in hard-hit rate over his last 50 PA.",
      "metric_value": 0.211538,
      "pattern_id": "UNQ-H-0002",
      "run_date": "2025-04-15",
      "score": 0.211538
    }
  ],
  "role": "hitter",
  "roles": [
    "hitter"
  ],
  "team_id": 114,
  "team_name": "CLE"
}
