{
  "basic_batting": {
    "avg": 0.16666666666666666,
    "babip": 0.14814814814814814,
    "bb": 1,
    "doubles": 1,
    "h": 5,
    "hr": 1,
    "iso": 0.13333333333333333,
    "k": 2,
    "obp": 0.1935483870967742,
    "ops": 0.4935483870967742,
    "slg": 0.3,
    "triples": 0,
    "woba": 0.2170967741935484
  },
  "basic_pitching": null,
  "current_team_id": 137,
  "metrics": {
    "barrel_pct_last_50": 0.03571428571428571,
    "chase_pct_last_50": 0.4716981132075472,
    "contact_pct_last_50": 0.4745762711864407,
    "hard_hit_pct_last_50": 0.42857142857142855,
    "xwoba_last_50": 0.26976666666666665
  },
  "name": "Luis Matos",
  "player_id": 682641,
  "player_name": "Luis Matos",
  "recent_unicorns": [],
  "role": "hitter",
  "roles": [
    "hitter"
  ],
  "team_id": 137,
  "team_name": "SF"
}
