{
  "basic_batting": {
    "avg": 0.19736842105263158,
    "babip": 0.2459016393442623,
    "bb": 2,
    "doubles": 3,
    "h": 15,
    "hr": 0,
    "iso": 0.0394736842105263,
    "k": 16,
    "obp": 0.225,
    "ops": 0.4618421052631579,
    "slg": 0.23684210526315788,
    "triples": 0,
    "woba": 0.207375
  },
  "basic_pitching": null,
  "current_team_id": 118,
  "metrics": {
    "barrel_pct_last_50": 0.0,
    "chase_pct_last_50": 0.36666666666666664,
    "contact_pct_last_50": 0.3894736842105263,
    "hard_hit_pct_last_50": 0.2702702702702703,
    "xwoba_last_50": 0.18968
  },
  "name": "Michael Massey",
  "player_id": 686681,
  "player_name": "Michael Massey",
  "recent_unicorns": [],
  "role": "hitter",
  "roles": [
    "hitter"
  ],
  "team_id": 118,
  "team_name": "KC"
}
