{
  "basic_batting": {
    "avg": 0.23529411764705882,
    "babip": 0.30612244897959184,
    "bb": 7,
    "doubles": 2,
    "h": 16,
    "hr": 1,
    "iso": 0.10294117647058826,
    "k": 19,
    "obp": 0.3026315789473684,
    "ops": 0.6408668730650156,
    "slg": 0.3382352941176471,
    "triples": 1,
    "woba": 0.2864473684210527
  },
  "basic_pitching": null,
  "current_team_id": 138,
  "metrics": {
    "barrel_pct_last_50": 0.0,
    "chase_pct_last_50": 0.3229166666666667,
    "contact_pct_last_50": 0.35714285714285715,
    "hard_hit_pct_last_50": 0.2857142857142857,
    "xwoba_last_50": 0.17461224489795918
  },
  "name": "Victor Scott II",
  "player_id": 687363,
  "player_name": "Victor Scott II",
  "recent_unicorns": [],
  "role": "hitter",
  "roles": [
    "hitter"
  ],
  "team_id": 138,
  "team_name": "STL"
}
