{
  "basic_batting": {
    "avg": 0.18421052631578946,
    "babip": 0.21875,
    "bb": 8,
    "doubles": 1,
    "h": 14,
    "hr": 0,
    "iso": 0.013157894736842118,
    "k": 12,
    "obp": 0.27058823529411763,
    "ops": 0.4679566563467492,
    "slg": 0.19736842105263158,
    "triples": 0,
    "woba": 0.2339285714285714
  },
  "basic_pitching": null,
  "current_team_id": 158,
  "metrics": {
    "barrel_pct_last_50": 0.0,
    "chase_pct_last_50": 0.2962962962962963,
    "contact_pct_last_50": 0.5185185185185185,
    "hard_hit_pct_last_50": 0.2857142857142857,
    "xwoba_last_50": 0.2503958333333333
  },
  "name": "Joey Ortiz",
  "player_id": 687401,
  "player_name": "Joey Ortiz",
  "recent_unicorns": [],
  "role": "hitter",
  "roles": [
    "hitter"
  ],
  "team_id": 158,
  "team_name": "MIL"
}
