{
  "basic_batting": {
    "avg": 0.23076923076923078,
    "babip": 0.3076923076923077,
    "bb": 3,
    "doubles": 5,
    "h": 12,
    "hr": 0,
    "iso": 0.09615384615384615,
    "k": 14,
    "obp": 0.26785714285714285,
    "ops": 0.5947802197802198,
    "slg": 0.3269230769230769,
    "triples": 0,
    "woba": 0.26160714285714287
  },
  "basic_pitching": null,
  "current_team_id": 146,
  "metrics": {
    "barrel_pct_last_50": 0.02631578947368421,
    "chase_pct_last_50": 0.3888888888888889,
    "contact_pct_last_50": 0.4222222222222222,
    "hard_hit_pct_last_50": 0.39473684210526316,
    "xwoba_last_50": 0.24281632653061225
  },
  "name": "Graham Pauley",
  "player_id": 688363,
  "player_name": "Graham Pauley",
  "recent_unicorns": [],
  "role": "hitter",
  "roles": [
    "hitter"
  ],
  "team_id": 146,
  "team_name": "MIA"
}
