{
  "basic_batting": {
    "avg": 0.3013698630136986,
    "babip": 0.37254901960784315,
    "bb": 13,
    "doubles": 5,
    "h": 22,
    "hr": 3,
    "iso": 0.1917808219178082,
    "k": 20,
    "obp": 0.40229885057471265,
    "ops": 0.8954495355062195,
    "slg": 0.4931506849315068,
    "triples": 0,
    "woba": 0.39172413793103444
  },
  "basic_pitching": null,
  "current_team_id": 111,
  "metrics": {
    "barrel_pct_last_50": 0.0,
    "chase_pct_last_50": 0.32142857142857145,
    "contact_pct_last_50": 0.3829787234042553,
    "hard_hit_pct_last_50": 0.4166666666666667,
    "xwoba_last_50": 0.31806
  },
  "name": "Kristian Campbell",
  "player_id": 692225,
  "player_name": "Kristian Campbell",
  "recent_unicorns": [],
  "role": "hitter",
  "roles": [
    "hitter"
  ],
  "team_id": 111,
  "team_name": "BOS"
}
