{
  "basic_batting": {
    "avg": 0.22033898305084745,
    "babip": 0.2558139534883721,
    "bb": 4,
    "doubles": 1,
    "h": 13,
    "hr": 2,
    "iso": 0.15254237288135594,
    "k": 14,
    "obp": 0.2698412698412698,
    "ops": 0.6427226257734733,
    "slg": 0.3728813559322034,
    "triples": 1,
    "woba": 0.28349206349206346
  },
  "basic_pitching": null,
  "current_team_id": 110,
  "metrics": {
    "barrel_pct_last_50": 0.02631578947368421,
    "chase_pct_last_50": 0.21176470588235294,
    "contact_pct_last_50": 0.4175824175824176,
    "hard_hit_pct_last_50": 0.34210526315789475,
    "xwoba_last_50": 0.24896
  },
  "name": "Jackson Holliday",
  "player_id": 702616,
  "player_name": "Jackson Holliday",
  "recent_unicorns": [],
  "role": "hitter",
  "roles": [
    "hitter"
  ],
  "team_id": 110,
  "team_name": "BAL"
}
