{
  "basic_batting": {
    "avg": 0.21739130434782608,
    "babip": 0.25,
    "bb": 1,
    "doubles": 1,
    "h": 5,
    "hr": 1,
    "iso": 0.1739130434782609,
    "k": 6,
    "obp": 0.25,
    "ops": 0.6413043478260869,
    "slg": 0.391304347826087,
    "triples": 0,
    "woba": 0.2804166666666667
  },
  "basic_pitching": null,
  "current_team_id": 136,
  "metrics": {
    "barrel_pct_last_50": 0.0,
    "chase_pct_last_50": 0.3125,
    "contact_pct_last_50": 0.3157894736842105,
    "hard_hit_pct_last_50": 0.25,
    "xwoba_last_50": 0.23458823529411765
  },
  "name": "Ben Williamson",
  "player_id": 810938,
  "player_name": "Ben Williamson",
  "recent_unicorns": [],
  "role": "hitter",
  "roles": [
    "hitter"
  ],
  "team_id": 136,
  "team_name": "SEA"
}
