{
  "basic_batting": {
    "avg": 0.2857142857142857,
    "babip": 0.2857142857142857,
    "bb": 2,
    "doubles": 0,
    "h": 2,
    "hr": 0,
    "iso": 0.0,
    "k": 1,
    "obp": 0.4,
    "ops": 0.6857142857142857,
    "slg": 0.2857142857142857,
    "triples": 0,
    "woba": 0.41
  },
  "basic_pitching": null,
  "current_team_id": 145,
  "metrics": {
    "barrel_pct_last_50": 0.0,
    "chase_pct_last_50": 0.23076923076923078,
    "contact_pct_last_50": 0.4375,
    "hard_hit_pct_last_50": 0.14285714285714285,
    "xwoba_last_50": 0.19575
  },
  "name": "Omar Narváez",
  "player_id": 553882,
  "player_name": "Omar Narváez",
  "recent_unicorns": [],
  "role": "hitter",
  "roles": [
    "hitter"
  ],
  "team_id": 145,
  "team_name": "CWS"
}
