{
  "basic_batting": {
    "avg": 0.25,
    "babip": 0.28,
    "bb": 8,
    "doubles": 2,
    "h": 9,
    "hr": 2,
    "iso": 0.2222222222222222,
    "k": 9,
    "obp": 0.4,
    "ops": 0.8722222222222222,
    "slg": 0.4722222222222222,
    "triples": 0,
    "woba": 0.3931818181818182
  },
  "basic_pitching": null,
  "current_team_id": 135,
  "metrics": {
    "barrel_pct_last_50": 0.0,
    "chase_pct_last_50": 0.22950819672131148,
    "contact_pct_last_50": 0.4482758620689655,
    "hard_hit_pct_last_50": 0.38461538461538464,
    "xwoba_last_50": 0.22891666666666666
  },
  "name": "Jake Cronenworth",
  "player_id": 630105,
  "player_name": "Jake Cronenworth",
  "recent_unicorns": [],
  "role": "hitter",
  "roles": [
    "hitter"
  ],
  "team_id": 135,
  "team_name": "SD"
}
