{
  "basic_batting": {
    "avg": 0.22727272727272727,
    "babip": 0.24390243902439024,
    "bb": 13,
    "doubles": 2,
    "h": 15,
    "hr": 5,
    "iso": 0.25757575757575757,
    "k": 22,
    "obp": 0.35365853658536583,
    "ops": 0.8385070214338507,
    "slg": 0.48484848484848486,
    "triples": 0,
    "woba": 0.36124999999999996
  },
  "basic_pitching": null,
  "current_team_id": 134,
  "metrics": {
    "barrel_pct_last_50": 0.030303030303030304,
    "chase_pct_last_50": 0.2978723404255319,
    "contact_pct_last_50": 0.3548387096774194,
    "hard_hit_pct_last_50": 0.5757575757575758,
    "xwoba_last_50": 0.34722
  },
  "name": "Oneil Cruz",
  "player_id": 665833,
  "player_name": "Oneil Cruz",
  "recent_unicorns": [],
  "role": "hitter",
  "roles": [
    "hitter"
  ],
  "team_id": 134,
  "team_name": "PIT"
}
